YSAMP_N,WATER,SITE_N,DATE_SET,DATE_COL,SEASON,DAY_N,MONTH,YEAR,DSAMP_N,TIME_START,TIME_END,GEAR,GEAR_CODE,GEAR_CODE2,EFFORT,EFFORT_UNIT,NET_N,NET_LEN,NET_HGT,TEMP_SAMP,CONDUCTIVITY,DEPTH,DEPTH_MAX,DEPTH_MIN,CL_COVER,DRIVER,CREW,NUMBER_ANGLER+AC:AGS,ANGLER_NAMES,ANGLER_HOURS,ANGLER_TRIPS,ANGLER_LOC,PROJECT,COMMENTS,SHB_N,REACH_LENGTH_M,PASS
MWT.TPP.2021.010,TPP,3,6/26/2021,6/26/2021,SUMMER,NA,NA,2021,NA,12:30,17:19,MWT,MESH,,NA,NA,NA,NA,NA,NA,NA,NA,NA,NA,NA,NA,"MEA, DAW, NSL",NA,NA,NA,NA,NA,NA,,NA,NA,NA
MWT.TPP.2021.007,TPP,3,6/26/2021,6/26/2021,SUMMER,NA,NA,2021,NA,12:30,15:27,MWT,MESH,,NA,NA,NA,NA,NA,NA,NA,NA,NA,NA,NA,NA,"MEA, DAW, NSL",NA,NA,NA,NA,NA,NA,,NA,NA,NA
MWT.TPP.2021.009,TPP,3,6/26/2021,6/26/2021,SUMMER,NA,NA,2021,NA,13:00,17:16,MWT,MMT,,NA,NA,NA,NA,NA,NA,NA,NA,NA,NA,NA,NA,,NA,NA,NA,NA,NA,NA,,NA,NA,NA
MWT.TPP.2021.008,TPP,3,6/26/2021,6/26/2021,SUMMER,NA,NA,2021,NA,13:00,15:35,MWT,MMT,,NA,NA,NA,NA,NA,NA,NA,NA,NA,NA,NA,NA,,NA,NA,NA,NA,NA,NA,,NA,NA,NA
MWT.TPP.2021.013,TPP,3,6/26/2021,6/26/2021,SUMMER,NA,NA,2021,NA,13:00,18:06,MWT,MMT,,NA,NA,NA,NA,NA,NA,NA,NA,NA,NA,NA,NA,,NA,NA,NA,NA,NA,NA,,NA,NA,NA
MWT.TPP.2021.006,TPP,3,6/26/2021,6/26/2021,SUMMER,NA,NA,2021,NA,13:00,15:17,MWT,MMT,,NA,NA,NA,NA,NA,NA,NA,NA,NA,NA,NA,NA,,NA,NA,NA,NA,NA,NA,,NA,NA,NA
MWT.TPP.2021.014,TPP,3,6/26/2021,6/26/2021,SUMMER,NA,NA,2021,NA,13:00,18:07,MWT,MMT,,NA,NA,NA,NA,NA,NA,NA,NA,NA,NA,NA,NA,,NA,NA,NA,NA,NA,NA,,NA,NA,NA
MWT.TPP.2021.023,TPP,3,6/25/2021,6/26/2021,SUMMER,NA,NA,2021,NA,18:00,9:42,MWT,MPT,,NA,NA,NA,NA,NA,NA,NA,NA,NA,NA,NA,NA,,NA,NA,NA,NA,NA,NA,,NA,NA,NA
MWT.TPP.2021.005,TPP,3,6/25/2021,6/26/2021,SUMMER,NA,NA,2021,NA,18:00,12:50,MWT,MPT,,NA,NA,NA,NA,NA,NA,NA,NA,NA,NA,NA,NA,,NA,NA,NA,NA,NA,NA,,NA,NA,NA
MWT.TPP.2021.017,TPP,3,6/25/2021,6/26/2021,SUMMER,NA,NA,2021,NA,18:00,9:21,MWT,MESH ,,NA,NA,NA,NA,NA,NA,NA,NA,NA,NA,NA,NA,,NA,NA,NA,NA,NA,NA,,NA,NA,NA
MWT.TPP.2021.018,TPP,3,6/25/2021,6/26/2021,SUMMER,NA,NA,2021,NA,18:00,9:24,MWT,MPT,,NA,NA,NA,NA,NA,NA,NA,NA,NA,NA,NA,NA,,NA,NA,NA,NA,NA,NA,,NA,NA,NA
MWT.TPP.2021.019,TPP,3,6/25/2021,6/26/2021,SUMMER,NA,NA,2021,NA,18:00,9:32,MWT,MMT,,NA,NA,NA,NA,NA,NA,NA,NA,NA,NA,NA,NA,,NA,NA,NA,NA,NA,NA,,NA,NA,NA
MWT.TPP.2021.020,TPP,3,6/25/2021,6/26/2021,SUMMER,NA,NA,2021,NA,18:00,9:34,MWT,MESH,,NA,NA,NA,NA,NA,NA,NA,NA,NA,NA,NA,NA,,NA,NA,NA,NA,NA,NA,Hole in net,NA,NA,NA
MWT.TPP.2021.021,TPP,3,6/25/2021,6/26/2021,SUMMER,NA,NA,2021,NA,18:00,9:38,MWT,MMT,,NA,NA,NA,NA,NA,NA,NA,NA,NA,NA,NA,NA,,NA,NA,NA,NA,NA,NA,,NA,NA,NA
MWT.TPP.2021.022,TPP,3,6/25/2021,6/26/2021,SUMMER,NA,NA,2021,NA,18:00,9:40,MWT,MESH,,NA,NA,NA,NA,NA,NA,NA,NA,NA,NA,NA,NA,,NA,NA,NA,NA,NA,NA,Hole in net,NA,NA,NA
MWT.TPP.2021.001,TPP,3,6/25/2021,6/26/2021,SUMMER,NA,NA,2021,NA,18:00,10:00,MWT,MESH,,NA,NA,NA,NA,NA,NA,NA,NA,NA,NA,NA,NA,,NA,NA,NA,NA,NA,NA,,NA,NA,NA
MWT.TPP.2021.002,TPP,3,6/25/2021,6/26/2021,SUMMER,NA,NA,2021,NA,18:00,10:03,MWT,MESH,,NA,NA,NA,NA,NA,NA,NA,NA,NA,NA,NA,NA,,NA,NA,NA,NA,NA,NA,,NA,NA,NA
MWT.TPP.2021.003,TPP,3,6/25/2021,6/26/2021,SUMMER,NA,NA,2021,NA,18:00,10:06,MWT,MESH,,NA,NA,NA,NA,NA,NA,NA,NA,NA,NA,NA,NA,,NA,NA,NA,NA,NA,NA,,NA,NA,NA
MWT.TPP.2021.004,TPP,3,6/25/2021,6/26/2021,SUMMER,NA,NA,2021,NA,18:00,12:00,MWT,MMT,,NA,NA,NA,NA,NA,NA,NA,NA,NA,NA,NA,NA,,NA,NA,NA,NA,NA,NA,,NA,NA,NA
MWT.TPP.2021.037,TPP,2,6/26/2021,6/27/2021,SUMMER,NA,NA,2021,NA,17:30,8:53,MWT,MMT,,NA,NA,NA,NA,NA,NA,NA,NA,NA,NA,NA,NA,,NA,NA,NA,NA,NA,NA,,NA,NA,NA
MWT.TPP.2021.042,TPP,2,6/26/2021,6/27/2021,SUMMER,NA,NA,2021,NA,17:30,9:49,MWT,MMT,,NA,NA,NA,NA,NA,NA,NA,NA,NA,NA,NA,NA,,NA,NA,NA,NA,NA,NA,,NA,NA,NA
MWT.TPP.2021.045,TPP,2,6/26/2021,6/27/2021,SUMMER,NA,NA,2021,NA,17:30,9:59,MWT,MMT,,NA,NA,NA,NA,NA,NA,NA,NA,NA,NA,NA,NA,,NA,NA,NA,NA,NA,NA,,NA,NA,NA
MWT.TPP.2021.038,TPP,2,6/26/2021,6/27/2021,SUMMER,NA,NA,2021,NA,17:30,8:54,MWT,MPT,,NA,NA,NA,NA,NA,NA,NA,NA,NA,NA,NA,NA,,NA,NA,NA,NA,NA,NA,,NA,NA,NA
MWT.TPP.2021.039,TPP,2,6/26/2021,6/27/2021,SUMMER,NA,NA,2021,NA,17:30,9:36,MWT,MESH,,NA,NA,NA,NA,NA,NA,NA,NA,NA,NA,NA,NA,,NA,NA,NA,NA,NA,NA,,NA,NA,NA
MWT.TPP.2021.040,TPP,2,6/26/2021,6/27/2021,SUMMER,NA,NA,2021,NA,17:30,9:45,MWT,MESH,,NA,NA,NA,NA,NA,NA,NA,NA,NA,NA,NA,NA,,NA,NA,NA,NA,NA,NA,HOLE IN NET ,NA,NA,NA
MWT.TPP.2021.041,TPP,2,6/26/2021,6/27/2021,SUMMER,NA,NA,2021,NA,17:30,9:47,MWT,MESH,,NA,NA,NA,NA,NA,NA,NA,NA,NA,NA,NA,NA,,NA,NA,NA,NA,NA,NA,HOLE IN NET ,NA,NA,NA
MWT.TPP.2021.043,TPP,2,6/26/2021,6/27/2021,SUMMER,NA,NA,2021,NA,17:30,9:51,MWT,MESH,,NA,NA,NA,NA,NA,NA,NA,NA,NA,NA,NA,NA,,NA,NA,NA,NA,NA,NA,HOLE IN NET ,NA,NA,NA
MWT.TPP.2021.044,TPP,2,6/26/2021,6/27/2021,SUMMER,NA,NA,2021,NA,17:30,9:54,MWT,MESH,,NA,NA,NA,NA,NA,NA,NA,NA,NA,NA,NA,NA,,NA,NA,NA,NA,NA,NA,,NA,NA,NA
MWT.TPP.2021.024,TPP,2,6/26/2021,6/27/2021,SUMMER,NA,NA,2021,NA,17:30,10:06,MWT,MPT,,NA,NA,NA,NA,NA,NA,NA,NA,NA,NA,NA,NA,,NA,NA,NA,NA,NA,NA,,NA,NA,NA
MWT.TPP.2021.025,TPP,2,6/26/2021,6/27/2021,SUMMER,NA,NA,2021,NA,18:00,10:15,MWT,MESH,,NA,NA,NA,NA,NA,NA,NA,NA,NA,NA,NA,NA,,NA,NA,NA,NA,NA,NA,,NA,NA,NA
MWT.TPP.2021.026,TPP,2,6/27/2021,6/27/2021,SUMMER,NA,NA,2021,NA,11:50,15:42,MWT,MPT,,NA,NA,NA,NA,NA,NA,NA,NA,NA,NA,NA,NA,,NA,NA,NA,NA,NA,NA,,NA,NA,NA
MWT.TPP.2021.033,TPP,2,6/27/2021,6/27/2021,SUMMER,NA,NA,2021,NA,11:50,16:05,MWT,MPT,,NA,NA,NA,NA,NA,NA,NA,NA,NA,NA,NA,NA,,NA,NA,NA,NA,NA,NA,,NA,NA,NA
MWT.TPP.2021.027,TPP,2,6/27/2021,6/27/2021,SUMMER,NA,NA,2021,NA,11:50,15:42,MWT,MMT,,NA,NA,NA,NA,NA,NA,NA,NA,NA,NA,NA,NA,,NA,NA,NA,NA,NA,NA,,NA,NA,NA
MWT.TPP.2021.035,TPP,2,6/27/2021,6/27/2021,SUMMER,NA,NA,2021,NA,11:50,15:46,MWT,MMT,,NA,NA,NA,NA,NA,NA,NA,NA,NA,NA,NA,NA,,NA,NA,NA,NA,NA,NA,,NA,NA,NA
MWT.TPP.2021.036,TPP,2,6/27/2021,6/27/2021,SUMMER,NA,NA,2021,NA,11:50,15:15,MWT,MMT,,NA,NA,NA,NA,NA,NA,NA,NA,NA,NA,NA,NA,,NA,NA,NA,NA,NA,NA,,NA,NA,NA
MWT.TPP.2021.046,TPP,1,6/27/2021,6/28/2021,SUMMER,NA,NA,2021,NA,16:04,9:00,MWT,MPT,,NA,NA,NA,NA,NA,NA,NA,NA,NA,NA,NA,NA,,NA,NA,NA,NA,NA,NA,,NA,NA,NA
MWT.TPP.2021.053,TPP,1,6/27/2021,6/28/2021,SUMMER,NA,NA,2021,NA,16:04,9:24,MWT,MPT,,NA,NA,NA,NA,NA,NA,NA,NA,NA,NA,NA,NA,,NA,NA,NA,NA,NA,NA,,NA,NA,NA
MWT.TPP.2021.047,TPP,1,6/27/2021,6/28/2021,SUMMER,NA,NA,2021,NA,16:10,9:01,MWT,MESH,,NA,NA,NA,NA,NA,NA,NA,NA,NA,NA,NA,NA,,NA,NA,NA,NA,NA,NA,,NA,NA,NA
MWT.TPP.2021.050,TPP,1,6/27/2021,6/28/2021,SUMMER,NA,NA,2021,NA,16:10,9:12,MWT,MESH,,NA,NA,NA,NA,NA,NA,NA,NA,NA,NA,NA,NA,,NA,NA,NA,NA,NA,NA,,NA,NA,NA
MWT.TPP.2021.051,TPP,1,6/27/2021,6/28/2021,SUMMER,NA,NA,2021,NA,16:10,9:14,MWT,MESH,,NA,NA,NA,NA,NA,NA,NA,NA,NA,NA,NA,NA,,NA,NA,NA,NA,NA,NA,,NA,NA,NA
MWT.TPP.2021.052,TPP,1,6/27/2021,6/28/2021,SUMMER,NA,NA,2021,NA,16:10,9:16,MWT,MESH,,NA,NA,NA,NA,NA,NA,NA,NA,NA,NA,NA,NA,,NA,NA,NA,NA,NA,NA,,NA,NA,NA
MWT.TPP.2021.054,TPP,1,6/27/2021,6/28/2021,SUMMER,NA,NA,2021,NA,16:10,9:24,MWT,MESH,,NA,NA,NA,NA,NA,NA,NA,NA,NA,NA,NA,NA,,NA,NA,NA,NA,NA,NA,,NA,NA,NA
MWT.TPP.2021.056,TPP,1,6/27/2021,6/28/2021,SUMMER,NA,NA,2021,NA,16:10,9:49,MWT,MESH,,NA,NA,NA,NA,NA,NA,NA,NA,NA,NA,NA,NA,,NA,NA,NA,NA,NA,NA,,NA,NA,NA
MWT.TPP.2021.048,TPP,1,6/27/2021,6/28/2021,SUMMER,NA,NA,2021,NA,16:00,9:02,MWT,MMT,,NA,NA,NA,NA,NA,NA,NA,NA,NA,NA,NA,NA,,NA,NA,NA,NA,NA,NA,,NA,NA,NA
MWT.TPP.2021.049,TPP,1,6/27/2021,6/28/2021,SUMMER,NA,NA,2021,NA,16:00,9:10,MWT,MMT,,NA,NA,NA,NA,NA,NA,NA,NA,NA,NA,NA,NA,,NA,NA,NA,NA,NA,NA,,NA,NA,NA
MWT.TPP.2021.055,TPP,1,6/27/2021,6/28/2021,SUMMER,NA,NA,2021,NA,16:00,9:24,MWT,MMT,,NA,NA,NA,NA,NA,NA,NA,NA,NA,NA,NA,NA,,NA,NA,NA,NA,NA,NA,,NA,NA,NA
MWT.TPP.2021.011,TPP,1,6/26/2021,6/26/2021,SUMMER,NA,NA,2021,NA,12:30,17:36,MWT,MESH,,NA,NA,NA,NA,NA,NA,NA,NA,NA,NA,NA,NA,,NA,NA,NA,NA,NA,NA,,NA,NA,NA
MWT.TPP.2021.012,TPP,1,6/26/2021,6/26/2021,SUMMER,NA,NA,2021,NA,12:30,17:44,MWT,MESH,,NA,NA,NA,NA,NA,NA,NA,NA,NA,NA,NA,NA,,NA,NA,NA,NA,NA,NA,,NA,NA,NA
MWT.TPP.2021.016,TPP,1,6/26/2021,6/26/2021,SUMMER,NA,NA,2021,NA,12:30,17:48,MWT,MESH,,NA,NA,NA,NA,NA,NA,NA,NA,NA,NA,NA,NA,,NA,NA,NA,NA,NA,NA,,NA,NA,NA
MWT.TPP.2021.015,TPP,1,6/26/2021,6/26/2021,SUMMER,NA,NA,2021,NA,12:30,18:14,MWT,MESH,,NA,NA,NA,NA,NA,NA,NA,NA,NA,NA,NA,NA,,NA,NA,NA,NA,NA,NA,,NA,NA,NA
MWT.TPP.2021.028,TPP,2,6/27/2021,6/27/2021,SUMMER,NA,NA,2021,NA,11:50,15:45,MWT,MESH,,NA,NA,NA,NA,NA,NA,NA,NA,NA,NA,NA,NA,,NA,NA,NA,NA,NA,NA,,NA,NA,NA
MWT.TPP.2021.029,TPP,2,6/27/2021,6/27/2021,SUMMER,NA,NA,2021,NA,11:50,15:48,MWT,MESH,,NA,NA,NA,NA,NA,NA,NA,NA,NA,NA,NA,NA,,NA,NA,NA,NA,NA,NA,,NA,NA,NA
MWT.TPP.2021.030,TPP,2,6/27/2021,6/27/2021,SUMMER,NA,NA,2021,NA,11:50,15:50,MWT,MESH,,NA,NA,NA,NA,NA,NA,NA,NA,NA,NA,NA,NA,,NA,NA,NA,NA,NA,NA,,NA,NA,NA
MWT.TPP.2021.031,TPP,2,6/27/2021,6/27/2021,SUMMER,NA,NA,2021,NA,11:50,15:52,MWT,MESH,,NA,NA,NA,NA,NA,NA,NA,NA,NA,NA,NA,NA,,NA,NA,NA,NA,NA,NA,,NA,NA,NA
MWT.TPP.2021.032,TPP,2,6/27/2021,6/27/2021,SUMMER,NA,NA,2021,NA,11:50,16:00,MWT,MESH,,NA,NA,NA,NA,NA,NA,NA,NA,NA,NA,NA,NA,,NA,NA,NA,NA,NA,NA,,NA,NA,NA
MWT.TPP.2021.034,TPP,2,6/27/2021,6/27/2021,SUMMER,NA,NA,2021,NA,11:50,16:05,MWT,MESH,,NA,NA,NA,NA,NA,NA,NA,NA,NA,NA,NA,NA,,NA,NA,NA,NA,NA,NA,,NA,NA,NA
MWT.TPP.2021.065,TPP,1A,8/19/2021,8/20/2021,SUMMER,NA,NA,2021,NA,13:30,15:35,MWT,MESH,,NA,NA,NA,NA,NA,NA,NA,NA,NA,NA,NA,NA,,NA,NA,NA,NA,NA,NA,,NA,NA,NA
MWT.TPP.2021.066,TPP,1A,8/19/2021,8/20/2021,SUMMER,NA,NA,2021,NA,13:30,15:35,MWT,MPT,,NA,NA,NA,NA,NA,NA,NA,NA,NA,NA,NA,NA,,NA,NA,NA,NA,NA,NA,,NA,NA,NA
MWT.TPP.2021.067,TPP,1B,8/19/2021,8/20/2021,SUMMER,NA,NA,2021,NA,13:30,15:41,MWT,MESH,,NA,NA,NA,NA,NA,NA,NA,NA,NA,NA,NA,NA,,NA,NA,NA,NA,NA,NA,,NA,NA,NA
MWT.TPP.2021.068,TPP,1B,8/19/2021,8/20/2021,SUMMER,NA,NA,2021,NA,13:30,15:41,MWT,MPT,,NA,NA,NA,NA,NA,NA,NA,NA,NA,NA,NA,NA,,NA,NA,NA,NA,NA,NA,,NA,NA,NA
MWT.TPP.2021.063,TPP,2B,8/19/2021,8/20/2021,SUMMER,NA,NA,2021,NA,13:30,15:30,MWT,MESH,,NA,NA,NA,NA,NA,NA,NA,NA,NA,NA,NA,NA,,NA,NA,NA,NA,NA,NA,HOLE IN NET,NA,NA,NA
MWT.TPP.2021.064,TPP,2B,8/19/2021,8/20/2021,SUMMER,NA,NA,2021,NA,13:30,15:30,MWT,MPT,,NA,NA,NA,NA,NA,NA,NA,NA,NA,NA,NA,NA,,NA,NA,NA,NA,NA,NA,,NA,NA,NA
MWT.TPP.2021.061,TPP,2A,8/19/2021,8/20/2021,SUMMER,NA,NA,2021,NA,13:30,15:12,MWT,MPT,,NA,NA,NA,NA,NA,NA,NA,NA,NA,NA,NA,NA,,NA,NA,NA,NA,NA,NA,,NA,NA,NA
MWT.TPP.2021.062,TPP,2A,8/19/2021,8/20/2021,SUMMER,NA,NA,2021,NA,13:30,15:12,MWT,MESH,,NA,NA,NA,NA,NA,NA,NA,NA,NA,NA,NA,NA,,NA,NA,NA,NA,NA,NA,,NA,NA,NA
MWT.TPP.2021.057,TPP,2C,8/19/2021,8/20/2021,SUMMER,NA,NA,2021,NA,13:30,14:57,MWT,MPT,,NA,NA,NA,NA,NA,NA,NA,NA,NA,NA,NA,NA,,NA,NA,NA,NA,NA,NA,,NA,NA,NA
MWT.TPP.2021.058,TPP,2C,8/19/2021,8/20/2021,SUMMER,NA,NA,2021,NA,13:30,14:57,MWT,MESH,,NA,NA,NA,NA,NA,NA,NA,NA,NA,NA,NA,NA,,NA,NA,NA,NA,NA,NA,,NA,NA,NA
MWT.TPP.2021.059,TPP,3C,8/19/2021,8/20/2021,SUMMER,NA,NA,2021,NA,13:30,15:05,MWT,MPT,,NA,NA,NA,NA,NA,NA,NA,NA,NA,NA,NA,NA,,NA,NA,NA,NA,NA,NA,,NA,NA,NA
MWT.TPP.2021.060,TPP,3C,8/19/2021,8/20/2021,SUMMER,NA,NA,2021,NA,13:30,15:05,MWT,MESH,,NA,NA,NA,NA,NA,NA,NA,NA,NA,NA,NA,NA,,NA,NA,NA,NA,NA,NA,HOLE IN NET REMOVED TO SEW,NA,NA,NA
MWT.TPP.2021.069,TPP,3A,8/20/2021,8/20/2021,SUMMER,NA,NA,2021,NA,16:00,16:13,MWT,MESH,,NA,NA,NA,NA,NA,NA,NA,NA,NA,NA,NA,NA,,NA,NA,NA,NA,NA,NA,,NA,NA,NA
MWT.TPP.2021.070,TPP,3A,8/20/2021,8/20/2021,SUMMER,NA,NA,2021,NA,16:00,16:13,MWT,MPT,,NA,NA,NA,NA,NA,NA,NA,NA,NA,NA,NA,NA,,NA,NA,NA,NA,NA,NA,,NA,NA,NA
MWT.TPP.2021.071,TPP,3B,8/20/2021,8/20/2021,SUMMER,NA,NA,2021,NA,16:00,16:36,MWT,MESH,,NA,NA,NA,NA,NA,NA,NA,NA,NA,NA,NA,NA,,NA,NA,NA,NA,NA,NA,,NA,NA,NA
MWT.TPP.2021.072,TPP,3B,8/20/2021,8/20/2021,SUMMER,NA,NA,2021,NA,16:00,16:36,MWT,MPT,,NA,NA,NA,NA,NA,NA,NA,NA,NA,NA,NA,NA,,NA,NA,NA,NA,NA,NA,,NA,NA,NA
MWT.TPP.2021.093,TPP,1A,8/20/2021,8/21/2021,SUMMER,NA,NA,2021,NA,16:13,9:13,MWT,MPT,,NA,NA,NA,NA,NA,NA,NA,NA,NA,NA,NA,NA,,NA,NA,NA,NA,NA,NA,,NA,NA,NA
MWT.TPP.2021.094,TPP,1A,8/20/2021,8/21/2021,SUMMER,NA,NA,2021,NA,16:13,9:13,MWT,MESH,,NA,NA,NA,NA,NA,NA,NA,NA,NA,NA,NA,NA,,NA,NA,NA,NA,NA,NA,,NA,NA,NA
MWT.TPP.2021.095,TPP,1B,8/20/2021,8/21/2021,SUMMER,NA,NA,2021,NA,16:36,9:23,MWT,MESH,,NA,NA,NA,NA,NA,NA,NA,NA,NA,NA,NA,NA,,NA,NA,NA,NA,NA,NA,,NA,NA,NA
MWT.TPP.2021.096,TPP,1B,8/20/2021,8/21/2021,SUMMER,NA,NA,2021,NA,16:36,9:23,MWT,MPT,,NA,NA,NA,NA,NA,NA,NA,NA,NA,NA,NA,NA,,NA,NA,NA,NA,NA,NA,,NA,NA,NA
MWT.TPP.2021.073,TPP,1A,8/20/2021,8/21/2021,SUMMER,NA,NA,2021,NA,16:53,10:30,MWT,MESH,,NA,NA,NA,NA,NA,NA,NA,NA,NA,NA,NA,NA,,NA,NA,NA,NA,NA,NA,,NA,NA,NA
MWT.TPP.2021.074,TPP,1A,8/20/2021,8/21/2021,SUMMER,NA,NA,2021,NA,16:53,10:30,MWT,MPT,,NA,NA,NA,NA,NA,NA,NA,NA,NA,NA,NA,NA,,NA,NA,NA,NA,NA,NA,,NA,NA,NA
MWT.TPP.2021.075,TPP,1B,8/20/2021,8/21/2021,SUMMER,NA,NA,2021,NA,14:57,10:35,MWT,MESH,,NA,NA,NA,NA,NA,NA,NA,NA,NA,NA,NA,NA,,NA,NA,NA,NA,NA,NA,,NA,NA,NA
MWT.TPP.2021.076,TPP,1B,8/20/2021,8/21/2021,SUMMER,NA,NA,2021,NA,14:57,10:35,MWT,MPT,,NA,NA,NA,NA,NA,NA,NA,NA,NA,NA,NA,NA,,NA,NA,NA,NA,NA,NA,,NA,NA,NA
MWT.TPP.2021.077,TPP,1C,8/20/2021,8/21/2021,SUMMER,NA,NA,2021,NA,15:05,10:40,MWT,MESH,,NA,NA,NA,NA,NA,NA,NA,NA,NA,NA,NA,NA,,NA,NA,NA,NA,NA,NA,,NA,NA,NA
MWT.TPP.2021.078,TPP,1C,8/20/2021,8/21/2021,SUMMER,NA,NA,2021,NA,15:05,10:40,MWT,MPT,,NA,NA,NA,NA,NA,NA,NA,NA,NA,NA,NA,NA,,NA,NA,NA,NA,NA,NA,,NA,NA,NA
MWT.TPP.2021.079,TPP,3A,8/20/2021,8/21/2021,SUMMER,NA,NA,2021,NA,15:12,10:47,MWT,MESH,,NA,NA,NA,NA,NA,NA,NA,NA,NA,NA,NA,NA,,NA,NA,NA,NA,NA,NA,,NA,NA,NA
MWT.TPP.2021.080,TPP,3A,8/20/2021,8/21/2021,SUMMER,NA,NA,2021,NA,15:12,10:47,MWT,MPT,,NA,NA,NA,NA,NA,NA,NA,NA,NA,NA,NA,NA,,NA,NA,NA,NA,NA,NA,,NA,NA,NA
MWT.TPP.2021.081,TPP,3B,8/20/2021,8/21/2021,SUMMER,NA,NA,2021,NA,15:30,11:15,MWT,MESH,,NA,NA,NA,NA,NA,NA,NA,NA,NA,NA,NA,NA,,NA,NA,NA,NA,NA,NA,,NA,NA,NA
MWT.TPP.2021.082,TPP,3B,8/20/2021,8/21/2021,SUMMER,NA,NA,2021,NA,15:30,11:15,MWT,MPT,,NA,NA,NA,NA,NA,NA,NA,NA,NA,NA,NA,NA,,NA,NA,NA,NA,NA,NA,,NA,NA,NA
MWT.TPP.2021.083,TPP,3C,8/20/2021,8/21/2021,SUMMER,NA,NA,2021,NA,15:30,11:23,MWT,MESH ,,NA,NA,NA,NA,NA,NA,NA,NA,NA,NA,NA,NA,,NA,NA,NA,NA,NA,NA,HOLE IN NET,NA,NA,NA
MWT.TPP.2021.084,TPP,3C,8/20/2021,8/21/2021,SUMMER,NA,NA,2021,NA,15:30,11:23,MWT,MPT,,NA,NA,NA,NA,NA,NA,NA,NA,NA,NA,NA,NA,,NA,NA,NA,NA,NA,NA,,NA,NA,NA
MWT.TPP.2021.085,TPP,2C,8/20/2021,8/21/2021,SUMMER,NA,NA,2021,NA,15:35,11:30,MWT,MESH,,NA,NA,NA,NA,NA,NA,NA,NA,NA,NA,NA,NA,,NA,NA,NA,NA,NA,NA,,NA,NA,NA
MWT.TPP.2021.086,TPP,2C,8/20/2021,8/21/2021,SUMMER,NA,NA,2021,NA,15:35,11:30,MWT,MPT,,NA,NA,NA,NA,NA,NA,NA,NA,NA,NA,NA,NA,,NA,NA,NA,NA,NA,NA,,NA,NA,NA
MWT.TPP.2021.087,TPP,3C,8/20/2021,8/21/2021,SUMMER,NA,NA,2021,NA,15:41,11:39,MWT,MESH,,NA,NA,NA,NA,NA,NA,NA,NA,NA,NA,NA,NA,,NA,NA,NA,NA,NA,NA,,NA,NA,NA
MWT.TPP.2021.088,TPP,3C,8/20/2021,8/21/2021,SUMMER,NA,NA,2021,NA,15:41,11:39,MWT,MPT,,NA,NA,NA,NA,NA,NA,NA,NA,NA,NA,NA,NA,,NA,NA,NA,NA,NA,NA,,NA,NA,NA
MWT.TPP.2021.089,TPP,2B,8/21/2021,8/21/2021,SUMMER,NA,NA,2021,NA,10:30,12:28,MWT,MESH,,NA,NA,NA,NA,NA,NA,NA,NA,NA,NA,NA,NA,,NA,NA,NA,NA,NA,NA,,NA,NA,NA
MWT.TPP.2021.090,TPP,2B,8/21/2021,8/21/2021,SUMMER,NA,NA,2021,NA,10:30,12:30,MWT,MESH,,NA,NA,NA,NA,NA,NA,NA,NA,NA,NA,NA,NA,,NA,NA,NA,NA,NA,NA,,NA,NA,NA
MWT.TPP.2021.091,TPP,2A,8/21/2021,8/21/2021,SUMMER,NA,NA,2021,NA,10:30,12:33,MWT,MESH,,NA,NA,NA,NA,NA,NA,NA,NA,NA,NA,NA,NA,,NA,NA,NA,NA,NA,NA,,NA,NA,NA
MWT.TPP.2021.092,TPP,2A,8/21/2021,8/21/2021,SUMMER,NA,NA,2021,NA,10:30,12:36,MWT,MESH,,NA,NA,NA,NA,NA,NA,NA,NA,NA,NA,NA,NA,,NA,NA,NA,NA,NA,NA,,NA,NA,NA
MWT.TPP.2021.117,TPP,4B,8/21/2021,8/22/2021,SUMMER,NA,NA,2021,NA,11:15,15:29,MWT,MESH,,NA,NA,NA,NA,NA,NA,NA,NA,NA,NA,NA,NA,,NA,NA,NA,NA,NA,NA,HOLE IN TRAP; NO PLASTIC TRAP PAIR,NA,NA,NA
MWT.TPP.2021.118,TPP,4C,8/21/2021,8/22/2021,SUMMER,NA,NA,2021,NA,11:30,15:29,MWT,MPT,,NA,NA,NA,NA,NA,NA,NA,NA,NA,NA,NA,NA,,NA,NA,NA,NA,NA,NA,,NA,NA,NA
MWT.TPP.2021.120,TPP,4D,8/21/2021,8/22/2021,SUMMER,NA,NA,2021,NA,11:30,15:42,MWT,MESH,,NA,NA,NA,NA,NA,NA,NA,NA,NA,NA,NA,NA,,NA,NA,NA,NA,NA,NA,,NA,NA,NA
MWT.TPP.2021.122,TPP,4A,8/21/2021,8/22/2021,SUMMER,NA,NA,2021,NA,11:35,15:52,MWT,MESH,,NA,NA,NA,NA,NA,NA,NA,NA,NA,NA,NA,NA,,NA,NA,NA,NA,NA,NA,,NA,NA,NA
MWT.TPP.2021.103,TPP,2C,8/22/2021,8/22/2021,SUMMER,NA,NA,2021,NA,13:48,14:17,MWT,MESH,,NA,NA,NA,NA,NA,NA,NA,NA,NA,NA,NA,NA,,NA,NA,NA,NA,NA,NA,,NA,NA,NA
MWT.TPP.2021.105,TPP,2B,8/21/2021,8/22/2021,SUMMER,NA,NA,2021,NA,12:36,14:34,MWT,MESH,DOG FOOD,NA,NA,NA,NA,NA,NA,NA,NA,NA,NA,NA,NA,,NA,NA,NA,NA,NA,NA,,NA,NA,NA
MWT.TPP.2021.102,TPP,2B,8/21/2021,8/22/2021,SUMMER,NA,NA,2021,NA,10:30,13:56,MWT,MESH,,NA,NA,NA,NA,NA,NA,NA,NA,NA,NA,NA,NA,,NA,NA,NA,NA,NA,NA,,NA,NA,NA
MWT.TPP.2021.099,TPP,2A,8/21/2021,8/22/2021,SUMMER,NA,NA,2021,NA,9:23,13:54,MWT,MPT,,NA,NA,NA,NA,NA,NA,NA,NA,NA,NA,NA,NA,,NA,NA,NA,NA,NA,NA,CONTINUED FROM OTHER SHEET? NOT SURE WHERE THIS SHEET IT,NA,NA,NA
MWT.TPP.2021.109,TPP,1A,8/21/2021,8/22/2021,SUMMER,NA,NA,2021,NA,10:35,14:51,MWT,MESH,,NA,NA,NA,NA,NA,NA,NA,NA,NA,NA,NA,NA,,NA,NA,NA,NA,NA,NA,,NA,NA,NA
MWT.TPP.2021.110,TPP,4A,8/21/2021,8/22/2021,SUMMER,NA,NA,2021,NA,10:35,14:51,MWT,MPT,,NA,NA,NA,NA,NA,NA,NA,NA,NA,NA,NA,NA,,NA,NA,NA,NA,NA,NA,TRAP OPEN,NA,NA,NA
MWT.TPP.2021.106,TPP,1C,8/21/2021,8/22/2021,SUMMER,NA,NA,2021,NA,12:28,14:39,MWT,MESH ,DOG FOOD,NA,NA,NA,NA,NA,NA,NA,NA,NA,NA,NA,NA,,NA,NA,NA,NA,NA,NA,,NA,NA,NA
MWT.TPP.2021.108,TPP,1B,8/21/2021,8/22/2021,SUMMER,NA,NA,2021,NA,12:30,14:41,MWT,MESH,DOG FOOD,NA,NA,NA,NA,NA,NA,NA,NA,NA,NA,NA,NA,,NA,NA,NA,NA,NA,NA,,NA,NA,NA
MWT.TPP.2021.112,TPP,3A,8/21/2021,8/22/2021,SUMMER,NA,NA,2021,NA,10:40,14:56,MWT,MPT,,NA,NA,NA,NA,NA,NA,NA,NA,NA,NA,NA,NA,,NA,NA,NA,NA,NA,NA,,NA,NA,NA
MWT.TPP.2021.113,TPP,3A,8/21/2021,8/22/2021,SUMMER,NA,NA,2021,NA,10:40,14:56,MWT,MESH,,NA,NA,NA,NA,NA,NA,NA,NA,NA,NA,NA,NA,,NA,NA,NA,NA,NA,NA,,NA,NA,NA
MWT.TPP.2021.114,TPP,4B,8/21/2021,8/22/2021,SUMMER,NA,NA,2021,NA,10:47,14:59,MWT,MPT,,NA,NA,NA,NA,NA,NA,NA,NA,NA,NA,NA,NA,,NA,NA,NA,NA,NA,NA,,NA,NA,NA
MWT.TPP.2021.115,TPP,4C,8/21/2021,8/22/2021,SUMMER,NA,NA,2021,NA,10:47,14:59,MWT,MESH,,NA,NA,NA,NA,NA,NA,NA,NA,NA,NA,NA,NA,,NA,NA,NA,NA,NA,NA,,NA,NA,NA
MWT.TPP.2021.107,TPP,3B,8/22/2021,8/22/2021,SUMMER,NA,NA,2021,NA,14:00,14:39,MWT,MESH,,NA,NA,NA,NA,NA,NA,NA,NA,NA,NA,NA,NA,,NA,NA,NA,NA,NA,NA,,NA,NA,NA
MWT.TPP.2021.104,TPP,3B,8/22/2021,8/22/2021,SUMMER,NA,NA,2021,NA,15:00,15:39,MWT,MESH,,NA,NA,NA,NA,NA,NA,NA,NA,NA,NA,NA,NA,,NA,NA,NA,NA,NA,NA,,NA,NA,NA
MWT.TPP.2021.123,TPP,3C,8/22/2021,8/22/2021,SUMMER,NA,NA,2021,NA,15:30,15:56,MWT,MESH,,NA,NA,NA,NA,NA,NA,NA,NA,NA,NA,NA,NA,,NA,NA,NA,NA,NA,NA,,NA,NA,NA
MWT.TPP.2021.111,TPP,3C,8/22/2021,8/22/2021,SUMMER,NA,NA,2021,NA,14:00,14:54,MWT,MESH,,NA,NA,NA,NA,NA,NA,NA,NA,NA,NA,NA,NA,,NA,NA,NA,NA,NA,NA,,NA,NA,NA
MWT.TPP.2021.119,TPP,1C,8/22/2021,8/22/2021,SUMMER,NA,NA,2021,NA,14:54,15:40,MWT,MESH,,NA,NA,NA,NA,NA,NA,NA,NA,NA,NA,NA,NA,,NA,NA,NA,NA,NA,NA,,NA,NA,NA
MWT.TPP.2021.116,TPP,1C,8/22/2021,8/22/2021,SUMMER,NA,NA,2021,NA,14:00,15:02,MWT,MESH,,NA,NA,NA,NA,NA,NA,NA,NA,NA,NA,NA,NA,,NA,NA,NA,NA,NA,NA,,NA,NA,NA
MWT.TPP.2021.121,TPP,1C,8/22/2021,8/22/2021,SUMMER,NA,NA,2021,NA,15:02,15:45,MWT,MESH,,NA,NA,NA,NA,NA,NA,NA,NA,NA,NA,NA,NA,,NA,NA,NA,NA,NA,NA,,NA,NA,NA
MWT.TPP.2021.124,TPP,1B,8/22/2021,8/22/2021,SUMMER,NA,NA,2021,NA,15:45,16:05,MWT,MESH,,NA,NA,NA,NA,NA,NA,NA,NA,NA,NA,NA,NA,,NA,NA,NA,NA,NA,NA,,NA,NA,NA
MWT.LOP.2021.045,LOP,1B,6/20/2021,6/21/2021,SUMMER,NA,NA,2021,NA,19:00,11:00,MWT,MESH,,NA,NA,NA,NA,NA,NA,NA,NA,NA,NA,NA,NA,,NA,NA,NA,NA,NA,NA,,NA,NA,NA
MWT.LOP.2021.046,LOP,1A,6/20/2021,6/21/2021,SUMMER,NA,NA,2021,NA,19:00,11:10,MWT,MESH,,NA,NA,NA,NA,NA,NA,NA,NA,NA,NA,NA,NA,,NA,NA,NA,NA,NA,NA,,NA,NA,NA
MWT.LOP.2021.047,LOP,1A,6/20/2021,6/21/2021,SUMMER,NA,NA,2021,NA,19:00,11:30,MWT,MPT,,NA,NA,NA,NA,NA,NA,NA,NA,NA,NA,NA,NA,,NA,NA,NA,NA,NA,NA,,NA,NA,NA
MWT.LOP.2021.048,LOP,1A,6/20/2021,6/21/2021,SUMMER,NA,NA,2021,NA,19:00,11:35,MWT,MMT,,NA,NA,NA,NA,NA,NA,NA,NA,NA,NA,NA,NA,,NA,NA,NA,NA,NA,NA,,NA,NA,NA
MWT.LOP.2021.049,LOP,1,6/20/2021,6/21/2021,SUMMER,NA,NA,2021,NA,19:00,11:40,MWT,MESH,,NA,NA,NA,NA,NA,NA,NA,NA,NA,NA,NA,NA,,NA,NA,NA,NA,NA,NA,,NA,NA,NA
MWT.LOP.2021.042,LOP,1,6/20/2021,6/21/2021,SUMMER,NA,NA,2021,NA,19:00,10:00,MWT,MPT,,NA,NA,NA,NA,NA,NA,NA,NA,NA,NA,NA,NA,,NA,NA,NA,NA,NA,NA,,NA,NA,NA
MWT.LOP.2021.043,LOP,1,6/20/2021,6/21/2021,SUMMER,NA,NA,2021,NA,19:00,10:15,MWT,MMT,,NA,NA,NA,NA,NA,NA,NA,NA,NA,NA,NA,NA,,NA,NA,NA,NA,NA,NA,,NA,NA,NA
MWT.LOP.2021.044,LOP,1,6/20/2021,6/21/2021,SUMMER,NA,NA,2021,NA,19:00,10:45,MWT,MMT,,NA,NA,NA,NA,NA,NA,NA,NA,NA,NA,NA,NA,,NA,NA,NA,NA,NA,NA,,NA,NA,NA
MWT.LOP.2021.050,LOP,1,6/20/2021,6/21/2021,SUMMER,NA,NA,2021,NA,19:00,9:30,MWT,MPT,,NA,NA,NA,NA,NA,NA,NA,NA,NA,NA,NA,NA,,NA,NA,NA,NA,NA,NA,,NA,NA,NA
MWT.LOP.2021.051,LOP,1,6/20/2021,6/21/2021,SUMMER,NA,NA,2021,NA,19:00,9:45,MWT,MESH,,NA,NA,NA,NA,NA,NA,NA,NA,NA,NA,NA,NA,,NA,NA,NA,NA,NA,NA,,NA,NA,NA
MWT.LOP.2021.052,LOP,1,6/20/2021,6/21/2021,SUMMER,NA,NA,2021,NA,19:00,9:50,MWT,MESH,,NA,NA,NA,NA,NA,NA,NA,NA,NA,NA,NA,NA,,NA,NA,NA,NA,NA,NA,,NA,NA,NA
MWT.LOP.2021.037,LOP,1,6/20/2021,6/20/2021,SUMMER,NA,NA,2021,NA,15:30,18:36,MWT,MMT,,NA,NA,NA,NA,NA,NA,NA,NA,NA,NA,NA,NA,,NA,NA,NA,NA,NA,NA,,NA,NA,NA
MWT.LOP.2021.038,LOP,1,6/20/2021,6/20/2021,SUMMER,NA,NA,2021,NA,15:30,18:41,MWT,MESH,,NA,NA,NA,NA,NA,NA,NA,NA,NA,NA,NA,NA,,NA,NA,NA,NA,NA,NA,,NA,NA,NA
MWT.LOP.2021.039,LOP,1,6/20/2021,6/20/2021,SUMMER,NA,NA,2021,NA,15:30,18:43,MWT,MESH,,NA,NA,NA,NA,NA,NA,NA,NA,NA,NA,NA,NA,,NA,NA,NA,NA,NA,NA,,NA,NA,NA
MWT.LOP.2021.040,LOP,1,6/20/2021,6/20/2021,SUMMER,NA,NA,2021,NA,15:30,18:53,MWT,MESH,,NA,NA,NA,NA,NA,NA,NA,NA,NA,NA,NA,NA,,NA,NA,NA,NA,NA,NA,,NA,NA,NA
MWT.LOP.2021.022,LOP,2,6/19/2021,6/20/2021,SUMMER,NA,NA,2021,NA,11:00,12:14,MWT,MESH,,NA,NA,NA,NA,NA,NA,NA,NA,NA,NA,NA,NA,,NA,NA,NA,NA,NA,NA,,NA,NA,NA
MWT.LOP.2021.023,LOP,2,6/19/2021,6/20/2021,SUMMER,NA,NA,2021,NA,11:00,12:20,MWT,MESH,,NA,NA,NA,NA,NA,NA,NA,NA,NA,NA,NA,NA,,NA,NA,NA,NA,NA,NA,,NA,NA,NA
MWT.LOP.2021.024,LOP,2,6/19/2021,6/20/2021,SUMMER,NA,NA,2021,NA,11:00,12:23,MWT,MMT,,NA,NA,NA,NA,NA,NA,NA,NA,NA,NA,NA,NA,,NA,NA,NA,NA,NA,NA,,NA,NA,NA
MWT.LOP.2021.025,LOP,2,6/19/2021,6/20/2021,SUMMER,NA,NA,2021,NA,11:00,12:30,MWT,MMT,,NA,NA,NA,NA,NA,NA,NA,NA,NA,NA,NA,NA,,NA,NA,NA,NA,NA,NA,,NA,NA,NA
MWT.LOP.2021.018,LOP,3,6/19/2021,6/20/2021,SUMMER,NA,NA,2021,NA,12:00,10:13,MWT,MESH,,NA,NA,NA,NA,NA,NA,NA,NA,NA,NA,NA,NA,,NA,NA,NA,NA,NA,NA,,NA,NA,NA
MWT.LOP.2021.019,LOP,3,6/19/2021,6/20/2021,SUMMER,NA,NA,2021,NA,12:00,10:14,MWT,MMT,,NA,NA,NA,NA,NA,NA,NA,NA,NA,NA,NA,NA,,NA,NA,NA,NA,NA,NA,,NA,NA,NA
MWT.LOP.2021.020,LOP,3,6/19/2021,6/20/2021,SUMMER,NA,NA,2021,NA,12:00,10:24,MWT,MMT,,NA,NA,NA,NA,NA,NA,NA,NA,NA,NA,NA,NA,,NA,NA,NA,NA,NA,NA,,NA,NA,NA
MWT.LOP.2021.021,LOP,3,6/19/2021,6/20/2021,SUMMER,NA,NA,2021,NA,12:00,10:34,MWT,MESH,,NA,NA,NA,NA,NA,NA,NA,NA,NA,NA,NA,NA,,NA,NA,NA,NA,NA,NA,,NA,NA,NA
MWT.LOP.2021.041,LOP,3,6/19/2021,6/20/2021,SUMMER,NA,NA,2021,NA,12:00,9:48,MWT,MESH,,NA,NA,NA,NA,NA,NA,NA,NA,NA,NA,NA,NA,,NA,NA,NA,NA,NA,NA,,NA,NA,NA
MWT.LOP.2021.015,LOP,3,6/19/2021,6/20/2021,SUMMER,NA,NA,2021,NA,12:00,10:00,MWT,MESH,,NA,NA,NA,NA,NA,NA,NA,NA,NA,NA,NA,NA,,NA,NA,NA,NA,NA,NA,,NA,NA,NA
MWT.LOP.2021.016,LOP,3,6/19/2021,6/20/2021,SUMMER,NA,NA,2021,NA,12:00,10:03,MWT,MPT,,NA,NA,NA,NA,NA,NA,NA,NA,NA,NA,NA,NA,,NA,NA,NA,NA,NA,NA,,NA,NA,NA
MWT.LOP.2021.017,LOP,3,6/19/2021,6/20/2021,SUMMER,NA,NA,2021,NA,12:00,10:07,MWT,MMT,,NA,NA,NA,NA,NA,NA,NA,NA,NA,NA,NA,NA,,NA,NA,NA,NA,NA,NA,,NA,NA,NA
MWT.LOP.2021.026,LOP,3,6/19/2021,6/20/2021,SUMMER,NA,NA,2021,NA,12:00,14:10,MWT,MMT,,NA,NA,NA,NA,NA,NA,NA,NA,NA,NA,NA,NA,,NA,NA,NA,NA,NA,NA,,NA,NA,NA
MWT.LOP.2021.027,LOP,3,6/19/2021,6/20/2021,SUMMER,NA,NA,2021,NA,12:00,15:15,MWT,MESH,,NA,NA,NA,NA,NA,NA,NA,NA,NA,NA,NA,NA,,NA,NA,NA,NA,NA,NA,,NA,NA,NA
MWT.LOP.2021.029,LOP,3,6/19/2021,6/20/2021,SUMMER,NA,NA,2021,NA,12:00,15:30,MWT,MMT,,NA,NA,NA,NA,NA,NA,NA,NA,NA,NA,NA,NA,,NA,NA,NA,NA,NA,NA,,NA,NA,NA
MWT.LOP.2021.028,LOP,3,6/19/2021,6/20/2021,SUMMER,NA,NA,2021,NA,12:30,15:24,MWT,MESH,,NA,NA,NA,NA,NA,NA,NA,NA,NA,NA,NA,NA,,NA,NA,NA,NA,NA,NA,,NA,NA,NA
MWT.LOP.2021.031,LOP,1,6/19/2021,6/20/2021,SUMMER,NA,NA,2021,NA,12:30,17:49,MWT,MPT,,NA,NA,NA,NA,NA,NA,NA,NA,NA,NA,NA,NA,,NA,NA,NA,NA,NA,NA,,NA,NA,NA
MWT.LOP.2021.032,LOP,1,6/19/2021,6/20/2021,SUMMER,NA,NA,2021,NA,12:30,17:50,MWT,MESH,,NA,NA,NA,NA,NA,NA,NA,NA,NA,NA,NA,NA,,NA,NA,NA,NA,NA,NA,,NA,NA,NA
MWT.LOP.2021.033,LOP,1,6/19/2021,6/20/2021,SUMMER,NA,NA,2021,NA,12:30,17:54,MWT,MESH,,NA,NA,NA,NA,NA,NA,NA,NA,NA,NA,NA,NA,,NA,NA,NA,NA,NA,NA,,NA,NA,NA
MWT.LOP.2021.034,LOP,1,6/19/2021,6/20/2021,SUMMER,NA,NA,2021,NA,12:30,17:55,MWT,MPT,,NA,NA,NA,NA,NA,NA,NA,NA,NA,NA,NA,NA,,NA,NA,NA,NA,NA,NA,,NA,NA,NA
MWT.LOP.2021.030,LOP,1,6/19/2021,6/20/2021,SUMMER,NA,NA,2021,NA,12:30,15:56,MWT,MMT,,NA,NA,NA,NA,NA,NA,NA,NA,NA,NA,NA,NA,,NA,NA,NA,NA,NA,NA,,NA,NA,NA
MWT.LOP.2021.035,LOP,1,6/19/2021,6/20/2021,SUMMER,NA,NA,2021,NA,12:30,17:59,MWT,MPT,,NA,NA,NA,NA,NA,NA,NA,NA,NA,NA,NA,NA,,NA,NA,NA,NA,NA,NA,,NA,NA,NA
MWT.LOP.2021.036,LOP,1,6/19/2021,6/20/2021,SUMMER,NA,NA,2021,NA,12:30,17:59,MWT,MMT,,NA,NA,NA,NA,NA,NA,NA,NA,NA,NA,NA,NA,,NA,NA,NA,NA,NA,NA,,NA,NA,NA
MWT.LOP.2021.011,LOP,1,6/18/2021,6/19/2021,SUMMER,NA,NA,2021,NA,17:00,13:13,MWT,MMT,,NA,NA,NA,NA,NA,NA,NA,NA,NA,NA,NA,NA,,NA,NA,NA,NA,NA,NA,,NA,NA,NA
MWT.LOP.2021.012,LOP,1,6/18/2021,6/19/2021,SUMMER,NA,NA,2021,NA,11:00,13:16,MWT,MESH,,NA,NA,NA,NA,NA,NA,NA,NA,NA,NA,NA,NA,,NA,NA,NA,NA,NA,NA,,NA,NA,NA
MWT.LOP.2021.009,LOP,1,6/18/2021,6/19/2021,SUMMER,NA,NA,2021,NA,11:00,12:44,MWT,MPT,,NA,NA,NA,NA,NA,NA,NA,NA,NA,NA,NA,NA,,NA,NA,NA,NA,NA,NA,,NA,NA,NA
MWT.LOP.2021.010,LOP,1,6/18/2021,6/19/2021,SUMMER,NA,NA,2021,NA,11:00,12:47,MWT,MESH,,NA,NA,NA,NA,NA,NA,NA,NA,NA,NA,NA,NA,,NA,NA,NA,NA,NA,NA,,NA,NA,NA
MWT.LOP.2021.013,LOP,2,6/18/2021,6/19/2021,SUMMER,NA,NA,2021,NA,17:00,9:47,MWT,MESH,,NA,NA,NA,NA,NA,NA,NA,NA,NA,NA,NA,NA,,NA,NA,NA,NA,NA,NA,,NA,NA,NA
MWT.LOP.2021.014,LOP,2,6/18/2021,6/19/2021,SUMMER,NA,NA,2021,NA,17:00,9:49,MWT,MPT,,NA,NA,NA,NA,NA,NA,NA,NA,NA,NA,NA,NA,,NA,NA,NA,NA,NA,NA,,NA,NA,NA
MWT.LOP.2021.001,LOP,2,6/18/2021,6/19/2021,SUMMER,NA,NA,2021,NA,17:00,10:05,MWT,MESH,,NA,NA,NA,NA,NA,NA,NA,NA,NA,NA,NA,NA,,NA,NA,NA,NA,NA,NA,,NA,NA,NA
MWT.LOP.2021.002,LOP,2,6/18/2021,6/19/2021,SUMMER,NA,NA,2021,NA,17:00,10:10,MWT,MMT,,NA,NA,NA,NA,NA,NA,NA,NA,NA,NA,NA,NA,,NA,NA,NA,NA,NA,NA,,NA,NA,NA
MWT.LOP.2021.007,LOP,2,6/18/2021,6/19/2021,SUMMER,NA,NA,2021,NA,17:00,10:45,MWT,MPT,,NA,NA,NA,NA,NA,NA,NA,NA,NA,NA,NA,NA,,NA,NA,NA,NA,NA,NA,,NA,NA,NA
MWT.LOP.2021.008,LOP,2,6/18/2021,6/19/2021,SUMMER,NA,NA,2021,NA,17:00,10:50,MWT,MMT,,NA,NA,NA,NA,NA,NA,NA,NA,NA,NA,NA,NA,,NA,NA,NA,NA,NA,NA,,NA,NA,NA
MWT.LOP.2021.003,LOP,2,6/18/2021,6/19/2021,SUMMER,NA,NA,2021,NA,17:00,10:25,MWT,MPT,,NA,NA,NA,NA,NA,NA,NA,NA,NA,NA,NA,NA,,NA,NA,NA,NA,NA,NA,,NA,NA,NA
MWT.LOP.2021.004,LOP,2,6/18/2021,6/19/2021,SUMMER,NA,NA,2021,NA,17:00,10:25,MWT,MESH,,NA,NA,NA,NA,NA,NA,NA,NA,NA,NA,NA,NA,,NA,NA,NA,NA,NA,NA,,NA,NA,NA
MWT.LOP.2021.005,LOP,2,6/18/2021,6/19/2021,SUMMER,NA,NA,2021,NA,17:00,10:30,MWT,MESH,,NA,NA,NA,NA,NA,NA,NA,NA,NA,NA,NA,NA,,NA,NA,NA,NA,NA,NA,,NA,NA,NA
MWT.LOP.2021.006,LOP,2,6/18/2021,6/19/2021,SUMMER,NA,NA,2021,NA,17:00,10:30,MWT,MMT,,NA,NA,NA,NA,NA,NA,NA,NA,NA,NA,NA,NA,,NA,NA,NA,NA,NA,NA,,NA,NA,NA
MWT.LOP.2021.073,LOP,2,8/19/2021,8/20/2021,SUMMER,NA,NA,2021,NA,16:30,9:53,MWT,MPT,,NA,NA,NA,NA,NA,NA,NA,NA,NA,NA,NA,NA,,NA,NA,NA,NA,NA,NA,,NA,NA,NA
MWT.LOP.2021.074,LOP,2,8/19/2021,8/20/2021,SUMMER,NA,NA,2021,NA,16:30,9:55,MWT,MESH,,NA,NA,NA,NA,NA,NA,NA,NA,NA,NA,NA,NA,,NA,NA,NA,NA,NA,NA,,NA,NA,NA
MWT.LOP.2021.053,LOP,2,8/19/2021,8/20/2021,SUMMER,NA,NA,2021,NA,16:30,10:07,MWT,MESH,,NA,NA,NA,NA,NA,NA,NA,NA,NA,NA,NA,NA,,NA,NA,NA,NA,NA,NA,,NA,NA,NA
MWT.LOP.2021.054,LOP,2,8/19/2021,8/20/2021,SUMMER,NA,NA,2021,NA,16:30,10:10,MWT,MPT,,NA,NA,NA,NA,NA,NA,NA,NA,NA,NA,NA,NA,,NA,NA,NA,NA,NA,NA,,NA,NA,NA
MWT.LOP.2021.055,LOP,3A,8/19/2021,8/20/2021,SUMMER,NA,NA,2021,NA,16:30,10:37,MWT,MESH,,NA,NA,NA,NA,NA,NA,NA,NA,NA,NA,NA,NA,,NA,NA,NA,NA,NA,NA,,NA,NA,NA
MWT.LOP.2021.056,LOP,3A,8/19/2021,8/20/2021,SUMMER,NA,NA,2021,NA,16:30,10:37,MWT,MPT,,NA,NA,NA,NA,NA,NA,NA,NA,NA,NA,NA,NA,,NA,NA,NA,NA,NA,NA,,NA,NA,NA
MWT.LOP.2021.057,LOP,3B,8/19/2021,8/20/2021,SUMMER,NA,NA,2021,NA,16:30,11:19,MWT,MESH,,NA,NA,NA,NA,NA,NA,NA,NA,NA,NA,NA,NA,,NA,NA,NA,NA,NA,NA,,NA,NA,NA
MWT.LOP.2021.058,LOP,3B,8/19/2021,8/20/2021,SUMMER,NA,NA,2021,NA,16:30,11:19,MWT,MPT,,NA,NA,NA,NA,NA,NA,NA,NA,NA,NA,NA,NA,,NA,NA,NA,NA,NA,NA,,NA,NA,NA
MWT.LOP.2021.059,LOP,2C,8/19/2021,8/20/2021,SUMMER,NA,NA,2021,NA,16:30,11:29,MWT,MESH,,NA,NA,NA,NA,NA,NA,NA,NA,NA,NA,NA,NA,,NA,NA,NA,NA,NA,NA,,NA,NA,NA
MWT.LOP.2021.060,LOP,2C,8/19/2021,8/20/2021,SUMMER,NA,NA,2021,NA,16:30,11:29,MWT,MPT,,NA,NA,NA,NA,NA,NA,NA,NA,NA,NA,NA,NA,,NA,NA,NA,NA,NA,NA,,NA,NA,NA
MWT.LOP.2021.061,LOP,3C,8/19/2021,8/20/2021,SUMMER,NA,NA,2021,NA,16:30,11:58,MWT,MESH,,NA,NA,NA,NA,NA,NA,NA,NA,NA,NA,NA,NA,,NA,NA,NA,NA,NA,NA,,NA,NA,NA
MWT.LOP.2021.062,LOP,3C,8/19/2021,8/20/2021,SUMMER,NA,NA,2021,NA,16:30,11:58,MWT,MPT,,NA,NA,NA,NA,NA,NA,NA,NA,NA,NA,NA,NA,,NA,NA,NA,NA,NA,NA,,NA,NA,NA
MWT.LOP.2021.063,LOP,2B,8/19/2021,8/20/2021,SUMMER,NA,NA,2021,NA,16:30,12:04,MWT,MPT,,NA,NA,NA,NA,NA,NA,NA,NA,NA,NA,NA,NA,,NA,NA,NA,NA,NA,NA,,NA,NA,NA
MWT.LOP.2021.064,LOP,2B,8/19/2021,8/20/2021,SUMMER,NA,NA,2021,NA,16:30,12:04,MWT,MESH,,NA,NA,NA,NA,NA,NA,NA,NA,NA,NA,NA,NA,,NA,NA,NA,NA,NA,NA,,NA,NA,NA
MWT.LOP.2021.065,LOP,2A,8/19/2021,8/20/2021,SUMMER,NA,NA,2021,NA,16:30,12:30,MWT,MESH,,NA,NA,NA,NA,NA,NA,NA,NA,NA,NA,NA,NA,,NA,NA,NA,NA,NA,NA,,NA,NA,NA
MWT.LOP.2021.066,LOP,2A,8/19/2021,8/20/2021,SUMMER,NA,NA,2021,NA,16:30,12:30,MWT,MPT,,NA,NA,NA,NA,NA,NA,NA,NA,NA,NA,NA,NA,,NA,NA,NA,NA,NA,NA,,NA,NA,NA
MWT.LOP.2021.067,LOP,1C,8/19/2021,8/20/2021,SUMMER,NA,NA,2021,NA,16:30,12:40,MWT,MESH,,NA,NA,NA,NA,NA,NA,NA,NA,NA,NA,NA,NA,,NA,NA,NA,NA,NA,NA,,NA,NA,NA
MWT.LOP.2021.068,LOP,1C,8/19/2021,8/20/2021,SUMMER,NA,NA,2021,NA,16:30,12:40,MWT,MPT,,NA,NA,NA,NA,NA,NA,NA,NA,NA,NA,NA,NA,,NA,NA,NA,NA,NA,NA,,NA,NA,NA
MWT.LOP.2021.069,LOP,1A,8/19/2021,8/20/2021,SUMMER,NA,NA,2021,NA,12:40,14:25,MWT,MPT,,NA,NA,NA,NA,NA,NA,NA,NA,NA,NA,NA,NA,,NA,NA,NA,NA,NA,NA,,NA,NA,NA
MWT.LOP.2021.070,LOP,1A,8/19/2021,8/20/2021,SUMMER,NA,NA,2021,NA,12:40,14:25,MWT,MESH,,NA,NA,NA,NA,NA,NA,NA,NA,NA,NA,NA,NA,,NA,NA,NA,NA,NA,NA,,NA,NA,NA
MWT.LOP.2021.071,LOP,1B,8/19/2021,8/20/2021,SUMMER,NA,NA,2021,NA,12:04,14:37,MWT,MESH,,NA,NA,NA,NA,NA,NA,NA,NA,NA,NA,NA,NA,,NA,NA,NA,NA,NA,NA,,NA,NA,NA
MWT.LOP.2021.072,LOP,1B,8/19/2021,8/20/2021,SUMMER,NA,NA,2021,NA,12:04,14:37,MWT,MPT,,NA,NA,NA,NA,NA,NA,NA,NA,NA,NA,NA,NA,,NA,NA,NA,NA,NA,NA,,NA,NA,NA
MWT.LOP.2021.073,LOP,1B,8/20/2021,8/21/2021,SUMMER,NA,NA,2021,NA,10:07,15:14,MWT,MESH,,NA,NA,NA,NA,NA,NA,NA,NA,NA,NA,NA,NA,,NA,NA,NA,NA,NA,NA,,NA,NA,NA
MWT.LOP.2021.074,LOP,1B,8/20/2021,8/21/2021,SUMMER,NA,NA,2021,NA,10:07,15:14,MWT,MPT,,NA,NA,NA,NA,NA,NA,NA,NA,NA,NA,NA,NA,,NA,NA,NA,NA,NA,NA,,NA,NA,NA
MWT.LOP.2021.081,LOP,1C,8/20/2021,8/21/2021,SUMMER,NA,NA,2021,NA,11:19,16:03,MWT,MESH,,NA,NA,NA,NA,NA,NA,NA,NA,NA,NA,NA,NA,,NA,NA,NA,NA,NA,NA,,NA,NA,NA
MWT.LOP.2021.082,LOP,1C,8/20/2021,8/21/2021,SUMMER,NA,NA,2021,NA,11:19,16:03,MWT,MPT,,NA,NA,NA,NA,NA,NA,NA,NA,NA,NA,NA,NA,,NA,NA,NA,NA,NA,NA,,NA,NA,NA
MWT.LOP.2021.075,LOP,3B,8/20/2021,8/21/2021,SUMMER,NA,NA,2021,NA,9:53,15:25,MWT,MESH,,NA,NA,NA,NA,NA,NA,NA,NA,NA,NA,NA,NA,,NA,NA,NA,NA,NA,NA,,NA,NA,NA
MWT.LOP.2021.076,LOP,3B,8/20/2021,8/21/2021,SUMMER,NA,NA,2021,NA,9:53,15:25,MWT,MPT,,NA,NA,NA,NA,NA,NA,NA,NA,NA,NA,NA,NA,,NA,NA,NA,NA,NA,NA,,NA,NA,NA
MWT.LOP.2021.077,LOP,3C,8/20/2021,8/21/2021,SUMMER,NA,NA,2021,NA,10:00,15:45,MWT,MESH,,NA,NA,NA,NA,NA,NA,NA,NA,NA,NA,NA,NA,,NA,NA,NA,NA,NA,NA,,NA,NA,NA
MWT.LOP.2021.078,LOP,3C,8/20/2021,8/21/2021,SUMMER,NA,NA,2021,NA,10:00,15:45,MWT,MPT,,NA,NA,NA,NA,NA,NA,NA,NA,NA,NA,NA,NA,,NA,NA,NA,NA,NA,NA,,NA,NA,NA
MWT.LOP.2021.101,LOP,3A,8/21/2021,8/22/2021,SUMMER,NA,NA,2021,NA,15:57,16:34,MWT,MESH,,NA,NA,NA,NA,NA,NA,NA,NA,NA,NA,NA,NA,,NA,NA,NA,NA,NA,NA,,NA,NA,NA
MWT.LOP.2021.102,LOP,3A,8/21/2021,8/22/2021,SUMMER,NA,NA,2021,NA,15:57,16:34,MWT,MPT,,NA,NA,NA,NA,NA,NA,NA,NA,NA,NA,NA,NA,,NA,NA,NA,NA,NA,NA,,NA,NA,NA
MWT.LOP.2021.103,LOP,2C,8/21/2021,8/22/2021,SUMMER,NA,NA,2021,NA,16:04,16:40,MWT,MESH,,NA,NA,NA,NA,NA,NA,NA,NA,NA,NA,NA,NA,,NA,NA,NA,NA,NA,NA,,NA,NA,NA
MWT.LOP.2021.104,LOP,2C,8/21/2021,8/22/2021,SUMMER,NA,NA,2021,NA,16:04,16:40,MWT,MPT,,NA,NA,NA,NA,NA,NA,NA,NA,NA,NA,NA,NA,,NA,NA,NA,NA,NA,NA,,NA,NA,NA
MWT.LOP.2021.079,LOP,2B,8/20/2021,8/21/2021,SUMMER,NA,NA,2021,NA,16:30,15:57,MWT,MESH,,NA,NA,NA,NA,NA,NA,NA,NA,NA,NA,NA,NA,,NA,NA,NA,NA,NA,NA,,NA,NA,NA
MWT.LOP.2021.080,LOP,2B,8/20/2021,8/21/2021,SUMMER,NA,NA,2021,NA,16:30,15:57,MWT,MPT,,NA,NA,NA,NA,NA,NA,NA,NA,NA,NA,NA,NA,,NA,NA,NA,NA,NA,NA,,NA,NA,NA
MWT.LOP.2021.083,LOP,2A,8/20/2021,8/21/2021,SUMMER,NA,NA,2021,NA,16:30,16:04,MWT,MPT,,NA,NA,NA,NA,NA,NA,NA,NA,NA,NA,NA,NA,,NA,NA,NA,NA,NA,NA,,NA,NA,NA
MWT.LOP.2021.084,LOP,2A,8/20/2021,8/21/2021,SUMMER,NA,NA,2021,NA,16:30,16:04,MWT,MESH,,NA,NA,NA,NA,NA,NA,NA,NA,NA,NA,NA,NA,,NA,NA,NA,NA,NA,NA,,NA,NA,NA
MWT.LOP.2021.085,LOP,2B,8/20/2021,8/21/2021,SUMMER,NA,NA,2021,NA,16:30,16:45,MWT,MESH,,NA,NA,NA,NA,NA,NA,NA,NA,NA,NA,NA,NA,,NA,NA,NA,NA,NA,NA,,NA,NA,NA
MWT.LOP.2021.086,LOP,2B,8/20/2021,8/21/2021,SUMMER,NA,NA,2021,NA,16:30,16:45,MWT,MPT,,NA,NA,NA,NA,NA,NA,NA,NA,NA,NA,NA,NA,,NA,NA,NA,NA,NA,NA,,NA,NA,NA
MWT.LOP.2021.111,LOP,2A,8/21/2021,8/22/2021,SUMMER,NA,NA,2021,NA,16:04,9:37,MWT,MESH,,NA,NA,NA,NA,NA,NA,NA,NA,NA,NA,NA,NA,,NA,NA,NA,NA,NA,NA,,NA,NA,NA
MWT.LOP.2021.112,LOP,2A,8/21/2021,8/22/2021,SUMMER,NA,NA,2021,NA,16:04,9:37,MWT,MPT,,NA,NA,NA,NA,NA,NA,NA,NA,NA,NA,NA,NA,,NA,NA,NA,NA,NA,NA,,NA,NA,NA
MWT.LOP.2021.115,LOP,1A,8/21/2021,8/22/2021,SUMMER,NA,NA,2021,NA,15:57,9:44,MWT,MESH,,NA,NA,NA,NA,NA,NA,NA,NA,NA,NA,NA,NA,,NA,NA,NA,NA,NA,NA,,NA,NA,NA
MWT.LOP.2021.116,LOP,1A,8/21/2021,8/22/2021,SUMMER,NA,NA,2021,NA,15:57,9:44,MWT,MPT,,NA,NA,NA,NA,NA,NA,NA,NA,NA,NA,NA,NA,,NA,NA,NA,NA,NA,NA,,NA,NA,NA
MWT.LOP.2021.117,LOP,2A,8/21/2021,8/22/2021,SUMMER,NA,NA,2021,NA,15:45,9:48,MWT,MESH,,NA,NA,NA,NA,NA,NA,NA,NA,NA,NA,NA,NA,,NA,NA,NA,NA,NA,NA,,NA,NA,NA
MWT.LOP.2021.118,LOP,2A,8/21/2021,8/22/2021,SUMMER,NA,NA,2021,NA,15:45,9:48,MWT,MESH,,NA,NA,NA,NA,NA,NA,NA,NA,NA,NA,NA,NA,,NA,NA,NA,NA,NA,NA,,NA,NA,NA
MWT.LOP.2021.119,LOP,2B,8/21/2021,8/22/2021,SUMMER,NA,NA,2021,NA,15:45,9:48,MWT,MPT,,NA,NA,NA,NA,NA,NA,NA,NA,NA,NA,NA,NA,,NA,NA,NA,NA,NA,NA,,NA,NA,NA
MWT.LOP.2021.107,LOP,2B,8/21/2021,8/22/2021,SUMMER,NA,NA,2021,NA,17:00,9:14,MWT,MPT,,NA,NA,NA,NA,NA,NA,NA,NA,NA,NA,NA,NA,,NA,NA,NA,NA,NA,NA,,NA,NA,NA
MWT.LOP.2021.108,LOP,2C,8/21/2021,8/22/2021,SUMMER,NA,NA,2021,NA,17:00,9:14,MWT,MESH,,NA,NA,NA,NA,NA,NA,NA,NA,NA,NA,NA,NA,,NA,NA,NA,NA,NA,NA,,NA,NA,NA
MWT.LOP.2021.088,LOP,2C,8/21/2021,8/22/2021,SUMMER,NA,NA,2021,NA,15:25,10:06,MWT,MPT,,NA,NA,NA,NA,NA,NA,NA,NA,NA,NA,NA,NA,,NA,NA,NA,NA,NA,NA,,NA,NA,NA
MWT.LOP.2021.089,LOP,2C,8/21/2021,8/22/2021,SUMMER,NA,NA,2021,NA,15:25,10:06,MWT,MESH,,NA,NA,NA,NA,NA,NA,NA,NA,NA,NA,NA,NA,,NA,NA,NA,NA,NA,NA,,NA,NA,NA
MWT.LOP.2021.105,LOP,1B,8/21/2021,8/22/2021,SUMMER,NA,NA,2021,NA,15:14,9:00,MWT,MESH,,NA,NA,NA,NA,NA,NA,NA,NA,NA,NA,NA,NA,,NA,NA,NA,NA,NA,NA,,NA,NA,NA
MWT.LOP.2021.106,LOP,1B,8/21/2021,8/22/2021,SUMMER,NA,NA,2021,NA,15:14,9:00,MWT,MPT,,NA,NA,NA,NA,NA,NA,NA,NA,NA,NA,NA,NA,,NA,NA,NA,NA,NA,NA,,NA,NA,NA
MWT.LOP.2021.092,LOP,3A,8/21/2021,8/22/2021,SUMMER,NA,NA,2021,NA,16:03,10:19,MWT,MESH,,NA,NA,NA,NA,NA,NA,NA,NA,NA,NA,NA,NA,,NA,NA,NA,NA,NA,NA,,NA,NA,NA
MWT.LOP.2021.093,LOP,3A,8/21/2021,8/22/2021,SUMMER,NA,NA,2021,NA,16:03,10:19,MWT,MPT,,NA,NA,NA,NA,NA,NA,NA,NA,NA,NA,NA,NA,,NA,NA,NA,NA,NA,NA,,NA,NA,NA
MWT.LOP.2021.113,LOP,1C,8/21/2021,8/22/2021,SUMMER,NA,NA,2021,NA,15:15,9:41,MWT,MPT,,NA,NA,NA,NA,NA,NA,NA,NA,NA,NA,NA,NA,,NA,NA,NA,NA,NA,NA,,NA,NA,NA
MWT.LOP.2021.114,LOP,1C,8/21/2021,8/22/2021,SUMMER,NA,NA,2021,NA,15:15,9:41,MWT,MESH,,NA,NA,NA,NA,NA,NA,NA,NA,NA,NA,NA,NA,,NA,NA,NA,NA,NA,NA,,NA,NA,NA
MWT.LOP.2021.109,LOP,1B,8/22/2021,8/22/2021,SUMMER,NA,NA,2021,NA,9:00,9:30,MWT,MPT,,NA,NA,NA,NA,NA,NA,NA,NA,NA,NA,NA,NA,,NA,NA,NA,NA,NA,NA,,NA,NA,NA
MWT.LOP.2021.110,LOP,1B,8/22/2021,8/22/2021,SUMMER,NA,NA,2021,NA,9:00,9:30,MWT,MESH,,NA,NA,NA,NA,NA,NA,NA,NA,NA,NA,NA,NA,,NA,NA,NA,NA,NA,NA,,NA,NA,NA
MWT.LOP.2021.090,LOP,1C,8/22/2021,8/22/2021,SUMMER,NA,NA,2021,NA,9:41,10:12,MWT,MPT,,NA,NA,NA,NA,NA,NA,NA,NA,NA,NA,NA,NA,,NA,NA,NA,NA,NA,NA,,NA,NA,NA
MWT.LOP.2021.091,LOP,1C,8/22/2021,8/22/2021,SUMMER,NA,NA,2021,NA,9:41,10:12,MWT,MESH,,NA,NA,NA,NA,NA,NA,NA,NA,NA,NA,NA,NA,,NA,NA,NA,NA,NA,NA,,NA,NA,NA
MWT.LOP.2021.094,LOP,1C,8/22/2021,8/22/2021,SUMMER,NA,NA,2021,NA,10:12,11:14,MWT,MESH,,NA,NA,NA,NA,NA,NA,NA,NA,NA,NA,NA,NA,,NA,NA,NA,NA,NA,NA,,NA,NA,NA
MWT.LOP.2021.095,LOP,1C,8/22/2021,8/22/2021,SUMMER,NA,NA,2021,NA,10:12,11:17,MWT,MPT,,NA,NA,NA,NA,NA,NA,NA,NA,NA,NA,NA,NA,,NA,NA,NA,NA,NA,NA,,NA,NA,NA
MWT.LOP.2021.096,LOP,1B,8/22/2021,8/22/2021,SUMMER,NA,NA,2021,NA,9:52,11:25,MWT,MPT,,NA,NA,NA,NA,NA,NA,NA,NA,NA,NA,NA,NA,,NA,NA,NA,NA,NA,NA,,NA,NA,NA
MWT.LOP.2021.097,LOP,1B,8/22/2021,8/22/2021,SUMMER,NA,NA,2021,NA,9:52,11:25,MWT,MESH,,NA,NA,NA,NA,NA,NA,NA,NA,NA,NA,NA,NA,,NA,NA,NA,NA,NA,NA,,NA,NA,NA
MWT.LOP.2021.098,LOP,1C,8/22/2021,8/22/2021,SUMMER,NA,NA,2021,NA,11:25,11:55,MWT,MPT,,NA,NA,NA,NA,NA,NA,NA,NA,NA,NA,NA,NA,,NA,NA,NA,NA,NA,NA,,NA,NA,NA
MWT.LOP.2021.099,LOP,1C,8/22/2021,8/22/2021,SUMMER,NA,NA,2021,NA,11:25,11:55,MWT,MESH,,NA,NA,NA,NA,NA,NA,NA,NA,NA,NA,NA,NA,,NA,NA,NA,NA,NA,NA,,NA,NA,NA
MWT.LOP.2021.100,LOP,1B,8/22/2021,8/22/2021,SUMMER,NA,NA,2021,NA,11:25,11:55,MWT,MPT,,NA,NA,NA,NA,NA,NA,NA,NA,NA,NA,NA,NA,,NA,NA,NA,NA,NA,NA,,NA,NA,NA
MWT.LOP.2021.087,LOP,3B,8/20/2021,8/21/2021,SUMMER,NA,NA,2021,NA,14:37,16:53,MWT,MESH,,NA,NA,NA,NA,NA,NA,NA,NA,NA,NA,NA,NA,,NA,NA,NA,NA,NA,NA,,NA,NA,NA
MWT.TPP.2021.097,TPP,3B,8/21/2021,8/22/2021,SUMMER,NA,NA,2021,NA,10:36,13:48,MWT,MESH,,NA,NA,NA,NA,NA,NA,NA,NA,NA,NA,NA,NA,,NA,NA,NA,NA,NA,NA,,NA,NA,NA
MWT.TPP.2021.098,TPP,3C,8/21/2021,8/22/2021,SUMMER,NA,NA,2021,NA,10:36,13:48,MWT,MPT,,NA,NA,NA,NA,NA,NA,NA,NA,NA,NA,NA,NA,,NA,NA,NA,NA,NA,NA,,NA,NA,NA
MWT.TPP.2021.100,TPP,3C,8/21/2021,8/22/2021,SUMMER,NA,NA,2021,NA,9:14,13:54,MWT,MESH,,NA,NA,NA,NA,NA,NA,NA,NA,NA,NA,NA,NA,,NA,NA,NA,NA,NA,NA,,NA,NA,NA
MWT.TPP.2021.101,TPP,1C,8/21/2021,8/22/2021,SUMMER,NA,NA,2021,NA,9:14,13:54,MWT,MPT,,NA,NA,NA,NA,NA,NA,NA,NA,NA,NA,NA,NA,,NA,NA,NA,NA,NA,NA,,NA,NA,NA
MWT.LOP.2021.075,LOP,1A,8/20/2021,8/21/2021,SUMMER,NA,NA,2021,NA,16:30,10:36,MWT,MESH,,NA,NA,NA,NA,NA,NA,NA,NA,NA,NA,NA,NA,,NA,NA,NA,NA,NA,NA,,NA,NA,NA
MWT.LOP.2021.076,LOP,1A,8/20/2021,8/21/2021,SUMMER,NA,NA,2021,NA,16:30,10:36,MWT,MPT,,NA,NA,NA,NA,NA,NA,NA,NA,NA,NA,NA,NA,,NA,NA,NA,NA,NA,NA,,NA,NA,NA
MWT.LOP.2021.077,LOP,1B,8/20/2021,8/21/2021,SUMMER,NA,NA,2021,NA,16:30,11:27,MWT,MESH,,NA,NA,NA,NA,NA,NA,NA,NA,NA,NA,NA,NA,,NA,NA,NA,NA,NA,NA,,NA,NA,NA
MWT.LOP.2021.078,LOP,1B,8/20/2021,8/21/2021,SUMMER,NA,NA,2021,NA,16:30,11:27,MWT,MPT,,NA,NA,NA,NA,NA,NA,NA,NA,NA,NA,NA,NA,,NA,NA,NA,NA,NA,NA,,NA,NA,NA
MWT.LOP.2021.079,LOP,1A,8/20/2021,8/21/2021,SUMMER,NA,NA,2021,NA,11:29,11:29,MWT,MESH,,NA,NA,NA,NA,NA,NA,NA,NA,NA,NA,NA,NA,,NA,NA,NA,NA,NA,NA,,NA,NA,NA
MWT.LOP.2021.080,LOP,1A,8/20/2021,8/21/2021,SUMMER,NA,NA,2021,NA,11:29,11:29,MWT,MPT,,NA,NA,NA,NA,NA,NA,NA,NA,NA,NA,NA,NA,,NA,NA,NA,NA,NA,NA,,NA,NA,NA
MWT.WFL.2021.001,WFL,2B,9/9/2021,9/10/2021,FALL,NA,NA,2021,NA,16:30,10:00,MWT,MESH,,NA,NA,NA,NA,NA,NA,NA,NA,NA,NA,NA,NA,,NA,NA,NA,NA,NA,NA,,NA,NA,NA
MWT.WFL.2021.002,WFL,2B,9/9/2021,9/10/2021,FALL,NA,NA,2021,NA,16:30,10:00,MWT,MPT,,NA,NA,NA,NA,NA,NA,NA,NA,NA,NA,NA,NA,,NA,NA,NA,NA,NA,NA,,NA,NA,NA
MWT.WFL.2021.005,WFL,2B,9/9/2021,9/10/2021,FALL,NA,NA,2021,NA,16:00,10:36,MWT,MPT,,NA,NA,NA,NA,NA,NA,NA,NA,NA,NA,NA,NA,,NA,NA,NA,NA,NA,NA,,NA,NA,NA
MWT.WFL.2021.006,WFL,2B,9/9/2021,9/10/2021,FALL,NA,NA,2021,NA,16:00,10:36,MWT,MESH,,NA,NA,NA,NA,NA,NA,NA,NA,NA,NA,NA,NA,,NA,NA,NA,NA,NA,NA,,NA,NA,NA
MWT.WFL.2021.007,WFL,1B,9/9/2021,9/10/2021,FALL,NA,NA,2021,NA,16:00,11:01,MWT,MESH,,NA,NA,NA,NA,NA,NA,NA,NA,NA,NA,NA,NA,,NA,NA,NA,NA,NA,NA,,NA,NA,NA
MWT.WFL.2021.008,WFL,1B,9/9/2021,9/10/2021,FALL,NA,NA,2021,NA,16:00,11:01,MWT,MPT,,NA,NA,NA,NA,NA,NA,NA,NA,NA,NA,NA,NA,,NA,NA,NA,NA,NA,NA,,NA,NA,NA
MWT.WFL.2021.009,WFL,2A,9/9/2021,9/10/2021,FALL,NA,NA,2021,NA,16:00,11:20,MWT,MESH,,NA,NA,NA,NA,NA,NA,NA,NA,NA,NA,NA,NA,,NA,NA,NA,NA,NA,NA,,NA,NA,NA
MWT.WFL.2021.010,WFL,2A,9/9/2021,9/10/2021,FALL,NA,NA,2021,NA,16:00,11:20,MWT,MPT,,NA,NA,NA,NA,NA,NA,NA,NA,NA,NA,NA,NA,,NA,NA,NA,NA,NA,NA,,NA,NA,NA
MWT.WFL.2021.022,WFL,2B,9/9/2021,9/10/2021,FALL,NA,NA,2021,NA,16:30,9:30,MWT,MESH,,NA,NA,NA,NA,NA,NA,NA,NA,NA,NA,NA,NA,,NA,NA,NA,NA,NA,NA,,NA,NA,NA
MWT.WFL.2021.023,WFL,2B,9/9/2021,9/10/2021,FALL,NA,NA,2021,NA,16:30,9:30,MWT,MPT,,NA,NA,NA,NA,NA,NA,NA,NA,NA,NA,NA,NA,,NA,NA,NA,NA,NA,NA,,NA,NA,NA
MWT.WFL.2021.003,WFL,2C,9/9/2021,9/10/2021,FALL,NA,NA,2021,NA,16:30,10:15,MWT,MESH,,NA,NA,NA,NA,NA,NA,NA,NA,NA,NA,NA,NA,,NA,NA,NA,NA,NA,NA,,NA,NA,NA
MWT.WFL.2021.004,WFL,2C,9/9/2021,9/10/2021,FALL,NA,NA,2021,NA,16:30,10:15,MWT,MPT,,NA,NA,NA,NA,NA,NA,NA,NA,NA,NA,NA,NA,,NA,NA,NA,NA,NA,NA,,NA,NA,NA
MWT.WFL.2021.011,WFL,1A,9/9/2021,9/10/2021,FALL,NA,NA,2021,NA,16:00,11:40,MWT,MESH,,NA,NA,NA,NA,NA,NA,NA,NA,NA,NA,NA,NA,,NA,NA,NA,NA,NA,NA,,NA,NA,NA
MWT.WFL.2021.012,WFL,1A,9/9/2021,9/10/2021,FALL,NA,NA,2021,NA,16:00,11:40,MWT,MPT,,NA,NA,NA,NA,NA,NA,NA,NA,NA,NA,NA,NA,,NA,NA,NA,NA,NA,NA,,NA,NA,NA
MWT.WFL.2021.013,WFL,1C,9/9/2021,9/10/2021,FALL,NA,NA,2021,NA,16:00,11:50,MWT,MESH,,NA,NA,NA,NA,NA,NA,NA,NA,NA,NA,NA,NA,,NA,NA,NA,NA,NA,NA,,NA,NA,NA
MWT.WFL.2021.014,WFL,1C,9/9/2021,9/10/2021,FALL,NA,NA,2021,NA,16:00,11:50,MWT,MPT,,NA,NA,NA,NA,NA,NA,NA,NA,NA,NA,NA,NA,,NA,NA,NA,NA,NA,NA,,NA,NA,NA
MWT.WFL.2021.015,WFL,2D,9/9/2021,9/10/2021,FALL,NA,NA,2021,NA,15:30,12:30,MWT,MESH,,NA,NA,NA,NA,NA,NA,NA,NA,NA,NA,NA,NA,,NA,NA,NA,NA,NA,NA,,NA,NA,NA
MWT.WFL.2021.016,WFL,2D,9/9/2021,9/10/2021,FALL,NA,NA,2021,NA,15:30,12:30,MWT,MPT,,NA,NA,NA,NA,NA,NA,NA,NA,NA,NA,NA,NA,,NA,NA,NA,NA,NA,NA,,NA,NA,NA
MWT.WFL.2021.017,WFL,2E,9/9/2021,9/10/2021,FALL,NA,NA,2021,NA,15:30,12:40,MWT,MESH,,NA,NA,NA,NA,NA,NA,NA,NA,NA,NA,NA,NA,,NA,NA,NA,NA,NA,NA,,NA,NA,NA
MWT.WFL.2021.018,WFL,2E,9/9/2021,9/10/2021,FALL,NA,NA,2021,NA,15:30,12:40,MWT,MPT,,NA,NA,NA,NA,NA,NA,NA,NA,NA,NA,NA,NA,,NA,NA,NA,NA,NA,NA,,NA,NA,NA
MWT.WFL.2021.019,WFL,3A,9/9/2021,9/10/2021,FALL,NA,NA,2021,NA,15:30,13:00,MWT,MESH,,NA,NA,NA,NA,NA,NA,NA,NA,NA,NA,NA,NA,,NA,NA,NA,NA,NA,NA,,NA,NA,NA
MWT.WFL.2021.020,WFL,3A,9/9/2021,9/10/2021,FALL,NA,NA,2021,NA,15:30,13:00,MWT,MPT,,NA,NA,NA,NA,NA,NA,NA,NA,NA,NA,NA,NA,,NA,NA,NA,NA,NA,NA,,NA,NA,NA
MWT.WFL.2021.021,WFL,3B,9/9/2021,9/10/2021,FALL,NA,NA,2021,NA,16:00,14:40,MWT,MESH,,NA,NA,NA,NA,NA,NA,NA,NA,NA,NA,NA,NA,,NA,NA,NA,NA,NA,NA,,NA,NA,NA
MWT.WFL.2021.024,WFL,3B,9/10/2021,9/11/2021,FALL,NA,NA,2021,NA,9:30,10:45,MWT,MESH,,NA,NA,NA,NA,NA,NA,NA,NA,NA,NA,NA,NA,,NA,NA,NA,NA,NA,NA,,NA,NA,NA
MWT.WFL.2021.025,WFL,3C,9/10/2021,9/11/2021,FALL,NA,NA,2021,NA,9:30,10:45,MWT,MPT,,NA,NA,NA,NA,NA,NA,NA,NA,NA,NA,NA,NA,,NA,NA,NA,NA,NA,NA,,NA,NA,NA
MWT.WFL.2021.026,WFL,3C,9/10/2021,9/11/2021,FALL,NA,NA,2021,NA,10:00,11:04,MWT,MESH,,NA,NA,NA,NA,NA,NA,NA,NA,NA,NA,NA,NA,,NA,NA,NA,NA,NA,NA,,NA,NA,NA
MWT.WFL.2021.027,WFL,2S,9/10/2021,9/11/2021,FALL,NA,NA,2021,NA,10:00,11:04,MWT,MPT,,NA,NA,NA,NA,NA,NA,NA,NA,NA,NA,NA,NA,,NA,NA,NA,NA,NA,NA,,NA,NA,NA
MWT.WFL.2021.028,WFL,1A,9/10/2021,9/11/2021,FALL,NA,NA,2021,NA,10:15,11:16,MWT,MESH,,NA,NA,NA,NA,NA,NA,NA,NA,NA,NA,NA,NA,,NA,NA,NA,NA,NA,NA,,NA,NA,NA
MWT.WFL.2021.029,WFL,1A,9/10/2021,9/11/2021,FALL,NA,NA,2021,NA,10:15,11:16,MWT,MPT,,NA,NA,NA,NA,NA,NA,NA,NA,NA,NA,NA,NA,,NA,NA,NA,NA,NA,NA,,NA,NA,NA
MWT.WFL.2021.030,WFL,1B,9/10/2021,9/11/2021,FALL,NA,NA,2021,NA,10:15,11:16,MWT,MMT,,NA,NA,NA,NA,NA,NA,NA,NA,NA,NA,NA,NA,,NA,NA,NA,NA,NA,NA,,NA,NA,NA
MWT.WFL.2021.031,WFL,1B,9/10/2021,9/11/2021,FALL,NA,NA,2021,NA,14:40,11:29,MWT,MESH,,NA,NA,NA,NA,NA,NA,NA,NA,NA,NA,NA,NA,,NA,NA,NA,NA,NA,NA,,NA,NA,NA
MWT.WFL.2021.032,WFL,1C,9/10/2021,9/11/2021,FALL,NA,NA,2021,NA,10:36,11:41,MWT,MESH,,NA,NA,NA,NA,NA,NA,NA,NA,NA,NA,NA,NA,,NA,NA,NA,NA,NA,NA,,NA,NA,NA
MWT.WFL.2021.033,WFL,1C,9/10/2021,9/11/2021,FALL,NA,NA,2021,NA,10:36,11:41,MWT,MPT,,NA,NA,NA,NA,NA,NA,NA,NA,NA,NA,NA,NA,,NA,NA,NA,NA,NA,NA,,NA,NA,NA
MWT.WFL.2021.034,WFL,1C,9/10/2021,9/11/2021,FALL,NA,NA,2021,NA,11:01,11:56,MWT,MESH,,NA,NA,NA,NA,NA,NA,NA,NA,NA,NA,NA,NA,,NA,NA,NA,NA,NA,NA,,NA,NA,NA
MWT.WFL.2021.035,WFL,2S,9/10/2021,9/11/2021,FALL,NA,NA,2021,NA,11:01,11:56,MWT,MMT,,NA,NA,NA,NA,NA,NA,NA,NA,NA,NA,NA,NA,,NA,NA,NA,NA,NA,NA,,NA,NA,NA
MWT.WFL.2021.036,WFL,2A,9/10/2021,9/11/2021,FALL,NA,NA,2021,NA,11:01,11:56,MWT,MPT,,NA,NA,NA,NA,NA,NA,NA,NA,NA,NA,NA,NA,,NA,NA,NA,NA,NA,NA,,NA,NA,NA
MWT.WFL.2021.037,WFL,2A,9/10/2021,9/11/2021,FALL,NA,NA,2021,NA,11:20,12:08,MWT,MESH,,NA,NA,NA,NA,NA,NA,NA,NA,NA,NA,NA,NA,,NA,NA,NA,NA,NA,NA,,NA,NA,NA
MWT.WFL.2021.038,WFL,2B,9/10/2021,9/11/2021,FALL,NA,NA,2021,NA,11:20,12:08,MWT,MPT,,NA,NA,NA,NA,NA,NA,NA,NA,NA,NA,NA,NA,,NA,NA,NA,NA,NA,NA,,NA,NA,NA
MWT.WFL.2021.039,WFL,2B,9/10/2021,9/11/2021,FALL,NA,NA,2021,NA,11:40,12:15,MWT,MESH,,NA,NA,NA,NA,NA,NA,NA,NA,NA,NA,NA,NA,,NA,NA,NA,NA,NA,NA,,NA,NA,NA
MWT.WFL.2021.040,WFL,2B,9/10/2021,9/11/2021,FALL,NA,NA,2021,NA,11:40,12:15,MWT,MPT,,NA,NA,NA,NA,NA,NA,NA,NA,NA,NA,NA,NA,,NA,NA,NA,NA,NA,NA,,NA,NA,NA
MWT.WFL.2021.041,WFL,2C,9/10/2021,9/11/2021,FALL,NA,NA,2021,NA,11:50,12:36,MWT,MESH,,NA,NA,NA,NA,NA,NA,NA,NA,NA,NA,NA,NA,,NA,NA,NA,NA,NA,NA,,NA,NA,NA
MWT.WFL.2021.042,WFL,2C,9/10/2021,9/11/2021,FALL,NA,NA,2021,NA,11:50,12:36,MWT,MPT,,NA,NA,NA,NA,NA,NA,NA,NA,NA,NA,NA,NA,,NA,NA,NA,NA,NA,NA,,NA,NA,NA
MWT.WFL.2021.043,WFL,2D,9/10/2021,9/11/2021,FALL,NA,NA,2021,NA,12:30,12:51,MWT,MESH,,NA,NA,NA,NA,NA,NA,NA,NA,NA,NA,NA,NA,,NA,NA,NA,NA,NA,NA,,NA,NA,NA
MWT.WFL.2021.044,WFL,2D,9/10/2021,9/11/2021,FALL,NA,NA,2021,NA,12:30,12:51,MWT,MPT,,NA,NA,NA,NA,NA,NA,NA,NA,NA,NA,NA,NA,,NA,NA,NA,NA,NA,NA,,NA,NA,NA
MWT.WFL.2021.045,WFL,2E,9/10/2021,9/11/2021,FALL,NA,NA,2021,NA,12:30,12:51,MWT,MESH,,NA,NA,NA,NA,NA,NA,NA,NA,NA,NA,NA,NA,,NA,NA,NA,NA,NA,NA,,NA,NA,NA
MWT.WFL.2021.046,WFL,2E,9/10/2021,9/11/2021,FALL,NA,NA,2021,NA,12:40,13:15,MWT,MESH,,NA,NA,NA,NA,NA,NA,NA,NA,NA,NA,NA,NA,,NA,NA,NA,NA,NA,NA,,NA,NA,NA
MWT.WFL.2021.047,WFL,3A,9/10/2021,9/11/2021,FALL,NA,NA,2021,NA,12:40,13:15,MWT,MT,,NA,NA,NA,NA,NA,NA,NA,NA,NA,NA,NA,NA,,NA,NA,NA,NA,NA,NA,,NA,NA,NA
MWT.WFL.2021.048,WFL,3A,9/10/2021,9/11/2021,FALL,NA,NA,2021,NA,12:40,13:15,MWT,MMT,,NA,NA,NA,NA,NA,NA,NA,NA,NA,NA,NA,NA,,NA,NA,NA,NA,NA,NA,,NA,NA,NA
MWT.WFL.2021.049,WFL,3A,9/10/2021,9/11/2021,FALL,NA,NA,2021,NA,13:00,13:30,MWT,MESH,,NA,NA,NA,NA,NA,NA,NA,NA,NA,NA,NA,NA,,NA,NA,NA,NA,NA,NA,,NA,NA,NA
MWT.WFL.2021.050,WFL,3B,9/10/2021,9/11/2021,FALL,NA,NA,2021,NA,13:00,13:30,MWT,MPT,,NA,NA,NA,NA,NA,NA,NA,NA,NA,NA,NA,NA,,NA,NA,NA,NA,NA,NA,,NA,NA,NA
MWT.WFL.2021.075,WFL,3B,9/11/2021,9/12/2021,FALL,NA,NA,2021,NA,13:00,9:55,MWT,MESH,,NA,NA,NA,NA,NA,NA,NA,NA,NA,NA,NA,NA,,NA,NA,NA,NA,NA,NA,,NA,NA,NA
MWT.WFL.2021.076,WFL,3B,9/11/2021,9/12/2021,FALL,NA,NA,2021,NA,13:00,9:55,MWT,MPT,,NA,NA,NA,NA,NA,NA,NA,NA,NA,NA,NA,NA,,NA,NA,NA,NA,NA,NA,,NA,NA,NA
MWT.WFL.2021.051,WFL,3C,9/11/2021,9/12/2021,FALL,NA,NA,2021,NA,12:40,10:00,MWT,MESH,,NA,NA,NA,NA,NA,NA,NA,NA,NA,NA,NA,NA,,NA,NA,NA,NA,NA,NA,,NA,NA,NA
MWT.WFL.2021.052,WFL,3C,9/11/2021,9/12/2021,FALL,NA,NA,2021,NA,12:40,10:00,MWT,MPT,,NA,NA,NA,NA,NA,NA,NA,NA,NA,NA,NA,NA,,NA,NA,NA,NA,NA,NA,,NA,NA,NA
MWT.WFL.2021.053,WFL,3C,9/11/2021,9/12/2021,FALL,NA,NA,2021,NA,12:40,10:00,MWT,MMT,,NA,NA,NA,NA,NA,NA,NA,NA,NA,NA,NA,NA,,NA,NA,NA,NA,NA,NA,,NA,NA,NA
MWT.WFL.2021.054,WFL,3C,9/11/2021,9/12/2021,FALL,NA,NA,2021,NA,12:30,10:21,MWT,MESH,,NA,NA,NA,NA,NA,NA,NA,NA,NA,NA,NA,NA,,NA,NA,NA,NA,NA,NA,,NA,NA,NA
MWT.WFL.2021.055,WFL,3B,9/11/2021,9/12/2021,FALL,NA,NA,2021,NA,12:30,10:21,MWT,MPT,,NA,NA,NA,NA,NA,NA,NA,NA,NA,NA,NA,NA,,NA,NA,NA,NA,NA,NA,,NA,NA,NA
MWT.WFL.2021.056,WFL,3B,9/11/2021,9/12/2021,FALL,NA,NA,2021,NA,12:36,10:34,MWT,MESH,,NA,NA,NA,NA,NA,NA,NA,NA,NA,NA,NA,NA,,NA,NA,NA,NA,NA,NA,,NA,NA,NA
MWT.WFL.2021.057,WFL,3B,9/11/2021,9/12/2021,FALL,NA,NA,2021,NA,12:36,10:34,MWT,MPT,,NA,NA,NA,NA,NA,NA,NA,NA,NA,NA,NA,NA,,NA,NA,NA,NA,NA,NA,,NA,NA,NA
MWT.WFL.2021.058,WFL,3A,9/11/2021,9/12/2021,FALL,NA,NA,2021,NA,12:15,10:43,MWT,MESH,,NA,NA,NA,NA,NA,NA,NA,NA,NA,NA,NA,NA,,NA,NA,NA,NA,NA,NA,,NA,NA,NA
MWT.WFL.2021.059,WFL,3A,9/11/2021,9/12/2021,FALL,NA,NA,2021,NA,12:15,10:43,MWT,MPT,,NA,NA,NA,NA,NA,NA,NA,NA,NA,NA,NA,NA,,NA,NA,NA,NA,NA,NA,,NA,NA,NA
MWT.WFL.2021.060,WFL,2E,9/11/2021,9/12/2021,FALL,NA,NA,2021,NA,12:08,10:52,MWT,MESH,,NA,NA,NA,NA,NA,NA,NA,NA,NA,NA,NA,NA,,NA,NA,NA,NA,NA,NA,,NA,NA,NA
MWT.WFL.2021.061,WFL,2E,9/11/2021,9/12/2021,FALL,NA,NA,2021,NA,12:08,10:52,MWT,MPT,,NA,NA,NA,NA,NA,NA,NA,NA,NA,NA,NA,NA,,NA,NA,NA,NA,NA,NA,,NA,NA,NA
MWT.WFL.2021.062,WFL,2D,9/11/2021,9/12/2021,FALL,NA,NA,2021,NA,11:56,11:05,MWT,MESH,,NA,NA,NA,NA,NA,NA,NA,NA,NA,NA,NA,NA,,NA,NA,NA,NA,NA,NA,,NA,NA,NA
MWT.WFL.2021.063,WFL,2D,9/11/2021,9/12/2021,FALL,NA,NA,2021,NA,11:56,11:05,MWT,MMT,,NA,NA,NA,NA,NA,NA,NA,NA,NA,NA,NA,NA,,NA,NA,NA,NA,NA,NA,,NA,NA,NA
MWT.WFL.2021.064,WFL,2C,9/11/2021,9/12/2021,FALL,NA,NA,2021,NA,11:56,11:05,MWT,MPT,,NA,NA,NA,NA,NA,NA,NA,NA,NA,NA,NA,NA,,NA,NA,NA,NA,NA,NA,,NA,NA,NA
MWT.WFL.2021.065,WFL,2C,9/11/2021,9/12/2021,FALL,NA,NA,2021,NA,11:41,11:10,MWT,MESH,,NA,NA,NA,NA,NA,NA,NA,NA,NA,NA,NA,NA,,NA,NA,NA,NA,NA,NA,,NA,NA,NA
MWT.WFL.2021.066,WFL,2B,9/11/2021,9/12/2021,FALL,NA,NA,2021,NA,11:41,11:10,MWT,MPT,,NA,NA,NA,NA,NA,NA,NA,NA,NA,NA,NA,NA,,NA,NA,NA,NA,NA,NA,,NA,NA,NA
MWT.WFL.2021.067,WFL,2B,9/11/2021,9/12/2021,FALL,NA,NA,2021,NA,11:29,11:15,MWT,MESH,,NA,NA,NA,NA,NA,NA,NA,NA,NA,NA,NA,NA,,NA,NA,NA,NA,NA,NA,,NA,NA,NA
MWT.WFL.2021.068,WFL,2B,9/11/2021,9/12/2021,FALL,NA,NA,2021,NA,11:16,11:30,MWT,MMT,,NA,NA,NA,NA,NA,NA,NA,NA,NA,NA,NA,NA,,NA,NA,NA,NA,NA,NA,,NA,NA,NA
MWT.WFL.2021.069,WFL,2A,9/11/2021,9/12/2021,FALL,NA,NA,2021,NA,11:16,11:30,MWT,MESH,,NA,NA,NA,NA,NA,NA,NA,NA,NA,NA,NA,NA,,NA,NA,NA,NA,NA,NA,,NA,NA,NA
MWT.WFL.2021.070,WFL,2A,9/11/2021,9/12/2021,FALL,NA,NA,2021,NA,11:16,11:30,MWT,MPT,,NA,NA,NA,NA,NA,NA,NA,NA,NA,NA,NA,NA,,NA,NA,NA,NA,NA,NA,,NA,NA,NA
MWT.WFL.2021.071,WFL,2S,9/11/2021,9/12/2021,FALL,NA,NA,2021,NA,11:04,11:45,MWT,MESH,,NA,NA,NA,NA,NA,NA,NA,NA,NA,NA,NA,NA,,NA,NA,NA,NA,NA,NA,,NA,NA,NA
MWT.WFL.2021.072,WFL,1C,9/11/2021,9/12/2021,FALL,NA,NA,2021,NA,11:04,11:45,MWT,MPT,,NA,NA,NA,NA,NA,NA,NA,NA,NA,NA,NA,NA,,NA,NA,NA,NA,NA,NA,,NA,NA,NA
MWT.WFL.2021.073,WFL,1C,9/11/2021,9/12/2021,FALL,NA,NA,2021,NA,10:45,12:10,MWT,MESH,,NA,NA,NA,NA,NA,NA,NA,NA,NA,NA,NA,NA,,NA,NA,NA,NA,NA,NA,,NA,NA,NA
MWT.WFL.2021.074,WFL,1C,9/11/2021,9/12/2021,FALL,NA,NA,2021,NA,10:45,12:10,MWT,MPT,,NA,NA,NA,NA,NA,NA,NA,NA,NA,NA,NA,NA,,NA,NA,NA,NA,NA,NA,,NA,NA,NA
MWT.HRM.2021.001,HRM_4,4,9/23/2021,9/24/2021,FALL,NA,NA,2021,NA,16:00,10:00,MWT,MMT,,NA,NA,NA,NA,NA,NA,NA,NA,NA,NA,NA,NA,,NA,NA,NA,NA,NA,NA,,NA,NA,NA
MWT.HRM.2021.002,HRM_4,4,9/23/2021,9/24/2021,FALL,NA,NA,2021,NA,16:00,10:00,MWT,MMT,,NA,NA,NA,NA,NA,NA,NA,NA,NA,NA,NA,NA,,NA,NA,NA,NA,NA,NA,,NA,NA,NA
MWT.HRM.2021.003,HRM_3,3,9/23/2021,9/24/2021,FALL,NA,NA,2021,NA,15:45,10:35,MWT,MMT,,NA,NA,NA,NA,NA,NA,NA,NA,NA,NA,NA,NA,,NA,NA,NA,NA,NA,NA,,NA,NA,NA
MWT.HRM.2021.004,HRM_3,3,9/23/2021,9/24/2021,FALL,NA,NA,2021,NA,15:45,10:35,MWT,MMT,,NA,NA,NA,NA,NA,NA,NA,NA,NA,NA,NA,NA,,NA,NA,NA,NA,NA,NA,,NA,NA,NA
MWT.HRM.2021.005,HRM_2,2,9/23/2021,9/24/2021,FALL,NA,NA,2021,NA,15:30,11:30,MWT,MMT,,NA,NA,NA,NA,NA,NA,NA,NA,NA,NA,NA,NA,,NA,NA,NA,NA,NA,NA,,NA,NA,NA
MWT.HRM.2021.006,HRM_2,2,9/23/2021,9/24/2021,FALL,NA,NA,2021,NA,15:30,12:08,MWT,MMT,,NA,NA,NA,NA,NA,NA,NA,NA,NA,NA,NA,NA,,NA,NA,NA,NA,NA,NA,,NA,NA,NA
MWT.HRM.2021.007,HRM_2,2,9/23/2021,9/24/2021,FALL,NA,NA,2021,NA,15:30,12:15,MWT,MMT,,NA,NA,NA,NA,NA,NA,NA,NA,NA,NA,NA,NA,,NA,NA,NA,NA,NA,NA,,NA,NA,NA
MWT.HRM.2021.008,HRM_1,1,9/23/2021,9/24/2021,FALL,NA,NA,2021,NA,15:00,13:00,MWT,MMT,,NA,NA,NA,NA,NA,NA,NA,NA,NA,NA,NA,NA,,NA,NA,NA,NA,NA,NA,,NA,NA,NA
MWT.HRM.2021.009,HRM_1,1,9/23/2021,9/24/2021,FALL,NA,NA,2021,NA,15:00,13:00,MWT,MMT,,NA,NA,NA,NA,NA,NA,NA,NA,NA,NA,NA,NA,,NA,NA,NA,NA,NA,NA,,NA,NA,NA
MWT.HRM.2021.010,HRM_1,1,9/23/2021,9/24/2021,FALL,NA,NA,2021,NA,15:00,13:00,MWT,MMT,,NA,NA,NA,NA,NA,NA,NA,NA,NA,NA,NA,NA,,NA,NA,NA,NA,NA,NA,,NA,NA,NA
MWT.HRM.2021.011,HRM_1,1,9/24/2021,9/25/2021,FALL,NA,NA,2021,NA,13:00,10:04,MWT,MMT,,NA,NA,NA,NA,NA,NA,NA,NA,NA,NA,NA,NA,,NA,NA,NA,NA,NA,NA,,NA,NA,NA
MWT.HRM.2021.012,HRM_1,1,9/24/2021,9/25/2021,FALL,NA,NA,2021,NA,13:00,10:04,MWT,MMT,,NA,NA,NA,NA,NA,NA,NA,NA,NA,NA,NA,NA,,NA,NA,NA,NA,NA,NA,,NA,NA,NA
MWT.HRM.2021.013,HRM_1,1,9/24/2021,9/25/2021,FALL,NA,NA,2021,NA,13:00,10:04,MWT,MMT,,NA,NA,NA,NA,NA,NA,NA,NA,NA,NA,NA,NA,,NA,NA,NA,NA,NA,NA,,NA,NA,NA
MWT.HRM.2021.014,HRM_2,2,9/24/2021,9/25/2021,FALL,NA,NA,2021,NA,12:15,10:47,MWT,MMT,,NA,NA,NA,NA,NA,NA,NA,NA,NA,NA,NA,NA,,NA,NA,NA,NA,NA,NA,,NA,NA,NA
MWT.HRM.2021.016,HRM_2,2,9/24/2021,9/25/2021,FALL,NA,NA,2021,NA,12:15,11:10,MWT,MMT,,NA,NA,NA,NA,NA,NA,NA,NA,NA,NA,NA,NA,,NA,NA,NA,NA,NA,NA,,NA,NA,NA
MWT.HRM.2021.015,HRM_2,2,9/24/2021,9/25/2021,FALL,NA,NA,2021,NA,12:15,10:57,MWT,MMT,,NA,NA,NA,NA,NA,NA,NA,NA,NA,NA,NA,NA,,NA,NA,NA,NA,NA,NA,,NA,NA,NA
MWT.HRM.2021.018,HRM_3,3,9/24/2021,9/25/2021,FALL,NA,NA,2021,NA,10:35,11:54,MWT,MMT,,NA,NA,NA,NA,NA,NA,NA,NA,NA,NA,NA,NA,,NA,NA,NA,NA,NA,NA,,NA,NA,NA
MWT.HRM.2021.017,HRM_3,3,9/24/2021,9/25/2021,FALL,NA,NA,2021,NA,10:35,11:50,MWT,MMT,,NA,NA,NA,NA,NA,NA,NA,NA,NA,NA,NA,NA,,NA,NA,NA,NA,NA,NA,,NA,NA,NA
MWT.HRM.2021.019,HRM_3,3,9/24/2021,9/25/2021,FALL,NA,NA,2021,NA,10:35,12:38,MWT,MMT,,NA,NA,NA,NA,NA,NA,NA,NA,NA,NA,NA,NA,,NA,NA,NA,NA,NA,NA,,NA,NA,NA
MWT.HRM.2021.020,HRM_4,4,9/24/2021,9/25/2021,FALL,NA,NA,2021,NA,10:00,12:38,MWT,MMT,,NA,NA,NA,NA,NA,NA,NA,NA,NA,NA,NA,NA,,NA,NA,NA,NA,NA,NA,,NA,NA,NA
MWT.HRM.2021.021,HRM_4,4,9/24/2021,9/25/2021,FALL,NA,NA,2021,NA,10:00,12:38,MWT,MMT,,NA,NA,NA,NA,NA,NA,NA,NA,NA,NA,NA,NA,,NA,NA,NA,NA,NA,NA,,NA,NA,NA
MWT.HRM.2021.022,HRM_4,4,9/24/2021,9/25/2021,FALL,NA,NA,2021,NA,10:00,12:38,MWT,MMT,,NA,NA,NA,NA,NA,NA,NA,NA,NA,NA,NA,NA,,NA,NA,NA,NA,NA,NA,,NA,NA,NA
MWT.HRM.2021.038,HRM_4,4,9/25/2021,9/26/2021,FALL,NA,NA,2021,NA,12:38,9:56,MWT,MMT,,NA,NA,NA,NA,NA,NA,NA,NA,NA,NA,NA,NA,,NA,NA,NA,NA,NA,NA,,NA,NA,NA
MWT.HRM.2021.039,HRM_4,4,9/25/2021,9/26/2021,FALL,NA,NA,2021,NA,12:38,9:56,MWT,MMT,,NA,NA,NA,NA,NA,NA,NA,NA,NA,NA,NA,NA,,NA,NA,NA,NA,NA,NA,,NA,NA,NA
MWT.HRM.2021.040,HRM_4,4,9/25/2021,9/26/2021,FALL,NA,NA,2021,NA,12:38,9:56,MWT,MMT,,NA,NA,NA,NA,NA,NA,NA,NA,NA,NA,NA,NA,,NA,NA,NA,NA,NA,NA,,NA,NA,NA
MWT.HRM.2021.023,HRM_3,3,9/25/2021,9/26/2021,FALL,NA,NA,2021,NA,12:30,10:20,MWT,MMT,DOG FOOD,NA,NA,NA,NA,NA,NA,NA,NA,NA,NA,NA,NA,,NA,NA,NA,NA,NA,NA,,NA,NA,NA
MWT.HRM.2021.024,HRM_3,3,9/25/2021,9/26/2021,FALL,NA,NA,2021,NA,12:30,10:20,MWT,MMT,DOG FOOD,NA,NA,NA,NA,NA,NA,NA,NA,NA,NA,NA,NA,,NA,NA,NA,NA,NA,NA,,NA,NA,NA
MWT.HRM.2021.025,HRM_3,3,9/25/2021,9/26/2021,FALL,NA,NA,2021,NA,12:30,10:20,MWT,MMT,DOG FOOD,NA,NA,NA,NA,NA,NA,NA,NA,NA,NA,NA,NA,,NA,NA,NA,NA,NA,NA,,NA,NA,NA
MWT.HRM.2021.026,HRM_2,2,9/25/2021,9/26/2021,FALL,NA,NA,2021,NA,11:15,11:00,MWT,MMT,DOG FOOD,NA,NA,NA,NA,NA,NA,NA,NA,NA,NA,NA,NA,,NA,NA,NA,NA,NA,NA,,NA,NA,NA
MWT.HRM.2021.027,HRM_2,2,9/25/2021,9/26/2021,FALL,NA,NA,2021,NA,12:15,11:15,MWT,MMT,DOG FOOD,NA,NA,NA,NA,NA,NA,NA,NA,NA,NA,NA,NA,,NA,NA,NA,NA,NA,NA,,NA,NA,NA
MWT.HRM.2021.028,HRM_2,2,9/25/2021,9/26/2021,FALL,NA,NA,2021,NA,13:15,11:15,MWT,MMT,DOG FOOD,NA,NA,NA,NA,NA,NA,NA,NA,NA,NA,NA,NA,,NA,NA,NA,NA,NA,NA,,NA,NA,NA
MWT.HRM.2021.029,HRM_1,1,9/25/2021,9/26/2021,FALL,NA,NA,2021,NA,10:05,12:30,MWT,MMT,DOG FOOD,NA,NA,NA,NA,NA,NA,NA,NA,NA,NA,NA,NA,,NA,NA,NA,NA,NA,NA,,NA,NA,NA
MWT.HRM.2021.030,HRM_1,1,9/25/2021,9/26/2021,FALL,NA,NA,2021,NA,10:05,12:30,MWT,MMT,DOG FOOD,NA,NA,NA,NA,NA,NA,NA,NA,NA,NA,NA,NA,,NA,NA,NA,NA,NA,NA,,NA,NA,NA
MWT.HRM.2021.031,HRM_1,1,9/25/2021,9/26/2021,FALL,NA,NA,2021,NA,10:05,12:30,MWT,MMT,DOG FOOD,NA,NA,NA,NA,NA,NA,NA,NA,NA,NA,NA,NA,,NA,NA,NA,NA,NA,NA,,NA,NA,NA
MWT.HRM.2021.032,HRM_4,4,9/26/2021,9/26/2021,FALL,NA,NA,2021,NA,10:00,13:50,MWT,MMT,DOG FOOD,NA,NA,NA,NA,NA,NA,NA,NA,NA,NA,NA,NA,,NA,NA,NA,NA,NA,NA,,NA,NA,NA
MWT.HRM.2021.033,HRM_4,4,9/26/2021,9/26/2021,FALL,NA,NA,2021,NA,10:00,13:55,MWT,MMT,DOG FOOD,NA,NA,NA,NA,NA,NA,NA,NA,NA,NA,NA,NA,,NA,NA,NA,NA,NA,NA,,NA,NA,NA
MWT.HRM.2021.034,HRM_4,4,9/26/2021,9/26/2021,FALL,NA,NA,2021,NA,10:00,14:05,MWT,MMT,DOG FOOD,NA,NA,NA,NA,NA,NA,NA,NA,NA,NA,NA,NA,,NA,NA,NA,NA,NA,NA,,NA,NA,NA
MWT.HRM.2021.035,HRM_3,3,9/26/2021,9/26/2021,FALL,NA,NA,2021,NA,10:20,14:37,MWT,MMT,DOG FOOD,NA,NA,NA,NA,NA,NA,NA,NA,NA,NA,NA,NA,,NA,NA,NA,NA,NA,NA,,NA,NA,NA
MWT.HRM.2021.036,HRM_3,3,9/26/2021,9/26/2021,FALL,NA,NA,2021,NA,10:20,14:40,MWT,MMT,DOG FOOD,NA,NA,NA,NA,NA,NA,NA,NA,NA,NA,NA,NA,,NA,NA,NA,NA,NA,NA,,NA,NA,NA
MWT.HRM.2021.037,HRM_3,3,9/26/2021,9/26/2021,FALL,NA,NA,2021,NA,10:20,14:40,MWT,MMT,DOG FOOD,NA,NA,NA,NA,NA,NA,NA,NA,NA,NA,NA,NA,,NA,NA,NA,NA,NA,NA,,NA,NA,NA
MWT.PRL.2021.001,PRL,3,6/22/2021,6/23/2021,SUMMER,NA,NA,2021,NA,9:00,8:34,MWT,MPT,,NA,NA,NA,NA,NA,NA,NA,NA,NA,NA,NA,NA,,NA,NA,NA,NA,NA,NA,,NA,NA,NA
MWT.PRL.2021.002,PRL,3,6/22/2021,6/23/2021,SUMMER,NA,NA,2021,NA,9:00,8:38,MWT,MESH,,NA,NA,NA,NA,NA,NA,NA,NA,NA,NA,NA,NA,,NA,NA,NA,NA,NA,NA,,NA,NA,NA
MWT.PRL.2021.003,PRL,3,6/22/2021,6/23/2021,SUMMER,NA,NA,2021,NA,9:00,8:40,MWT,MMT,,NA,NA,NA,NA,NA,NA,NA,NA,NA,NA,NA,NA,,NA,NA,NA,NA,NA,NA,,NA,NA,NA
MWT.PRL.2021.004,PRL,3,6/22/2021,6/23/2021,SUMMER,NA,NA,2021,NA,9:00,8:42,MWT,MESH,,NA,NA,NA,NA,NA,NA,NA,NA,NA,NA,NA,NA,,NA,NA,NA,NA,NA,NA,,NA,NA,NA
MWT.PRL.2021.005,PRL,3,6/22/2021,6/23/2021,SUMMER,NA,NA,2021,NA,9:00,8:46,MWT,MESH,,NA,NA,NA,NA,NA,NA,NA,NA,NA,NA,NA,NA,,NA,NA,NA,NA,NA,NA,,NA,NA,NA
MWT.PRL.2021.006,PRL,3,6/22/2021,6/23/2021,SUMMER,NA,NA,2021,NA,9:00,8:52,MWT,MPT,,NA,NA,NA,NA,NA,NA,NA,NA,NA,NA,NA,NA,,NA,NA,NA,NA,NA,NA,,NA,NA,NA
MWT.PRL.2021.007,PRL,3,6/22/2021,6/23/2021,SUMMER,NA,NA,2021,NA,9:00,8:58,MWT,MMT,,NA,NA,NA,NA,NA,NA,NA,NA,NA,NA,NA,NA,,NA,NA,NA,NA,NA,NA,,NA,NA,NA
MWT.PRL.2021.008,PRL,3,6/22/2021,6/23/2021,SUMMER,NA,NA,2021,NA,9:00,9:00,MWT,MESH,,NA,NA,NA,NA,NA,NA,NA,NA,NA,NA,NA,NA,,NA,NA,NA,NA,NA,NA,,NA,NA,NA
MWT.PRL.2021.009,PRL,3,6/22/2021,6/23/2021,SUMMER,NA,NA,2021,NA,9:00,9:02,MWT,MPT,,NA,NA,NA,NA,NA,NA,NA,NA,NA,NA,NA,NA,,NA,NA,NA,NA,NA,NA,,NA,NA,NA
MWT.PRL.2021.010,PRL,3,6/22/2021,6/23/2021,SUMMER,NA,NA,2021,NA,9:00,9:06,MWT,MMT,,NA,NA,NA,NA,NA,NA,NA,NA,NA,NA,NA,NA,,NA,NA,NA,NA,NA,NA,,NA,NA,NA
MWT.PRL.2021.011,PRL,3,6/22/2021,6/23/2021,SUMMER,NA,NA,2021,NA,9:00,9:10,MWT,MPT,,NA,NA,NA,NA,NA,NA,NA,NA,NA,NA,NA,NA,,NA,NA,NA,NA,NA,NA,,NA,NA,NA
MWT.PRL.2021.012,PRL,3,6/22/2021,6/23/2021,SUMMER,NA,NA,2021,NA,9:00,9:12,MWT,MESH,,NA,NA,NA,NA,NA,NA,NA,NA,NA,NA,NA,NA,,NA,NA,NA,NA,NA,NA,,NA,NA,NA
MWT.PRL.2021.013,PRL,3,6/22/2021,6/23/2021,SUMMER,NA,NA,2021,NA,9:00,9:15,MWT,MPT,,NA,NA,NA,NA,NA,NA,NA,NA,NA,NA,NA,NA,,NA,NA,NA,NA,NA,NA,,NA,NA,NA
MWT.PRL.2021.014,PRL,3,6/22/2021,6/23/2021,SUMMER,NA,NA,2021,NA,9:00,9:19,MWT,MMT,,NA,NA,NA,NA,NA,NA,NA,NA,NA,NA,NA,NA,,NA,NA,NA,NA,NA,NA,,NA,NA,NA
MWT.PRL.2021.015,PRL,3,6/22/2021,6/23/2021,SUMMER,NA,NA,2021,NA,9:00,9:25,MWT,MESH,,NA,NA,NA,NA,NA,NA,NA,NA,NA,NA,NA,NA,,NA,NA,NA,NA,NA,NA,,NA,NA,NA
MWT.PRL.2021.016,PRL,3,6/22/2021,6/23/2021,SUMMER,NA,NA,2021,NA,9:00,9:32,MWT,MMT,,NA,NA,NA,NA,NA,NA,NA,NA,NA,NA,NA,NA,,NA,NA,NA,NA,NA,NA,,NA,NA,NA
MWT.PRL.2021.017,PRL,3,6/22/2021,6/23/2021,SUMMER,NA,NA,2021,NA,9:00,9:37,MWT,MMT,,NA,NA,NA,NA,NA,NA,NA,NA,NA,NA,NA,NA,,NA,NA,NA,NA,NA,NA,,NA,NA,NA
MWT.PRL.2021.018,PRL,3,6/22/2021,6/23/2021,SUMMER,NA,NA,2021,NA,9:00,9:38,MWT,MESH,,NA,NA,NA,NA,NA,NA,NA,NA,NA,NA,NA,NA,,NA,NA,NA,NA,NA,NA,,NA,NA,NA
MWT.PRL.2021.019,PRL,3,6/22/2021,6/23/2021,SUMMER,NA,NA,2021,NA,9:00,9:45,MWT,MMT,,NA,NA,NA,NA,NA,NA,NA,NA,NA,NA,NA,NA,,NA,NA,NA,NA,NA,NA,,NA,NA,NA
MWT.PRL.2021.020,PRL,3,6/22/2021,6/23/2021,SUMMER,NA,NA,2021,NA,9:00,9:47,MWT,MESH,,NA,NA,NA,NA,NA,NA,NA,NA,NA,NA,NA,NA,,NA,NA,NA,NA,NA,NA,,NA,NA,NA
MWT.PRL.2021.039,PRL,1,6/24/2021,6/25/2021,SUMMER,NA,NA,2021,NA,10:00,8:40,MWT,MESH,,NA,NA,NA,NA,NA,NA,NA,NA,NA,NA,NA,NA,,NA,NA,NA,NA,NA,NA,,NA,NA,NA
MWT.PRL.2021.040,PRL,1,6/24/2021,6/25/2021,SUMMER,NA,NA,2021,NA,10:00,8:43,MWT,MMT,,NA,NA,NA,NA,NA,NA,NA,NA,NA,NA,NA,NA,,NA,NA,NA,NA,NA,NA,,NA,NA,NA
MWT.PRL.2021.041,PRL,1,6/24/2021,6/25/2021,SUMMER,NA,NA,2021,NA,10:00,8:45,MWT,MPT,,NA,NA,NA,NA,NA,NA,NA,NA,NA,NA,NA,NA,,NA,NA,NA,NA,NA,NA,,NA,NA,NA
MWT.PRL.2021.042,PRL,1,6/24/2021,6/25/2021,SUMMER,NA,NA,2021,NA,10:00,8:46,MWT,MESH,,NA,NA,NA,NA,NA,NA,NA,NA,NA,NA,NA,NA,,NA,NA,NA,NA,NA,NA,,NA,NA,NA
MWT.PRL.2021.043,PRL,1,6/24/2021,6/25/2021,SUMMER,NA,NA,2021,NA,10:00,8:49,MWT,MPT,,NA,NA,NA,NA,NA,NA,NA,NA,NA,NA,NA,NA,,NA,NA,NA,NA,NA,NA,,NA,NA,NA
MWT.PRL.2021.044,PRL,1,6/24/2021,6/25/2021,SUMMER,NA,NA,2021,NA,10:00,8:51,MWT,MMT,,NA,NA,NA,NA,NA,NA,NA,NA,NA,NA,NA,NA,,NA,NA,NA,NA,NA,NA,,NA,NA,NA
MWT.PRL.2021.045,PRL,1,6/24/2021,6/25/2021,SUMMER,NA,NA,2021,NA,10:00,8:53,MWT,MPT,,NA,NA,NA,NA,NA,NA,NA,NA,NA,NA,NA,NA,,NA,NA,NA,NA,NA,NA,,NA,NA,NA
MWT.PRL.2021.046,PRL,1,6/24/2021,6/25/2021,SUMMER,NA,NA,2021,NA,10:00,8:57,MWT,MMT,,NA,NA,NA,NA,NA,NA,NA,NA,NA,NA,NA,NA,,NA,NA,NA,NA,NA,NA,,NA,NA,NA
MWT.PRL.2021.047,PRL,1,6/24/2021,6/25/2021,SUMMER,NA,NA,2021,NA,10:00,8:57,MWT,MPT,,NA,NA,NA,NA,NA,NA,NA,NA,NA,NA,NA,NA,,NA,NA,NA,NA,NA,NA,,NA,NA,NA
MWT.PRL.2021.048,PRL,1,6/24/2021,6/25/2021,SUMMER,NA,NA,2021,NA,10:00,8:57,MWT,MMT,,NA,NA,NA,NA,NA,NA,NA,NA,NA,NA,NA,NA,,NA,NA,NA,NA,NA,NA,,NA,NA,NA
MWT.PRL.2021.049,PRL,1,6/24/2021,6/25/2021,SUMMER,NA,NA,2021,NA,10:00,9:00,MWT,MESH,,NA,NA,NA,NA,NA,NA,NA,NA,NA,NA,NA,NA,,NA,NA,NA,NA,NA,NA,,NA,NA,NA
MWT.PRL.2021.050,PRL,1,6/24/2021,6/25/2021,SUMMER,NA,NA,2021,NA,10:00,9:01,MWT,MESH,,NA,NA,NA,NA,NA,NA,NA,NA,NA,NA,NA,NA,,NA,NA,NA,NA,NA,NA,,NA,NA,NA
MWT.PRL.2021.052,PRL,1,6/24/2021,6/25/2021,SUMMER,NA,NA,2021,NA,10:00,9:09,MWT,MMT,,NA,NA,NA,NA,NA,NA,NA,NA,NA,NA,NA,NA,,NA,NA,NA,NA,NA,NA,,NA,NA,NA
MWT.PRL.2021.051,PRL,1,6/24/2021,6/25/2021,SUMMER,NA,NA,2021,NA,10:00,9:01,MWT,MMT,,NA,NA,NA,NA,NA,NA,NA,NA,NA,NA,NA,NA,,NA,NA,NA,NA,NA,NA,,NA,NA,NA
MWT.PRL.2021.053,PRL,1,6/24/2021,6/25/2021,SUMMER,NA,NA,2021,NA,10:00,9:09,MWT,MPT,,NA,NA,NA,NA,NA,NA,NA,NA,NA,NA,NA,NA,,NA,NA,NA,NA,NA,NA,,NA,NA,NA
MWT.PRL.2021.054,PRL,1,6/24/2021,6/25/2021,SUMMER,NA,NA,2021,NA,10:00,9:10,MWT,MESH,,NA,NA,NA,NA,NA,NA,NA,NA,NA,NA,NA,NA,,NA,NA,NA,NA,NA,NA,,NA,NA,NA
MWT.PRL.2021.055,PRL,1,6/24/2021,6/25/2021,SUMMER,NA,NA,2021,NA,10:00,9:15,MWT,MESH,,NA,NA,NA,NA,NA,NA,NA,NA,NA,NA,NA,NA,,NA,NA,NA,NA,NA,NA,,NA,NA,NA
MWT.PRL.2021.056,PRL,1,6/24/2021,6/25/2021,SUMMER,NA,NA,2021,NA,10:00,9:15,MWT,MMT,,NA,NA,NA,NA,NA,NA,NA,NA,NA,NA,NA,NA,,NA,NA,NA,NA,NA,NA,,NA,NA,NA
MWT.PRL.2021.058,PRL,1,6/29/2021,6/30/2021,SUMMER,NA,NA,2021,NA,16:00,13:05,MWT,MPT,,NA,NA,NA,NA,NA,NA,NA,NA,NA,NA,NA,NA,,NA,NA,NA,NA,NA,NA,,NA,NA,NA
MWT.PRL.2021.059,PRL,1,6/29/2021,6/30/2021,SUMMER,NA,NA,2021,NA,16:00,13:06,MWT,MESH,,NA,NA,NA,NA,NA,NA,NA,NA,NA,NA,NA,NA,,NA,NA,NA,NA,NA,NA,,NA,NA,NA
MWT.PRL.2021.060,PRL,1,6/29/2021,6/30/2021,SUMMER,NA,NA,2021,NA,16:00,13:06,MWT,MESH,,NA,NA,NA,NA,NA,NA,NA,NA,NA,NA,NA,NA,,NA,NA,NA,NA,NA,NA,,NA,NA,NA
MWT.PRL.2021.057,PRL,1,6/29/2021,6/30/2021,SUMMER,NA,NA,2021,NA,16:00,1:45,MWT,MMT,,NA,NA,NA,NA,NA,NA,NA,NA,NA,NA,NA,NA,,NA,NA,NA,NA,NA,NA,,NA,NA,NA
MWT.PRL.2021.064,PRL,1,7/1/2021,7/2/2021,SUMMER,NA,NA,2021,NA,16:00,1:45,MWT,MPT,,NA,NA,NA,NA,NA,NA,NA,NA,NA,NA,NA,NA,,NA,NA,NA,NA,NA,NA,,NA,NA,NA
MWT.PRL.2021.065,PRL,1,7/1/2021,7/2/2021,SUMMER,NA,NA,2021,NA,16:00,1:45,MWT,MESH,,NA,NA,NA,NA,NA,NA,NA,NA,NA,NA,NA,NA,,NA,NA,NA,NA,NA,NA,,NA,NA,NA
MWT.PRL.2021.066,PRL,1,7/1/2021,7/2/2021,SUMMER,NA,NA,2021,NA,16:00,1:45,MWT,MESH,,NA,NA,NA,NA,NA,NA,NA,NA,NA,NA,NA,NA,,NA,NA,NA,NA,NA,NA,,NA,NA,NA
MWT.PRL.2021.067,PRL,1,7/1/2021,7/2/2021,SUMMER,NA,NA,2021,NA,16:00,1:45,MWT,MMT,,NA,NA,NA,NA,NA,NA,NA,NA,NA,NA,NA,NA,,NA,NA,NA,NA,NA,NA,,NA,NA,NA
MWT.PRL.2021.021,PRL,2,6/23/2021,6/24/2021,SUMMER,NA,NA,2021,NA,10:00,8:08,MWT,MMT,,NA,NA,NA,NA,NA,NA,NA,NA,NA,NA,NA,NA,,NA,NA,NA,NA,NA,NA,,NA,NA,NA
MWT.PRL.2021.022,PRL,2,6/23/2021,6/24/2021,SUMMER,NA,NA,2021,NA,11:00,8:09,MWT,MESH,,NA,NA,NA,NA,NA,NA,NA,NA,NA,NA,NA,NA,,NA,NA,NA,NA,NA,NA,,NA,NA,NA
MWT.PRL.2021.023,PRL,2,6/23/2021,6/24/2021,SUMMER,NA,NA,2021,NA,12:00,8:11,MWT,MMT,,NA,NA,NA,NA,NA,NA,NA,NA,NA,NA,NA,NA,,NA,NA,NA,NA,NA,NA,,NA,NA,NA
MWT.PRL.2021.024,PRL,2,6/23/2021,6/24/2021,SUMMER,NA,NA,2021,NA,13:00,8:16,MWT,MPT,,NA,NA,NA,NA,NA,NA,NA,NA,NA,NA,NA,NA,,NA,NA,NA,NA,NA,NA,,NA,NA,NA
MWT.PRL.2021.025,PRL,2,6/23/2021,6/24/2021,SUMMER,NA,NA,2021,NA,14:00,8:17,MWT,MMT,,NA,NA,NA,NA,NA,NA,NA,NA,NA,NA,NA,NA,,NA,NA,NA,NA,NA,NA,,NA,NA,NA
MWT.PRL.2021.026,PRL,2,6/23/2021,6/24/2021,SUMMER,NA,NA,2021,NA,15:00,8:19,MWT,MMT,,NA,NA,NA,NA,NA,NA,NA,NA,NA,NA,NA,NA,,NA,NA,NA,NA,NA,NA,,NA,NA,NA
MWT.PRL.2021.027,PRL,2,6/23/2021,6/24/2021,SUMMER,NA,NA,2021,NA,16:00,8:21,MWT,MESH,,NA,NA,NA,NA,NA,NA,NA,NA,NA,NA,NA,NA,,NA,NA,NA,NA,NA,NA,,NA,NA,NA
MWT.PRL.2021.028,PRL,2,6/23/2021,6/24/2021,SUMMER,NA,NA,2021,NA,17:00,8:22,MWT,MMT,,NA,NA,NA,NA,NA,NA,NA,NA,NA,NA,NA,NA,,NA,NA,NA,NA,NA,NA,,NA,NA,NA
MWT.PRL.2021.029,PRL,2,6/23/2021,6/24/2021,SUMMER,NA,NA,2021,NA,18:00,8:24,MWT,MPT,,NA,NA,NA,NA,NA,NA,NA,NA,NA,NA,NA,NA,,NA,NA,NA,NA,NA,NA,,NA,NA,NA
MWT.PRL.2021.030,PRL,2,6/23/2021,6/24/2021,SUMMER,NA,NA,2021,NA,19:00,8:27,MWT,MESH,,NA,NA,NA,NA,NA,NA,NA,NA,NA,NA,NA,NA,,NA,NA,NA,NA,NA,NA,,NA,NA,NA
MWT.PRL.2021.031,PRL,2,6/23/2021,6/24/2021,SUMMER,NA,NA,2021,NA,19:00,8:32,MWT,MPT,,NA,NA,NA,NA,NA,NA,NA,NA,NA,NA,NA,NA,,NA,NA,NA,NA,NA,NA,,NA,NA,NA
MWT.PRL.2021.032,PRL,2,6/23/2021,6/24/2021,SUMMER,NA,NA,2021,NA,19:00,8:34,MWT,MESH,,NA,NA,NA,NA,NA,NA,NA,NA,NA,NA,NA,NA,,NA,NA,NA,NA,NA,NA,,NA,NA,NA
MWT.PRL.2021.033,PRL,2,6/23/2021,6/24/2021,SUMMER,NA,NA,2021,NA,19:00,8:40,MWT,MMT,,NA,NA,NA,NA,NA,NA,NA,NA,NA,NA,NA,NA,,NA,NA,NA,NA,NA,NA,,NA,NA,NA
MWT.PRL.2021.034,PRL,2,6/23/2021,6/24/2021,SUMMER,NA,NA,2021,NA,19:00,8:44,MWT,MPT,,NA,NA,NA,NA,NA,NA,NA,NA,NA,NA,NA,NA,,NA,NA,NA,NA,NA,NA,,NA,NA,NA
MWT.PRL.2021.035,PRL,2,6/23/2021,6/24/2021,SUMMER,NA,NA,2021,NA,19:00,8:46,MWT,MMT,,NA,NA,NA,NA,NA,NA,NA,NA,NA,NA,NA,NA,,NA,NA,NA,NA,NA,NA,,NA,NA,NA
MWT.PRL.2021.036,PRL,2,6/23/2021,6/24/2021,SUMMER,NA,NA,2021,NA,19:00,8:50,MWT,MESH,,NA,NA,NA,NA,NA,NA,NA,NA,NA,NA,NA,NA,,NA,NA,NA,NA,NA,NA,,NA,NA,NA
MWT.PRL.2021.037,PRL,2,6/23/2021,6/24/2021,SUMMER,NA,NA,2021,NA,19:00,8:55,MWT,MESH,,NA,NA,NA,NA,NA,NA,NA,NA,NA,NA,NA,NA,,NA,NA,NA,NA,NA,NA,,NA,NA,NA
MWT.PRL.2021.038,PRL,2,6/23/2021,6/24/2021,SUMMER,NA,NA,2021,NA,19:00,8:56,MWT,MPT,,NA,NA,NA,NA,NA,NA,NA,NA,NA,NA,NA,NA,,NA,NA,NA,NA,NA,NA,,NA,NA,NA
MWT.PRL.2021.072,PRL,1B,8/9/2021,8/10/2021,SUMMER,NA,NA,2021,NA,17:00,8:22,MWT,MPT,,NA,NA,NA,NA,NA,NA,NA,NA,NA,NA,NA,NA,,NA,NA,NA,NA,NA,NA,,NA,NA,NA
MWT.PRL.2021.073,PRL,1B,8/9/2021,8/10/2021,SUMMER,NA,NA,2021,NA,17:00,8:22,MWT,MESH,,NA,NA,NA,NA,NA,NA,NA,NA,NA,NA,NA,NA,,NA,NA,NA,NA,NA,NA,,NA,NA,NA
MWT.PRL.2021.074,PRL,1C,8/9/2021,8/10/2021,SUMMER,NA,NA,2021,NA,17:00,8:25,MWT,MESH,,NA,NA,NA,NA,NA,NA,NA,NA,NA,NA,NA,NA,,NA,NA,NA,NA,NA,NA,,NA,NA,NA
MWT.PRL.2021.075,PRL,1C,8/9/2021,8/10/2021,SUMMER,NA,NA,2021,NA,17:00,8:25,MWT,MPT,,NA,NA,NA,NA,NA,NA,NA,NA,NA,NA,NA,NA,,NA,NA,NA,NA,NA,NA,,NA,NA,NA
MWT.PRL.2021.076,PRL,2A,8/9/2021,8/10/2021,SUMMER,NA,NA,2021,NA,17:00,8:36,MWT,MPT,,NA,NA,NA,NA,NA,NA,NA,NA,NA,NA,NA,NA,,NA,NA,NA,NA,NA,NA,,NA,NA,NA
MWT.PRL.2021.077,PRL,2A,8/9/2021,8/10/2021,SUMMER,NA,NA,2021,NA,17:00,8:36,MWT,MESH,,NA,NA,NA,NA,NA,NA,NA,NA,NA,NA,NA,NA,,NA,NA,NA,NA,NA,NA,,NA,NA,NA
MWT.PRL.2021.078,PRL,2B,8/9/2021,8/10/2021,SUMMER,NA,NA,2021,NA,17:00,9:06,MWT,MESH,,NA,NA,NA,NA,NA,NA,NA,NA,NA,NA,NA,NA,,NA,NA,NA,NA,NA,NA,,NA,NA,NA
MWT.PRL.2021.079,PRL,2B,8/9/2021,8/10/2021,SUMMER,NA,NA,2021,NA,17:00,9:06,MWT,MPT,,NA,NA,NA,NA,NA,NA,NA,NA,NA,NA,NA,NA,,NA,NA,NA,NA,NA,NA,,NA,NA,NA
MWT.PRL.2021.080,PRL,2C,8/9/2021,8/10/2021,SUMMER,NA,NA,2021,NA,17:00,9:20,MWT,MESH,,NA,NA,NA,NA,NA,NA,NA,NA,NA,NA,NA,NA,,NA,NA,NA,NA,NA,NA,,NA,NA,NA
MWT.PRL.2021.081,PRL,2C,8/9/2021,8/10/2021,SUMMER,NA,NA,2021,NA,17:00,9:20,MWT,MPT,,NA,NA,NA,NA,NA,NA,NA,NA,NA,NA,NA,NA,,NA,NA,NA,NA,NA,NA,,NA,NA,NA
MWT.PRL.2021.082,PRL,3A,8/9/2021,8/10/2021,SUMMER,NA,NA,2021,NA,17:00,9:33,MWT,MESH,,NA,NA,NA,NA,NA,NA,NA,NA,NA,NA,NA,NA,,NA,NA,NA,NA,NA,NA,,NA,NA,NA
MWT.PRL.2021.083,PRL,3A,8/9/2021,8/10/2021,SUMMER,NA,NA,2021,NA,17:00,9:33,MWT,MPT,,NA,NA,NA,NA,NA,NA,NA,NA,NA,NA,NA,NA,,NA,NA,NA,NA,NA,NA,,NA,NA,NA
MWT.PRL.2021.084,PRL,3B,8/9/2021,8/10/2021,SUMMER,NA,NA,2021,NA,17:00,9:58,MWT,MESH,,NA,NA,NA,NA,NA,NA,NA,NA,NA,NA,NA,NA,,NA,NA,NA,NA,NA,NA,,NA,NA,NA
MWT.PRL.2021.085,PRL,3B,8/9/2021,8/10/2021,SUMMER,NA,NA,2021,NA,17:00,9:58,MWT,MPT,,NA,NA,NA,NA,NA,NA,NA,NA,NA,NA,NA,NA,,NA,NA,NA,NA,NA,NA,,NA,NA,NA
MWT.PRL.2021.067,PRL,3C,8/9/2021,8/10/2021,SUMMER,NA,NA,2021,NA,17:00,11:00,MWT,MESH,,NA,NA,NA,NA,NA,NA,NA,NA,NA,NA,NA,NA,,NA,NA,NA,NA,NA,NA,,NA,NA,NA
MWT.PRL.2021.068,PRL,3C,8/9/2021,8/10/2021,SUMMER,NA,NA,2021,NA,17:00,11:00,MWT,MPT,,NA,NA,NA,NA,NA,NA,NA,NA,NA,NA,NA,NA,,NA,NA,NA,NA,NA,NA,,NA,NA,NA
MWT.PRL.2021.069,PRL,1B,8/9/2021,8/10/2021,SUMMER,NA,NA,2021,NA,17:00,11:18,MWT,MESH,,NA,NA,NA,NA,NA,NA,NA,NA,NA,NA,NA,NA,,NA,NA,NA,NA,NA,NA,,NA,NA,NA
MWT.PRL.2021.070,PRL,1B,8/9/2021,8/10/2021,SUMMER,NA,NA,2021,NA,17:00,11:18,MWT,MPT,,NA,NA,NA,NA,NA,NA,NA,NA,NA,NA,NA,NA,,NA,NA,NA,NA,NA,NA,,NA,NA,NA
MWT.PRL.2021.071,PRL,1A,8/9/2021,8/10/2021,SUMMER,NA,NA,2021,NA,17:00,11:53,MWT,MESH,,NA,NA,NA,NA,NA,NA,NA,NA,NA,NA,NA,NA,,NA,NA,NA,NA,NA,NA,,NA,NA,NA
MWT.PRL.2021.101,PRL,2C,8/10/2021,8/11/2021,SUMMER,NA,NA,2021,NA,9:20,9:46,MWT,MESH,,NA,NA,NA,NA,NA,NA,NA,NA,NA,NA,NA,NA,,NA,NA,NA,NA,NA,NA,,NA,NA,NA
MWT.PRL.2021.102,PRL,2C,8/10/2021,8/11/2021,SUMMER,NA,NA,2021,NA,9:20,9:46,MWT,MPT,,NA,NA,NA,NA,NA,NA,NA,NA,NA,NA,NA,NA,,NA,NA,NA,NA,NA,NA,,NA,NA,NA
MWT.PRL.2021.103,PRL,3A,8/10/2021,8/11/2021,SUMMER,NA,NA,2021,NA,9:33,9:58,MWT,MPT,,NA,NA,NA,NA,NA,NA,NA,NA,NA,NA,NA,NA,,NA,NA,NA,NA,NA,NA,,NA,NA,NA
MWT.PRL.2021.104,PRL,3A,8/10/2021,8/11/2021,SUMMER,NA,NA,2021,NA,9:33,9:58,MWT,MESH,,NA,NA,NA,NA,NA,NA,NA,NA,NA,NA,NA,NA,,NA,NA,NA,NA,NA,NA,,NA,NA,NA
MWT.PRL.2021.086,PRL,3B,8/10/2021,8/11/2021,SUMMER,NA,NA,2021,NA,9:58,10:12,MWT,MESH,,NA,NA,NA,NA,NA,NA,NA,NA,NA,NA,NA,NA,,NA,NA,NA,NA,NA,NA,,NA,NA,NA
MWT.PRL.2021.087,PRL,3B,8/10/2021,8/11/2021,SUMMER,NA,NA,2021,NA,9:58,10:12,MWT,MPT,,NA,NA,NA,NA,NA,NA,NA,NA,NA,NA,NA,NA,,NA,NA,NA,NA,NA,NA,,NA,NA,NA
MWT.PRL.2021.088,PRL,3C,8/10/2021,8/11/2021,SUMMER,NA,NA,2021,NA,11:00,10:23,MWT,MESH,,NA,NA,NA,NA,NA,NA,NA,NA,NA,NA,NA,NA,,NA,NA,NA,NA,NA,NA,,NA,NA,NA
MWT.PRL.2021.089,PRL,3C,8/10/2021,8/11/2021,SUMMER,NA,NA,2021,NA,11:00,10:23,MWT,MPT,,NA,NA,NA,NA,NA,NA,NA,NA,NA,NA,NA,NA,,NA,NA,NA,NA,NA,NA,,NA,NA,NA
MWT.PRL.2021.095,PRL,1B,8/10/2021,8/11/2021,SUMMER,NA,NA,2021,NA,8:22,12:25,MWT,MESH,,NA,NA,NA,NA,NA,NA,NA,NA,NA,NA,NA,NA,,NA,NA,NA,NA,NA,NA,,NA,NA,NA
MWT.PRL.2021.096,PRL,1B,8/10/2021,8/11/2021,SUMMER,NA,NA,2021,NA,8:22,12:25,MWT,MPT,,NA,NA,NA,NA,NA,NA,NA,NA,NA,NA,NA,NA,,NA,NA,NA,NA,NA,NA,,NA,NA,NA
MWT.PRL.2021.090,PRL,1A,8/10/2021,8/11/2021,SUMMER,NA,NA,2021,NA,11:53,12:10,MWT,MESH,,NA,NA,NA,NA,NA,NA,NA,NA,NA,NA,NA,NA,,NA,NA,NA,NA,NA,NA,,NA,NA,NA
MWT.PRL.2021.091,PRL,1C,8/10/2021,8/11/2021,SUMMER,NA,NA,2021,NA,8:25,12:16,MWT,MESH,,NA,NA,NA,NA,NA,NA,NA,NA,NA,NA,NA,NA,,NA,NA,NA,NA,NA,NA,,NA,NA,NA
MWT.PRL.2021.092,PRL,1C,8/10/2021,8/11/2021,SUMMER,NA,NA,2021,NA,8:25,12:16,MWT,MPT,,NA,NA,NA,NA,NA,NA,NA,NA,NA,NA,NA,NA,,NA,NA,NA,NA,NA,NA,,NA,NA,NA
MWT.PRL.2021.093,PRL,1B,8/10/2021,8/11/2021,SUMMER,NA,NA,2021,NA,11:18,12:20,MWT,MESH,,NA,NA,NA,NA,NA,NA,NA,NA,NA,NA,NA,NA,,NA,NA,NA,NA,NA,NA,,NA,NA,NA
MWT.PRL.2021.094,PRL,1B,8/10/2021,8/11/2021,SUMMER,NA,NA,2021,NA,11:18,12:20,MWT,MPT,,NA,NA,NA,NA,NA,NA,NA,NA,NA,NA,NA,NA,,NA,NA,NA,NA,NA,NA,,NA,NA,NA
MWT.PRL.2021.097,PRL,2A,8/10/2021,8/11/2021,SUMMER,NA,NA,2021,NA,8:36,9:38,MWT,MESH,,NA,NA,NA,NA,NA,NA,NA,NA,NA,NA,NA,NA,,NA,NA,NA,NA,NA,NA,,NA,NA,NA
MWT.PRL.2021.098,PRL,2A,8/10/2021,8/11/2021,SUMMER,NA,NA,2021,NA,8:36,9:38,MWT,MPT,,NA,NA,NA,NA,NA,NA,NA,NA,NA,NA,NA,NA,,NA,NA,NA,NA,NA,NA,,NA,NA,NA
MWT.PRL.2021.099,PRL,2B,8/10/2021,8/11/2021,SUMMER,NA,NA,2021,NA,9:06,9:43,MWT,MESH,,NA,NA,NA,NA,NA,NA,NA,NA,NA,NA,NA,NA,,NA,NA,NA,NA,NA,NA,,NA,NA,NA
MWT.PRL.2021.100,PRL,2B,8/10/2021,8/11/2021,SUMMER,NA,NA,2021,NA,9:06,9:43,MWT,MPT,,NA,NA,NA,NA,NA,NA,NA,NA,NA,NA,NA,NA,,NA,NA,NA,NA,NA,NA,,NA,NA,NA
MWT.PRL.2021.121,PRL,1B,8/11/2021,8/12/2021,SUMMER,NA,NA,2021,NA,12:20,12:57,MWT,MPT,,NA,NA,NA,NA,NA,NA,NA,NA,NA,NA,NA,NA,,NA,NA,NA,NA,NA,NA,,NA,NA,NA
MWT.PRL.2021.122,PRL,1B,8/11/2021,8/12/2021,SUMMER,NA,NA,2021,NA,12:20,12:57,MWT,MESH,,NA,NA,NA,NA,NA,NA,NA,NA,NA,NA,NA,NA,,NA,NA,NA,NA,NA,NA,,NA,NA,NA
MWT.PRL.2021.105,PRL,1B,8/11/2021,8/12/2021,SUMMER,NA,NA,2021,NA,12:20,1:01,MWT,MPT,,NA,NA,NA,NA,NA,NA,NA,NA,NA,NA,NA,NA,,NA,NA,NA,NA,NA,NA,,NA,NA,NA
MWT.PRL.2021.106,PRL,1B,8/11/2021,8/12/2021,SUMMER,NA,NA,2021,NA,12:20,1:01,MWT,MESH,,NA,NA,NA,NA,NA,NA,NA,NA,NA,NA,NA,NA,,NA,NA,NA,NA,NA,NA,,NA,NA,NA
MWT.PRL.2021.107,PRL,1C,8/11/2021,8/12/2021,SUMMER,NA,NA,2021,NA,12:16,1:03,MWT,MPT,,NA,NA,NA,NA,NA,NA,NA,NA,NA,NA,NA,NA,,NA,NA,NA,NA,NA,NA,,NA,NA,NA
MWT.PRL.2021.108,PRL,1C,8/11/2021,8/12/2021,SUMMER,NA,NA,2021,NA,12:16,1:03,MWT,MESH,,NA,NA,NA,NA,NA,NA,NA,NA,NA,NA,NA,NA,,NA,NA,NA,NA,NA,NA,,NA,NA,NA
MWT.PRL.2021.109,PRL,2A,8/11/2021,8/12/2021,SUMMER,NA,NA,2021,NA,9:38,1:13,MWT,MPT,,NA,NA,NA,NA,NA,NA,NA,NA,NA,NA,NA,NA,,NA,NA,NA,NA,NA,NA,,NA,NA,NA
MWT.PRL.2021.110,PRL,2A,8/11/2021,8/12/2021,SUMMER,NA,NA,2021,NA,9:38,1:13,MWT,MESH,,NA,NA,NA,NA,NA,NA,NA,NA,NA,NA,NA,NA,,NA,NA,NA,NA,NA,NA,,NA,NA,NA
MWT.PRL.2021.111,PRL,2B,8/11/2021,8/12/2021,SUMMER,NA,NA,2021,NA,9:43,1:18,MWT,MPT,,NA,NA,NA,NA,NA,NA,NA,NA,NA,NA,NA,NA,,NA,NA,NA,NA,NA,NA,,NA,NA,NA
MWT.PRL.2021.112,PRL,2B,8/11/2021,8/12/2021,SUMMER,NA,NA,2021,NA,9:43,1:18,MWT,MESH,,NA,NA,NA,NA,NA,NA,NA,NA,NA,NA,NA,NA,,NA,NA,NA,NA,NA,NA,,NA,NA,NA
MWT.PRL.2021.113,PRL,2C,8/11/2021,8/12/2021,SUMMER,NA,NA,2021,NA,9:46,1:23,MWT,MPT,,NA,NA,NA,NA,NA,NA,NA,NA,NA,NA,NA,NA,,NA,NA,NA,NA,NA,NA,,NA,NA,NA
MWT.PRL.2021.114,PRL,2C,8/11/2021,8/12/2021,SUMMER,NA,NA,2021,NA,9:46,1:23,MWT,MESH,,NA,NA,NA,NA,NA,NA,NA,NA,NA,NA,NA,NA,,NA,NA,NA,NA,NA,NA,,NA,NA,NA
MWT.PRL.2021.115,PRL,3C,8/11/2021,8/12/2021,SUMMER,NA,NA,2021,NA,10:23,1:33,MWT,MPT,,NA,NA,NA,NA,NA,NA,NA,NA,NA,NA,NA,NA,,NA,NA,NA,NA,NA,NA,,NA,NA,NA
MWT.PRL.2021.116,PRL,3C,8/11/2021,8/12/2021,SUMMER,NA,NA,2021,NA,10:23,1:33,MWT,MESH,,NA,NA,NA,NA,NA,NA,NA,NA,NA,NA,NA,NA,,NA,NA,NA,NA,NA,NA,,NA,NA,NA
MWT.PRL.2021.117,PRL,3B,8/11/2021,8/12/2021,SUMMER,NA,NA,2021,NA,10:12,1:38,MWT,MESH,,NA,NA,NA,NA,NA,NA,NA,NA,NA,NA,NA,NA,,NA,NA,NA,NA,NA,NA,,NA,NA,NA
MWT.PRL.2021.118,PRL,3B,8/11/2021,8/12/2021,SUMMER,NA,NA,2021,NA,10:12,1:38,MWT,MPT,,NA,NA,NA,NA,NA,NA,NA,NA,NA,NA,NA,NA,,NA,NA,NA,NA,NA,NA,,NA,NA,NA
MWT.PRL.2021.119,PRL,3A,8/11/2021,8/12/2021,SUMMER,NA,NA,2021,NA,9:58,1:44,MWT,MPT,,NA,NA,NA,NA,NA,NA,NA,NA,NA,NA,NA,NA,,NA,NA,NA,NA,NA,NA,,NA,NA,NA
MWT.PRL.2021.120,PRL,3A,8/11/2021,8/12/2021,SUMMER,NA,NA,2021,NA,9:58,1:44,MWT,MESH,,NA,NA,NA,NA,NA,NA,NA,NA,NA,NA,NA,NA,,NA,NA,NA,NA,NA,NA,,NA,NA,NA
MWT.PRL.2021.123,PRL,1A,8/11/2021,8/12/2021,SUMMER,NA,NA,2021,NA,13:00,5:10,MWT,MESH,PETE,NA,NA,NA,NA,NA,NA,NA,NA,NA,NA,NA,NA,,NA,NA,NA,NA,NA,NA,,NA,NA,NA
MWT.PRL.2021.124,PRL,1A,8/11/2021,8/12/2021,SUMMER,NA,NA,2021,NA,13:00,5:11,MWT,MESH,PETE,NA,NA,NA,NA,NA,NA,NA,NA,NA,NA,NA,NA,,NA,NA,NA,NA,NA,NA,,NA,NA,NA
MWT.PRL.2021.125,PRL,3B,10/8/2021,10/9/2021,FALL,NA,NA,2021,NA,17:00,17:00,MWT,MESH,,NA,NA,NA,NA,NA,NA,NA,NA,NA,NA,NA,NA,,NA,NA,NA,NA,NA,NA,,NA,NA,NA
MWT.PRL.2021.126,PRL,3B,10/8/2021,10/9/2021,FALL,NA,NA,2021,NA,17:00,17:00,MWT,METAL,,NA,NA,NA,NA,NA,NA,NA,NA,NA,NA,NA,NA,,NA,NA,NA,NA,NA,NA,,NA,NA,NA
MWT.PRL.2021.127,PRL,3B,10/8/2021,10/9/2021,FALL,NA,NA,2021,NA,17:00,17:00,MWT,MESH,,NA,NA,NA,NA,NA,NA,NA,NA,NA,NA,NA,NA,,NA,NA,NA,NA,NA,NA,,NA,NA,NA
MWT.PRL.2021.128,PRL,3B,10/8/2021,10/9/2021,FALL,NA,NA,2021,NA,17:00,17:00,MWT,METAL,,NA,NA,NA,NA,NA,NA,NA,NA,NA,NA,NA,NA,,NA,NA,NA,NA,NA,NA,,NA,NA,NA
MWT.PRL.2021.129,PRL,1B,10/8/2021,10/9/2021,FALL,NA,NA,2021,NA,17:00,17:00,MWT,METAL,DOCK,NA,NA,NA,NA,NA,NA,NA,NA,NA,NA,NA,NA,,NA,NA,NA,NA,NA,NA,,NA,NA,NA
MWT.PRL.2021.130,PRL,3B,10/8/2021,10/9/2021,FALL,NA,NA,2021,NA,17:00,17:00,MWT,MESH,,NA,NA,NA,NA,NA,NA,NA,NA,NA,NA,NA,NA,,NA,NA,NA,NA,NA,NA,,NA,NA,NA
MWT.PRL.2021.131,PRL,3B,10/8/2021,10/9/2021,FALL,NA,NA,2021,NA,17:00,17:00,MWT,METAL,,NA,NA,NA,NA,NA,NA,NA,NA,NA,NA,NA,NA,,NA,NA,NA,NA,NA,NA,,NA,NA,NA
MWT.PRL.2021.132,PRL,3B,10/9/2021,10/10/2021,FALL,NA,NA,2021,NA,17:00,17:00,MWT,METAL,,NA,NA,NA,NA,NA,NA,NA,NA,NA,NA,NA,NA,,NA,NA,NA,NA,NA,NA,,NA,NA,NA
MWT.PRL.2021.133,PRL,3B,10/9/2021,10/10/2021,FALL,NA,NA,2021,NA,17:00,17:00,MWT,MESH,,NA,NA,NA,NA,NA,NA,NA,NA,NA,NA,NA,NA,,NA,NA,NA,NA,NA,NA,,NA,NA,NA
MWT.PRL.2021.134,PRL,3B,10/9/2021,10/10/2021,FALL,NA,NA,2021,NA,17:00,17:00,MWT,MESH,,NA,NA,NA,NA,NA,NA,NA,NA,NA,NA,NA,NA,,NA,NA,NA,NA,NA,NA,,NA,NA,NA
MWT.PRL.2021.135,PRL,3B,10/9/2021,10/10/2021,FALL,NA,NA,2021,NA,17:00,17:00,MWT,MESH,,NA,NA,NA,NA,NA,NA,NA,NA,NA,NA,NA,NA,,NA,NA,NA,NA,NA,NA,,NA,NA,NA
MWT.PRL.2021.136,PRL,3B,10/9/2021,10/10/2021,FALL,NA,NA,2021,NA,17:00,17:00,MWT,METAL,,NA,NA,NA,NA,NA,NA,NA,NA,NA,NA,NA,NA,,NA,NA,NA,NA,NA,NA,,NA,NA,NA
MWT.PRL.2021.137,PRL,3B,10/9/2021,10/10/2021,FALL,NA,NA,2021,NA,17:00,17:00,MWT,METAL,,NA,NA,NA,NA,NA,NA,NA,NA,NA,NA,NA,NA,,NA,NA,NA,NA,NA,NA,,NA,NA,NA
MWT.PRL.2021.138,PRL,1B,10/9/2021,10/10/2021,FALL,NA,NA,2021,NA,17:00,17:00,MWT,METAL,,NA,NA,NA,NA,NA,NA,NA,NA,NA,NA,NA,NA,,NA,NA,NA,NA,NA,NA,,NA,NA,NA
MWT.PRL.2021.139,PRL,3B,10/10/2021,10/11/2021,FALL,NA,NA,2021,NA,17:00,17:00,MWT,MESH,,NA,NA,NA,NA,NA,NA,NA,NA,NA,NA,NA,NA,,NA,NA,NA,NA,NA,NA,,NA,NA,NA
MWT.PRL.2021.140,PRL,3B,10/10/2021,10/11/2021,FALL,NA,NA,2021,NA,17:00,17:00,MWT,MESH,,NA,NA,NA,NA,NA,NA,NA,NA,NA,NA,NA,NA,,NA,NA,NA,NA,NA,NA,,NA,NA,NA
MWT.PRL.2021.141,PRL,3B,10/10/2021,10/11/2021,FALL,NA,NA,2021,NA,17:00,17:00,MWT,METAL,,NA,NA,NA,NA,NA,NA,NA,NA,NA,NA,NA,NA,,NA,NA,NA,NA,NA,NA,,NA,NA,NA
MWT.PRL.2021.142,PRL,3B,10/10/2021,10/11/2021,FALL,NA,NA,2021,NA,17:00,17:00,MWT,METAL,,NA,NA,NA,NA,NA,NA,NA,NA,NA,NA,NA,NA,,NA,NA,NA,NA,NA,NA,,NA,NA,NA
MWT.PRL.2021.143,PRL,3B,10/10/2021,10/11/2021,FALL,NA,NA,2021,NA,17:00,17:00,MWT,MESH,,NA,NA,NA,NA,NA,NA,NA,NA,NA,NA,NA,NA,,NA,NA,NA,NA,NA,NA,,NA,NA,NA
MWT.PRL.2021.144,PRL,3B,10/10/2021,10/11/2021,FALL,NA,NA,2021,NA,17:00,17:00,MWT,METAL,,NA,NA,NA,NA,NA,NA,NA,NA,NA,NA,NA,NA,,NA,NA,NA,NA,NA,NA,,NA,NA,NA
MWT.COM.2021.001,COM,1,6/23/2021,6/24/2021,SUMMER,NA,NA,2021,NA,17:00,20:02,MWT,MMT,,NA,NA,NA,NA,NA,NA,NA,NA,NA,NA,NA,NA,,NA,NA,NA,NA,NA,NA,,NA,NA,NA
MWT.COM.2021.002,COM,1,6/23/2021,6/24/2021,SUMMER,NA,NA,2021,NA,17:00,20:02,MWT,MESH,,NA,NA,NA,NA,NA,NA,NA,NA,NA,NA,NA,NA,,NA,NA,NA,NA,NA,NA,,NA,NA,NA
MWT.COM.2021.003,COM,1,6/23/2021,6/24/2021,SUMMER,NA,NA,2021,NA,17:00,20:06,MWT,MPT,,NA,NA,NA,NA,NA,NA,NA,NA,NA,NA,NA,NA,,NA,NA,NA,NA,NA,NA,,NA,NA,NA
MWT.COM.2021.004,COM,1,6/23/2021,6/24/2021,SUMMER,NA,NA,2021,NA,17:00,20:07,MWT,MESH,,NA,NA,NA,NA,NA,NA,NA,NA,NA,NA,NA,NA,,NA,NA,NA,NA,NA,NA,,NA,NA,NA
MWT.COM.2021.005,COM,1,6/23/2021,6/24/2021,SUMMER,NA,NA,2021,NA,17:00,20:12,MWT,MESH,,NA,NA,NA,NA,NA,NA,NA,NA,NA,NA,NA,NA,,NA,NA,NA,NA,NA,NA,,NA,NA,NA
MWT.COM.2021.006,COM,1,6/23/2021,6/24/2021,SUMMER,NA,NA,2021,NA,17:00,20:19,MWT,MESH,,NA,NA,NA,NA,NA,NA,NA,NA,NA,NA,NA,NA,,NA,NA,NA,NA,NA,NA,,NA,NA,NA
MWT.COM.2021.007,COM,1,6/23/2021,6/24/2021,SUMMER,NA,NA,2021,NA,17:00,20:20,MWT,MPT,,NA,NA,NA,NA,NA,NA,NA,NA,NA,NA,NA,NA,,NA,NA,NA,NA,NA,NA,,NA,NA,NA
MWT.COM.2021.008,COM,2,6/23/2021,6/24/2021,SUMMER,NA,NA,2021,NA,17:00,20:21,MWT,MMT,,NA,NA,NA,NA,NA,NA,NA,NA,NA,NA,NA,NA,,NA,NA,NA,NA,NA,NA,,NA,NA,NA
MWT.COM.2021.009,COM,2,6/23/2021,6/24/2021,SUMMER,NA,NA,2021,NA,17:00,20:24,MWT,MPT,,NA,NA,NA,NA,NA,NA,NA,NA,NA,NA,NA,NA,,NA,NA,NA,NA,NA,NA,,NA,NA,NA
MWT.COM.2021.010,COM,2,6/23/2021,6/24/2021,SUMMER,NA,NA,2021,NA,17:00,20:27,MWT,MESH,,NA,NA,NA,NA,NA,NA,NA,NA,NA,NA,NA,NA,,NA,NA,NA,NA,NA,NA,,NA,NA,NA
MWT.COM.2021.011,COM,2,6/23/2021,6/24/2021,SUMMER,NA,NA,2021,NA,17:00,20:29,MWT,MMT,,NA,NA,NA,NA,NA,NA,NA,NA,NA,NA,NA,NA,,NA,NA,NA,NA,NA,NA,,NA,NA,NA
MWT.COM.2021.001,COM,1,6/23/2021,6/23/2021,SUMMER,NA,NA,2021,NA,17:00,17:30,MWT,MESH,,NA,NA,NA,NA,NA,NA,NA,NA,NA,NA,NA,NA,,NA,NA,NA,NA,NA,NA,,NA,NA,NA
MWT.COM.2021.012,COM,1B,8/9/2021,8/10/2021,SUMMER,NA,NA,2021,NA,12:00,14:40,MWT,MPT,,NA,NA,NA,NA,NA,NA,NA,NA,NA,NA,NA,NA,,NA,NA,NA,NA,NA,NA,,NA,NA,NA
MWT.COM.2021.013,COM,1B,8/9/2021,8/10/2021,SUMMER,NA,NA,2021,NA,12:00,14:40,MWT,MESH,,NA,NA,NA,NA,NA,NA,NA,NA,NA,NA,NA,NA,,NA,NA,NA,NA,NA,NA,,NA,NA,NA
MWT.COM.2021.014,COM,1C,8/9/2021,8/10/2021,SUMMER,NA,NA,2021,NA,12:00,14:53,MWT,MESH,,NA,NA,NA,NA,NA,NA,NA,NA,NA,NA,NA,NA,,NA,NA,NA,NA,NA,NA,,NA,NA,NA
MWT.COM.2021.015,COM,1C,8/9/2021,8/10/2021,SUMMER,NA,NA,2021,NA,12:00,14:53,MWT,MPT,,NA,NA,NA,NA,NA,NA,NA,NA,NA,NA,NA,NA,,NA,NA,NA,NA,NA,NA,,NA,NA,NA
MWT.COM.2021.016,COM,2A,8/9/2021,8/10/2021,SUMMER,NA,NA,2021,NA,12:00,15:07,MWT,MESH,,NA,NA,NA,NA,NA,NA,NA,NA,NA,NA,NA,NA,,NA,NA,NA,NA,NA,NA,HOLES IN TRAP,NA,NA,NA
MWT.COM.2021.017,COM,2A,8/9/2021,8/10/2021,SUMMER,NA,NA,2021,NA,12:00,15:07,MWT,MPT,,NA,NA,NA,NA,NA,NA,NA,NA,NA,NA,NA,NA,,NA,NA,NA,NA,NA,NA,,NA,NA,NA
MWT.COM.2021.018,COM,2B,8/9/2021,8/10/2021,SUMMER,NA,NA,2021,NA,12:00,15:15,MWT,MESH,,NA,NA,NA,NA,NA,NA,NA,NA,NA,NA,NA,NA,,NA,NA,NA,NA,NA,NA,,NA,NA,NA
MWT.COM.2021.019,COM,2B,8/9/2021,8/10/2021,SUMMER,NA,NA,2021,NA,12:00,15:15,MWT,MPT,,NA,NA,NA,NA,NA,NA,NA,NA,NA,NA,NA,NA,,NA,NA,NA,NA,NA,NA,,NA,NA,NA
MWT.COM.2021.020,COM,2C,8/9/2021,8/10/2021,SUMMER,NA,NA,2021,NA,12:00,16:09,MWT,MPT,,NA,NA,NA,NA,NA,NA,NA,NA,NA,NA,NA,NA,,NA,NA,NA,NA,NA,NA,,NA,NA,NA
MWT.COM.2021.021,COM,2C,8/9/2021,8/10/2021,SUMMER,NA,NA,2021,NA,12:00,16:09,MWT,MESH,,NA,NA,NA,NA,NA,NA,NA,NA,NA,NA,NA,NA,,NA,NA,NA,NA,NA,NA,,NA,NA,NA
MWT.COM.2021.028,COM,3A,8/9/2021,8/10/2021,SUMMER,NA,NA,2021,NA,12:00,17:15,MWT,MESH,,NA,NA,NA,NA,NA,NA,NA,NA,NA,NA,NA,NA,,NA,NA,NA,NA,NA,NA,HOLE IN TRAP,NA,NA,NA
MWT.COM.2021.029,COM,3A,8/9/2021,8/10/2021,SUMMER,NA,NA,2021,NA,12:00,17:15,MWT,MPT,,NA,NA,NA,NA,NA,NA,NA,NA,NA,NA,NA,NA,,NA,NA,NA,NA,NA,NA,,NA,NA,NA
MWT.COM.2021.022,COM,3B,8/9/2021,8/10/2021,SUMMER,NA,NA,2021,NA,12:00,16:30,MWT,MESH,,NA,NA,NA,NA,NA,NA,NA,NA,NA,NA,NA,NA,,NA,NA,NA,NA,NA,NA,HOLE IN TRAP,NA,NA,NA
MWT.COM.2021.023,COM,3C,8/9/2021,8/10/2021,SUMMER,NA,NA,2021,NA,12:00,16:30,MWT,MPT,,NA,NA,NA,NA,NA,NA,NA,NA,NA,NA,NA,NA,,NA,NA,NA,NA,NA,NA,,NA,NA,NA
MWT.COM.2021.024,COM,3B,8/9/2021,8/10/2021,SUMMER,NA,NA,2021,NA,12:00,16:35,MWT,MESH,,NA,NA,NA,NA,NA,NA,NA,NA,NA,NA,NA,NA,,NA,NA,NA,NA,NA,NA,HOLE IN TRAP,NA,NA,NA
MWT.COM.2021.025,COM,3B,8/9/2021,8/10/2021,SUMMER,NA,NA,2021,NA,12:00,16:35,MWT,MPT,,NA,NA,NA,NA,NA,NA,NA,NA,NA,NA,NA,NA,,NA,NA,NA,NA,NA,NA,,NA,NA,NA
MWT.COM.2021.026,COM,1A,8/9/2021,8/10/2021,SUMMER,NA,NA,2021,NA,12:00,17:05,MWT,MESH,,NA,NA,NA,NA,NA,NA,NA,NA,NA,NA,NA,NA,,NA,NA,NA,NA,NA,NA,,NA,NA,NA
MWT.COM.2021.027,COM,1A,8/9/2021,8/10/2021,SUMMER,NA,NA,2021,NA,12:00,17:05,MWT,MPT,,NA,NA,NA,NA,NA,NA,NA,NA,NA,NA,NA,NA,,NA,NA,NA,NA,NA,NA,,NA,NA,NA
MWT.COM.2021.030,COM,1B,8/10/2021,8/11/2021,SUMMER,NA,NA,2021,NA,14:40,16:10,MWT,MESH,,NA,NA,NA,NA,NA,NA,NA,NA,NA,NA,NA,NA,,NA,NA,NA,NA,NA,NA,,NA,NA,NA
MWT.COM.2021.031,COM,1B,8/10/2021,8/11/2021,SUMMER,NA,NA,2021,NA,14:40,16:10,MWT,MPT,,NA,NA,NA,NA,NA,NA,NA,NA,NA,NA,NA,NA,,NA,NA,NA,NA,NA,NA,,NA,NA,NA
MWT.COM.2021.032,COM,1C,8/10/2021,8/11/2021,SUMMER,NA,NA,2021,NA,14:53,16:24,MWT,MESH,,NA,NA,NA,NA,NA,NA,NA,NA,NA,NA,NA,NA,,NA,NA,NA,NA,NA,NA,,NA,NA,NA
MWT.COM.2021.033,COM,1C,8/10/2021,8/11/2021,SUMMER,NA,NA,2021,NA,14:53,16:24,MWT,MPT,,NA,NA,NA,NA,NA,NA,NA,NA,NA,NA,NA,NA,,NA,NA,NA,NA,NA,NA,,NA,NA,NA
MWT.COM.2021.034,COM,2A,8/10/2021,8/11/2021,SUMMER,NA,NA,2021,NA,15:07,16:31,MWT,MESH,,NA,NA,NA,NA,NA,NA,NA,NA,NA,NA,NA,NA,,NA,NA,NA,NA,NA,NA,,NA,NA,NA
MWT.COM.2021.035,COM,2A,8/10/2021,8/11/2021,SUMMER,NA,NA,2021,NA,15:07,16:31,MWT,MPT,,NA,NA,NA,NA,NA,NA,NA,NA,NA,NA,NA,NA,,NA,NA,NA,NA,NA,NA,,NA,NA,NA
MWT.COM.2021.036,COM,2B,8/10/2021,8/11/2021,SUMMER,NA,NA,2021,NA,15:15,16:47,MWT,MESH,,NA,NA,NA,NA,NA,NA,NA,NA,NA,NA,NA,NA,,NA,NA,NA,NA,NA,NA,,NA,NA,NA
MWT.COM.2021.037,COM,2B,8/10/2021,8/11/2021,SUMMER,NA,NA,2021,NA,15:15,16:47,MWT,MPT,,NA,NA,NA,NA,NA,NA,NA,NA,NA,NA,NA,NA,,NA,NA,NA,NA,NA,NA,,NA,NA,NA
MWT.COM.2021.038,COM,2C,8/10/2021,8/11/2021,SUMMER,NA,NA,2021,NA,16:09,17:02,MWT,MESH,,NA,NA,NA,NA,NA,NA,NA,NA,NA,NA,NA,NA,,NA,NA,NA,NA,NA,NA,HOLE IN NET,NA,NA,NA
MWT.COM.2021.039,COM,2C,8/10/2021,8/11/2021,SUMMER,NA,NA,2021,NA,16:09,17:02,MWT,MPT,,NA,NA,NA,NA,NA,NA,NA,NA,NA,NA,NA,NA,,NA,NA,NA,NA,NA,NA,,NA,NA,NA
MWT.COM.2021.040,COM,3A,8/10/2021,8/11/2021,SUMMER,NA,NA,2021,NA,17:15,17:10,MWT,MESH,,NA,NA,NA,NA,NA,NA,NA,NA,NA,NA,NA,NA,,NA,NA,NA,NA,NA,NA,HOLE IN TRAP,NA,NA,NA
MWT.COM.2021.041,COM,3A,8/10/2021,8/11/2021,SUMMER,NA,NA,2021,NA,17:15,17:10,MWT,MPT,,NA,NA,NA,NA,NA,NA,NA,NA,NA,NA,NA,NA,,NA,NA,NA,NA,NA,NA,,NA,NA,NA
MWT.COM.2021.044,COM,1A,8/10/2021,8/11/2021,SUMMER,NA,NA,2021,NA,17:05,18:05,MWT,MESH,,NA,NA,NA,NA,NA,NA,NA,NA,NA,NA,NA,NA,,NA,NA,NA,NA,NA,NA,,NA,NA,NA
MWT.COM.2021.045,COM,1A,8/10/2021,8/11/2021,SUMMER,NA,NA,2021,NA,17:05,18:05,MWT,MPT,,NA,NA,NA,NA,NA,NA,NA,NA,NA,NA,NA,NA,,NA,NA,NA,NA,NA,NA,,NA,NA,NA
MWT.COM.2021.042,COM,3C,8/10/2021,8/11/2021,SUMMER,NA,NA,2021,NA,17:10,17:35,MWT,MPT,,NA,NA,NA,NA,NA,NA,NA,NA,NA,NA,NA,NA,,NA,NA,NA,NA,NA,NA,,NA,NA,NA
MWT.COM.2021.043,COM,3C,8/10/2021,8/11/2021,SUMMER,NA,NA,2021,NA,17:10,17:35,MWT,MESH,,NA,NA,NA,NA,NA,NA,NA,NA,NA,NA,NA,NA,,NA,NA,NA,NA,NA,NA,HOLE IN NET,NA,NA,NA
MWT.COM.2021.046,COM,2C,8/11/2021,8/12/2021,SUMMER,NA,NA,2021,NA,17:10,7:42,MWT,MESH,,NA,NA,NA,NA,NA,NA,NA,NA,NA,NA,NA,NA,,NA,NA,NA,NA,NA,NA,,NA,NA,NA
MWT.COM.2021.047,COM,2C,8/11/2021,8/12/2021,SUMMER,NA,NA,2021,NA,17:10,7:42,MWT,MPT,,NA,NA,NA,NA,NA,NA,NA,NA,NA,NA,NA,NA,,NA,NA,NA,NA,NA,NA,,NA,NA,NA
MWT.COM.2021.048,COM,2B,8/11/2021,8/12/2021,SUMMER,NA,NA,2021,NA,17:10,7:53,MWT,MESH,,NA,NA,NA,NA,NA,NA,NA,NA,NA,NA,NA,NA,,NA,NA,NA,NA,NA,NA,,NA,NA,NA
MWT.COM.2021.049,COM,2B,8/11/2021,8/12/2021,SUMMER,NA,NA,2021,NA,17:10,7:53,MWT,MPT,,NA,NA,NA,NA,NA,NA,NA,NA,NA,NA,NA,NA,,NA,NA,NA,NA,NA,NA,,NA,NA,NA
MWT.COM.2021.050,COM,?,8/11/2021,8/12/2021,SUMMER,NA,NA,2021,NA,17:15,8:24,MWT,MESH,,NA,NA,NA,NA,NA,NA,NA,NA,NA,NA,NA,NA,,NA,NA,NA,NA,NA,NA,,NA,NA,NA
MWT.COM.2021.051,COM,?,8/11/2021,8/12/2021,SUMMER,NA,NA,2021,NA,17:15,8:24,MWT,MPT,,NA,NA,NA,NA,NA,NA,NA,NA,NA,NA,NA,NA,,NA,NA,NA,NA,NA,NA,,NA,NA,NA
MWT.COM.2021.052,COM,3B,8/11/2021,8/12/2021,SUMMER,NA,NA,2021,NA,17:20,8:32,MWT,MESH,,NA,NA,NA,NA,NA,NA,NA,NA,NA,NA,NA,NA,,NA,NA,NA,NA,NA,NA,,NA,NA,NA
MWT.COM.2021.053,COM,3B,8/11/2021,8/12/2021,SUMMER,NA,NA,2021,NA,17:20,8:32,MWT,MPT,,NA,NA,NA,NA,NA,NA,NA,NA,NA,NA,NA,NA,,NA,NA,NA,NA,NA,NA,,NA,NA,NA
MWT.COM.2021.054,COM,1A,8/11/2021,8/12/2021,SUMMER,NA,NA,2021,NA,17:22,8:37,MWT,MESH,,NA,NA,NA,NA,NA,NA,NA,NA,NA,NA,NA,NA,,NA,NA,NA,NA,NA,NA,,NA,NA,NA
MWT.COM.2021.055,COM,1A,8/11/2021,8/12/2021,SUMMER,NA,NA,2021,NA,17:22,8:37,MWT,MPT,,NA,NA,NA,NA,NA,NA,NA,NA,NA,NA,NA,NA,,NA,NA,NA,NA,NA,NA,,NA,NA,NA
MWT.COM.2021.056,COM,1B,8/11/2021,8/12/2021,SUMMER,NA,NA,2021,NA,17:30,9:05,MWT,MESH,,NA,NA,NA,NA,NA,NA,NA,NA,NA,NA,NA,NA,,NA,NA,NA,NA,NA,NA,,NA,NA,NA
MWT.COM.2021.057,COM,1B,8/11/2021,8/12/2021,SUMMER,NA,NA,2021,NA,17:30,9:05,MWT,MPT,,NA,NA,NA,NA,NA,NA,NA,NA,NA,NA,NA,NA,,NA,NA,NA,NA,NA,NA,,NA,NA,NA
MWT.COM.2021.058,COM,1B,8/11/2021,8/12/2021,SUMMER,NA,NA,2021,NA,17:30,9:15,MWT,MESH,,NA,NA,NA,NA,NA,NA,NA,NA,NA,NA,NA,NA,,NA,NA,NA,NA,NA,NA,,NA,NA,NA
MWT.COM.2021.059,COM,1B,8/11/2021,8/12/2021,SUMMER,NA,NA,2021,NA,17:30,9:15,MWT,MPT,,NA,NA,NA,NA,NA,NA,NA,NA,NA,NA,NA,NA,,NA,NA,NA,NA,NA,NA,,NA,NA,NA
MWT.UPPER SYLVAN.2021.001,UPPER SYLVAN,?,6/30/2021,7/1/2021,SUMMER,NA,NA,2021,NA,8:30,8:40,MWT,MMT,,NA,NA,NA,NA,NA,NA,NA,NA,NA,NA,NA,NA,,NA,NA,NA,NA,NA,NA,,NA,NA,NA
MWT.UPPER SYLVAN.2021.002,UPPER SYLVAN,?,6/30/2021,7/1/2021,SUMMER,NA,NA,2021,NA,8:30,8:40,MWT,MESH,,NA,NA,NA,NA,NA,NA,NA,NA,NA,NA,NA,NA,,NA,NA,NA,NA,NA,NA,,NA,NA,NA
MWT.UPPER SYLVAN.2021.003,UPPER SYLVAN,??,6/30/2021,7/1/2021,SUMMER,NA,NA,2021,NA,8:30,8:40,MWT,MPT,,NA,NA,NA,NA,NA,NA,NA,NA,NA,NA,NA,NA,,NA,NA,NA,NA,NA,NA,,NA,NA,NA
MWT.UPPER SYLVAN.2021.004,UPPER SYLVAN,?,6/30/2021,7/1/2021,SUMMER,NA,NA,2021,NA,8:30,8:40,MWT,MPT,,NA,NA,NA,NA,NA,NA,NA,NA,NA,NA,NA,NA,,NA,NA,NA,NA,NA,NA,,NA,NA,NA
MWT.UPPER SYLVAN.2021.005,UPPER SYLVAN,?,6/30/2021,7/1/2021,SUMMER,NA,NA,2021,NA,8:30,8:40,MWT,MESH,,NA,NA,NA,NA,NA,NA,NA,NA,NA,NA,NA,NA,,NA,NA,NA,NA,NA,NA,,NA,NA,NA
MWT.UPPER SYLVAN.2021.006,UPPER SYLVAN,?,6/30/2021,7/1/2021,SUMMER,NA,NA,2021,NA,8:30,8:40,MWT,MMT,,NA,NA,NA,NA,NA,NA,NA,NA,NA,NA,NA,NA,,NA,NA,NA,NA,NA,NA,,NA,NA,NA
MWT.PRL.2021.060,PRL,3,6/30/2021,7/1/2021,SUMMER,NA,NA,2021,NA,14:00,13:38,MWT,MESH,,NA,NA,NA,NA,NA,NA,NA,NA,NA,NA,NA,NA,,NA,NA,NA,NA,NA,NA,,NA,NA,NA
MWT.PRL.2021.061,PRL,3,6/30/2021,7/1/2021,SUMMER,NA,NA,2021,NA,14:00,13:38,MWT,MPT,,NA,NA,NA,NA,NA,NA,NA,NA,NA,NA,NA,NA,,NA,NA,NA,NA,NA,NA,,NA,NA,NA
MWT.PRL.2021.062,PRL,3,6/30/2021,7/1/2021,SUMMER,NA,NA,2021,NA,14:00,13:38,MWT,MESH,,NA,NA,NA,NA,NA,NA,NA,NA,NA,NA,NA,NA,,NA,NA,NA,NA,NA,NA,,NA,NA,NA
MWT.PRL.2021.063,PRL,3,6/30/2021,7/1/2021,SUMMER,NA,NA,2021,NA,14:00,13:38,MWT,MPT,,NA,NA,NA,NA,NA,NA,NA,NA,NA,NA,NA,NA,,NA,NA,NA,NA,NA,NA,,NA,NA,NA
MWT.ETL.2021.002,ETL,2,6/29/2021,6/30/2021,SUMMER,NA,NA,2021,NA,15:30,14:30,MWT,MESH,,NA,NA,NA,NA,NA,NA,NA,NA,NA,NA,NA,NA,,NA,NA,NA,NA,NA,NA,,NA,NA,NA
MWT.ETL.2021.003,ETL,2,6/29/2021,6/30/2021,SUMMER,NA,NA,2021,NA,15:30,14:30,MWT,MESH,,NA,NA,NA,NA,NA,NA,NA,NA,NA,NA,NA,NA,,NA,NA,NA,NA,NA,NA,,NA,NA,NA
MWT.ETL.2021.004,ETL,2,6/29/2021,6/30/2021,SUMMER,NA,NA,2021,NA,15:30,14:30,MWT,MESH,,NA,NA,NA,NA,NA,NA,NA,NA,NA,NA,NA,NA,,NA,NA,NA,NA,NA,NA,,NA,NA,NA
MWT.ETL.2021.005,ETL,2,6/29/2021,6/30/2021,SUMMER,NA,NA,2021,NA,15:30,14:30,MWT,MESH,,NA,NA,NA,NA,NA,NA,NA,NA,NA,NA,NA,NA,,NA,NA,NA,NA,NA,NA,,NA,NA,NA
MWT.ETL.2021.006,ETL,2,6/29/2021,6/30/2021,SUMMER,NA,NA,2021,NA,15:30,14:30,MWT,MESH,,NA,NA,NA,NA,NA,NA,NA,NA,NA,NA,NA,NA,,NA,NA,NA,NA,NA,NA,,NA,NA,NA
MWT.ETL.2021.007,ETL,2,6/29/2021,6/30/2021,SUMMER,NA,NA,2021,NA,15:30,14:30,MWT,MESH,,NA,NA,NA,NA,NA,NA,NA,NA,NA,NA,NA,NA,,NA,NA,NA,NA,NA,NA,,NA,NA,NA
MWT.ETL.2021.011,ETL,2,6/29/2021,6/30/2021,SUMMER,NA,NA,2021,NA,15:30,14:43,MWT,MMT,,NA,NA,NA,NA,NA,NA,NA,NA,NA,NA,NA,NA,,NA,NA,NA,NA,NA,NA,,NA,NA,NA
MWT.ETL.2021.012,ETL,2,6/29/2021,6/30/2021,SUMMER,NA,NA,2021,NA,15:30,14:43,MWT,MMT,,NA,NA,NA,NA,NA,NA,NA,NA,NA,NA,NA,NA,,NA,NA,NA,NA,NA,NA,,NA,NA,NA
MWT.ETL.2021.013,ETL,2,6/29/2021,6/30/2021,SUMMER,NA,NA,2021,NA,15:30,14:43,MWT,MMT,,NA,NA,NA,NA,NA,NA,NA,NA,NA,NA,NA,NA,,NA,NA,NA,NA,NA,NA,,NA,NA,NA
MWT.ETL.2021.001,ETL,2,6/29/2021,6/30/2021,SUMMER,NA,NA,2021,NA,16:00,13:10,MWT,MPT,,NA,NA,NA,NA,NA,NA,NA,NA,NA,NA,NA,NA,,NA,NA,NA,NA,NA,NA,,NA,NA,NA
MWT.ETL.2021.008,ETL,2,6/29/2021,6/30/2021,SUMMER,NA,NA,2021,NA,15:30,14:30,MWT,MPT,,NA,NA,NA,NA,NA,NA,NA,NA,NA,NA,NA,NA,,NA,NA,NA,NA,NA,NA,,NA,NA,NA
MWT.ETL.2021.009,ETL,2,6/29/2021,6/30/2021,SUMMER,NA,NA,2021,NA,15:30,14:30,MWT,MPT,,NA,NA,NA,NA,NA,NA,NA,NA,NA,NA,NA,NA,,NA,NA,NA,NA,NA,NA,,NA,NA,NA
MWT.ETL.2021.010,ETL,2,6/29/2021,6/30/2021,SUMMER,NA,NA,2021,NA,15:30,14:30,MWT,MPT,,NA,NA,NA,NA,NA,NA,NA,NA,NA,NA,NA,NA,,NA,NA,NA,NA,NA,NA,,NA,NA,NA
MWT.ETL.2021.014,ETL,1,6/30/2021,7/1/2021,SUMMER,NA,NA,2021,NA,14:30,14:46,MWT,MESH,,NA,NA,NA,NA,NA,NA,NA,NA,NA,NA,NA,NA,,NA,NA,NA,NA,NA,NA,,NA,NA,NA
MWT.ETL.2021.015,ETL,1,6/30/2021,7/1/2021,SUMMER,NA,NA,2021,NA,14:30,14:46,MWT,MESH,,NA,NA,NA,NA,NA,NA,NA,NA,NA,NA,NA,NA,,NA,NA,NA,NA,NA,NA,,NA,NA,NA
MWT.ETL.2021.016,ETL,1,6/30/2021,7/1/2021,SUMMER,NA,NA,2021,NA,14:30,14:50,MWT,MESH,,NA,NA,NA,NA,NA,NA,NA,NA,NA,NA,NA,NA,,NA,NA,NA,NA,NA,NA,,NA,NA,NA
MWT.ETL.2021.017,ETL,1,6/30/2021,7/1/2021,SUMMER,NA,NA,2021,NA,14:30,14:53,MWT,MPT,,NA,NA,NA,NA,NA,NA,NA,NA,NA,NA,NA,NA,,NA,NA,NA,NA,NA,NA,,NA,NA,NA
MWT.ETL.2021.018,ETL,1,6/30/2021,7/1/2021,SUMMER,NA,NA,2021,NA,14:30,14:53,MWT,MMT,,NA,NA,NA,NA,NA,NA,NA,NA,NA,NA,NA,NA,,NA,NA,NA,NA,NA,NA,,NA,NA,NA
MWT.ETL.2021.019,ETL,1,6/30/2021,7/1/2021,SUMMER,NA,NA,2021,NA,14:30,14:55,MWT,MESH,,NA,NA,NA,NA,NA,NA,NA,NA,NA,NA,NA,NA,,NA,NA,NA,NA,NA,NA,,NA,NA,NA
MWT.ETL.2021.020,ETL,1,6/30/2021,7/1/2021,SUMMER,NA,NA,2021,NA,14:30,15:00,MWT,MPT,,NA,NA,NA,NA,NA,NA,NA,NA,NA,NA,NA,NA,,NA,NA,NA,NA,NA,NA,,NA,NA,NA
MWT.ETL.2021.021,ETL,1,6/30/2021,7/1/2021,SUMMER,NA,NA,2021,NA,14:30,15:02,MWT,MMT,,NA,NA,NA,NA,NA,NA,NA,NA,NA,NA,NA,NA,,NA,NA,NA,NA,NA,NA,,NA,NA,NA
MWT.ETL.2021.022,ETL,1,6/30/2021,7/1/2021,SUMMER,NA,NA,2021,NA,14:30,15:06,MWT,MESH,,NA,NA,NA,NA,NA,NA,NA,NA,NA,NA,NA,NA,,NA,NA,NA,NA,NA,NA,,NA,NA,NA
MWT.ETL.2021.023,ETL,1,6/30/2021,7/1/2021,SUMMER,NA,NA,2021,NA,14:30,15:08,MWT,MMT,,NA,NA,NA,NA,NA,NA,NA,NA,NA,NA,NA,NA,,NA,NA,NA,NA,NA,NA,,NA,NA,NA
MWT.ETL.2021.024,ETL,1,6/30/2021,7/1/2021,SUMMER,NA,NA,2021,NA,14:30,15:10,MWT,MESH,,NA,NA,NA,NA,NA,NA,NA,NA,NA,NA,NA,NA,,NA,NA,NA,NA,NA,NA,,NA,NA,NA
MWT.ETL.2021.025,ETL,1,6/30/2021,7/1/2021,SUMMER,NA,NA,2021,NA,14:30,15:12,MWT,MPT,,NA,NA,NA,NA,NA,NA,NA,NA,NA,NA,NA,NA,,NA,NA,NA,NA,NA,NA,,NA,NA,NA
MWT.ETL.2021.028,ETL,3,7/1/2021,7/2/2021,SUMMER,NA,NA,2021,NA,15:30,15:02,MWT,MMT,,NA,NA,NA,NA,NA,NA,NA,NA,NA,NA,NA,NA,,NA,NA,NA,NA,NA,NA,,NA,NA,NA
MWT.ETL.2021.029,ETL,3,7/1/2021,7/2/2021,SUMMER,NA,NA,2021,NA,15:30,15:02,MWT,MPT,,NA,NA,NA,NA,NA,NA,NA,NA,NA,NA,NA,NA,,NA,NA,NA,NA,NA,NA,,NA,NA,NA
MWT.ETL.2021.030,ETL,3,7/1/2021,7/2/2021,SUMMER,NA,NA,2021,NA,15:30,15:02,MWT,MESH,,NA,NA,NA,NA,NA,NA,NA,NA,NA,NA,NA,NA,,NA,NA,NA,NA,NA,NA,,NA,NA,NA
MWT.ETL.2021.031,ETL,3,7/1/2021,7/2/2021,SUMMER,NA,NA,2021,NA,15:30,15:02,MWT,MMT,,NA,NA,NA,NA,NA,NA,NA,NA,NA,NA,NA,NA,,NA,NA,NA,NA,NA,NA,,NA,NA,NA
MWT.ETL.2021.032,ETL,3,7/1/2021,7/2/2021,SUMMER,NA,NA,2021,NA,15:30,15:02,MWT,MESH,,NA,NA,NA,NA,NA,NA,NA,NA,NA,NA,NA,NA,,NA,NA,NA,NA,NA,NA,,NA,NA,NA
MWT.ETL.2021.033,ETL,3,7/1/2021,7/2/2021,SUMMER,NA,NA,2021,NA,15:30,15:02,MWT,MESH,,NA,NA,NA,NA,NA,NA,NA,NA,NA,NA,NA,NA,,NA,NA,NA,NA,NA,NA,,NA,NA,NA
MWT.ETL.2021.034,ETL,3,7/1/2021,7/2/2021,SUMMER,NA,NA,2021,NA,15:30,15:02,MWT,MESH,,NA,NA,NA,NA,NA,NA,NA,NA,NA,NA,NA,NA,,NA,NA,NA,NA,NA,NA,,NA,NA,NA
MWT.ETL.2021.035,ETL,3,7/1/2021,7/2/2021,SUMMER,NA,NA,2021,NA,15:30,15:02,MWT,MMT,,NA,NA,NA,NA,NA,NA,NA,NA,NA,NA,NA,NA,,NA,NA,NA,NA,NA,NA,,NA,NA,NA
MWT.ETL.2021.036,ETL,3,7/1/2021,7/2/2021,SUMMER,NA,NA,2021,NA,15:30,15:02,MWT,MPT,,NA,NA,NA,NA,NA,NA,NA,NA,NA,NA,NA,NA,,NA,NA,NA,NA,NA,NA,,NA,NA,NA
MWT.ETL.2021.037,ETL,3,7/1/2021,7/2/2021,SUMMER,NA,NA,2021,NA,15:30,15:02,MWT,MESH,,NA,NA,NA,NA,NA,NA,NA,NA,NA,NA,NA,NA,,NA,NA,NA,NA,NA,NA,,NA,NA,NA
MWT.ETL.2021.038,ETL,3,7/1/2021,7/2/2021,SUMMER,NA,NA,2021,NA,15:30,15:02,MWT,MESH,,NA,NA,NA,NA,NA,NA,NA,NA,NA,NA,NA,NA,,NA,NA,NA,NA,NA,NA,,NA,NA,NA
MWT.ETL.2021.039,ETL,3,7/1/2021,7/2/2021,SUMMER,NA,NA,2021,NA,15:30,15:02,MWT,MPT,,NA,NA,NA,NA,NA,NA,NA,NA,NA,NA,NA,NA,,NA,NA,NA,NA,NA,NA,,NA,NA,NA
MWT.ETL.2021.026,ETL,2,7/1/2021,7/2/2021,SUMMER,NA,NA,2021,NA,15:00,10:15,MWT,MESH,,NA,NA,NA,NA,NA,NA,NA,NA,NA,NA,NA,NA,,NA,NA,NA,NA,NA,NA,,NA,NA,NA
MWT.ETL.2021.027,ETL,2,7/1/2021,7/2/2021,SUMMER,NA,NA,2021,NA,15:00,10:15,MWT,MMT,,NA,NA,NA,NA,NA,NA,NA,NA,NA,NA,NA,NA,,NA,NA,NA,NA,NA,NA,,NA,NA,NA
MWT.LML.2021.011,LML,OUTLET,6/23/2021,6/25/2021,SUMMER,NA,NA,2021,NA,19:00,7:14,MWT,MESH,,NA,NA,NA,NA,NA,NA,NA,NA,NA,NA,NA,NA,,NA,NA,NA,NA,NA,NA,,NA,NA,NA
MWT.LML.2021.012,LML,OUTLET,6/23/2021,6/25/2021,SUMMER,NA,NA,2021,NA,19:00,7:21,MWT,MPT,,NA,NA,NA,NA,NA,NA,NA,NA,NA,NA,NA,NA,,NA,NA,NA,NA,NA,NA,,NA,NA,NA
MWT.LML.2021.013,LML,OUTLET,6/23/2021,6/25/2021,SUMMER,NA,NA,2021,NA,19:00,7:23,MWT,MESH,,NA,NA,NA,NA,NA,NA,NA,NA,NA,NA,NA,NA,,NA,NA,NA,NA,NA,NA,,NA,NA,NA
MWT.LML.2021.001,LML,PICO,6/22/2021,6/24/2021,SUMMER,NA,NA,2021,NA,14:30,10:00,MWT,MPT,,NA,NA,NA,NA,NA,NA,NA,NA,NA,NA,NA,NA,,NA,NA,NA,NA,NA,NA,,NA,NA,NA
MWT.LML.2021.002,LML,PICO,6/22/2021,6/24/2021,SUMMER,NA,NA,2021,NA,14:30,10:00,MWT,MPT,,NA,NA,NA,NA,NA,NA,NA,NA,NA,NA,NA,NA,,NA,NA,NA,NA,NA,NA,,NA,NA,NA
MWT.LML.2021.003,LML,PICO,6/22/2021,6/24/2021,SUMMER,NA,NA,2021,NA,14:30,10:00,MWT,MESH,,NA,NA,NA,NA,NA,NA,NA,NA,NA,NA,NA,NA,,NA,NA,NA,NA,NA,NA,,NA,NA,NA
MWT.LML.2021.004,LML,PICO,6/22/2021,6/24/2021,SUMMER,NA,NA,2021,NA,14:30,10:00,MWT,MESH,,NA,NA,NA,NA,NA,NA,NA,NA,NA,NA,NA,NA,,NA,NA,NA,NA,NA,NA,,NA,NA,NA
MWT.LML.2021.005,LML,OUTLET,6/22/2021,6/24/2021,SUMMER,NA,NA,2021,NA,15:30,15:30,MWT,MPT,,NA,NA,NA,NA,NA,NA,NA,NA,NA,NA,NA,NA,,NA,NA,NA,NA,NA,NA,,NA,NA,NA
MWT.LML.2021.006,LML,OUTLET,6/22/2021,6/24/2021,SUMMER,NA,NA,2021,NA,15:30,15:30,MWT,MESH,,NA,NA,NA,NA,NA,NA,NA,NA,NA,NA,NA,NA,,NA,NA,NA,NA,NA,NA,,NA,NA,NA
MWT.LML.2021.007,LML,MINNOW REEDS,6/22/2021,6/24/2021,SUMMER,NA,NA,2021,NA,15:30,15:30,MWT,MPT,,NA,NA,NA,NA,NA,NA,NA,NA,NA,NA,NA,NA,,NA,NA,NA,NA,NA,NA,,NA,NA,NA
MWT.LML.2021.008,LML,MINNOW REEDS,6/22/2021,6/24/2021,SUMMER,NA,NA,2021,NA,15:30,15:30,MWT,MESH,,NA,NA,NA,NA,NA,NA,NA,NA,NA,NA,NA,NA,,NA,NA,NA,NA,NA,NA,,NA,NA,NA
MWT.LML.2021.009,LML,MINNOW REEDS,6/22/2021,6/24/2021,SUMMER,NA,NA,2021,NA,15:30,15:30,MWT,MPT,,NA,NA,NA,NA,NA,NA,NA,NA,NA,NA,NA,NA,,NA,NA,NA,NA,NA,NA,,NA,NA,NA
MWT.LML.2021.010,LML,MINNOW REEDS,6/22/2021,6/24/2021,SUMMER,NA,NA,2021,NA,15:30,15:30,MWT,MESH,,NA,NA,NA,NA,NA,NA,NA,NA,NA,NA,NA,NA,,NA,NA,NA,NA,NA,NA,,NA,NA,NA
