    ,NEW_SAMP,MA_ID,VIAL.,WATER,Row.,DATE_bag,SITE_bag,SPECIES,LENGTH,WEIGHT,TN,OTO,GT,FN,NOTES,X
1,MWT.WFL.2021.076,SAMP 311,1,WFL,2545,9/12/2022,?,CLM,NA,NA,1,1,1,1,,
2,MWT.WFL.2021.076,SAMP 311,2,WFL,2546,9/12/2022,,CLM,NA,NA,1,1,1,1,,
3,MWT.WFL.2021.076,SAMP 311,3,WFL,2547,9/12/2022,,RBS,NA,NA,1,0,0,1,,
4,MWT.WFL.2021.021,SAMP 255,4,WFL,2290,9/10/2022,,RBS,159,77.6,1,1,1,1,,
5,MWT.WFL.2021.021,SAMP 255,5,WFL,2293,9/10/2022,,RBS,86,8.8,1,1,1,1,,
6,MWT.WFL.2021.021,SAMP 255,6,WFL,2295,9/10/2022,,RBS,104,17.5,1,1,1,1,,
7,MWT.WFL.2021.021,SAMP 255,7,WFL,2297,9/10/2022,,WS,119,15.7,1,1,1,1,,
8,MWT.WFL.2021.021,SAMP 255,8,WFL,3472,9/10/2022,,BB,112,16.3,1,1,1,1,,
9,MWT.WFL.2021.021,SAMP 255,9,WFL,2298,9/10/2022,,WS,130,23.4,1,1,1,1,,
10,MWT.WFL.2021.021,SAMP 255,10,WFL,2296,9/10/2022,,CLM,91,9.8,1,1,1,1,,
11,MWT.WFL.2021.019,SAMP 253,11,WFL,2288,9/10/2022,,BB,176,62.33,1,0,1,1,clm IN GUTS,
12,MWT.WFL.2021.021,SAMP 255,12,WFL,2299,9/10/2022,,WS,165,45,1,1,1,1,,
13,MWT.WFL.2021.032,SAMP 266,13,WFL,2373,11-Sep,S2,CLM,87,7.7,1,1,1,1,C1 VOUCHER,
14,MWT.WFL.2021.032,SAMP 266,14,WFL,2375,11-Sep,S2,CC,93,6.3,1,1,1,1,C2 VOUCHER,
15,MWT.WFL.2021.032,SAMP 266,15,WFL,2374,11-Sep,S2,CC,88,4.5,1,1,1,1,C3 VOUCHER,
16,MWT.WFL.2021.049,SAMP 283,16,WFL,2442,11-Sep,S3,BND,63,2.3,1,1,1,1,C4,
17,MWT.WFL.2021.043,SAMP 277,17,WFL,2423,11-Sep,S3,CLM,123,25.9,1,1,1,1,C5,
18,MWT.WFL.2021.043,SAMP 277,18,WFL,2422,11-Sep,S3,CLM,70,4,1,1,1,1,C6,
19,MWT.WFL.2021.045,SAMP 279,19,WFL,2428,11-Sep,S3,CLM,76,3.3,1,1,1,1,C7,
20,MWT.WFL.2021.045,SAMP 279,20,WFL,2427,11-Sep,S3,CC,88,5.9,1,1,1,1,C8,
21,MWT.WFL.2021.043,SAMP 277,21,WFL,2424,11-Sep,S3,CLM,102,13.3,1,1,1,1,C9,
22,MWT.WFL.2021.049,SAMP 283,22,WFL,2443,11-Sep,S3,WS,117,43.2,1,1,1,1,C10 - EGGS,
23,MWT.WFL.2021.044,SAMP 278,23,WFL,2425,11-Sep,S3,CC,109,10.5,1,1,1,1,C11,
24,MWT.WFL.2021.045,SAMP 279,24,WFL,2429,11-Sep,S3,CC,93,6.8,1,1,1,1,C12,
25,MWT.WFL.2021.049,SAMP 283,25,WFL,2441,11-Sep,S3,CLM,75,4.9,1,0,1,1,C13,
26,MWT.WFL.2021.056,SAMP 291,26,WFL,2462,9/12/2022,S3,CLM,94,0.6,1,1,1,1,C14,
27,MWT.WFL.2021.054,SAMP 289,27,WFL,2453,9/12/2022,S3,CC,74,4,1,1,1,1,C15,
28,MWT.WFL.2021.051,SAMP 286,28,WFL,2463,9/12/2022,S3,WS,155,46.8,1,1,1,1,C16,
29,MWT.WFL.2021.054,SAMP 289,29,WFL,2450,9/12/2022,S3,CC,76,4.3,1,1,1,1,C17,
30,MWT.WFL.2021.054,SAMP 289,30,WFL,2451,9/12/2022,S3,CC,NA,12.1,1,1,1,1,C18,
31,MWT.WFL.2021.051,SAMP 286,31,WFL,2560,9/12/2022,S3,WS,NA,111.9,1,1,1,1,C19 - EGGS,
32,MWT.WFL.2021.054,SAMP 289,32,WFL,2452,9/12/2022,S3,CC,NA,5.4,1,1,1,1,C20 ,
33,MWT.HRM.2021.035,SAMP 346,33,HRM,2807,D3,BW2,CC,84,5.4,1,1,1,1,,
34,MWT.HRM.2021.035,SAMP 346,34,HRM,2810,D3,BW2,CC,89,7.5,1,1,1,1,,
35,MWT.HRM.2021.035,SAMP 346,35,HRM,2805,D3,BW2,CC,91,6,1,1,1,1,,
36,MWT.HRM.2021.035,SAMP 346,36,HRM,2803,D3,BW2,CC,100,10.2,1,1,1,1,,
37,MWT.HRM.2021.035,SAMP 346,37,HRM,2818,D3,BW2,CC,96,8.4,1,1,1,1,,
38,MWT.HRM.2021.035,SAMP 346,38,HRM,2804,D3,BW2,CC,82,5.7,1,1,1,1,,
39,MWT.HRM.2021.035,SAMP 346,39,HRM,2820,D3,BW2,CC,72,3.1,1,1,1,1,,
40,MWT.HRM.2021.035,SAMP 346,40,HRM,2809,D3,BW2,CC,76,4.4,1,1,1,1,,
41,MWT.HRM.2021.035,SAMP 346,41,HRM,2806,D3,BW2,CC,77,4.8,1,1,1,1,,
42,MWT.HRM.2021.035,SAMP 346,42,HRM,2817,D3,BW2,CC,75,3.8,1,1,1,1,,
43,MWT.HRM.2021.035,SAMP 346,43,HRM,2811,D3,BW2,CC,87,5.8,1,1,1,1,,
44,MWT.HRM.2021.035,SAMP 346,44,HRM,2814,D3,BW2,HYB,65,2.4,1,1,1,1,,
45,MWT.HRM.2021.035,SAMP 346,45,HRM,2813,D3,BW2,HYB,64,2.3,1,1,1,1,,
46,MWT.HRM.2021.035,SAMP 346,46,HRM,2816,D3,BW2,NRD,74,2.9,1,1,1,1,EGGS,
47,MWT.HRM.2021.035,SAMP 346,47,HRM,2819,D3,BW2,NRD,63,1.9,1,1,1,1,EGGS,
48,MWT.HRM.2021.035,SAMP 346,48,HRM,2824,D3,BW2,NRD,61,2,1,1,1,1,EGGS,
49,MWT.HRM.2021.036,SAMP 347,49,HRM,2822,D3,BW2,HYB,64,2.3,1,0,1,1,,
50,MWT.HRM.2021.035,SAMP 346,50,HRM,2808,D3,BW2,NRD,62,1.9,1,0,1,1,,
51,MWT.HRM.2021.037,SAMP 348,51,HRM,2823,D3,BW2,NRD,55,1.3,1,0,1,1,,
52,MWT.HRM.2021.035,SAMP 346,52,HRM,2812,D3,BW2,NRD,62,2.1,1,1,1,1,EGGS,
53,MWT.HRM.2021.035,SAMP 346,53,HRM,2815,D3,BW2,HYB,53,1.2,1,0,1,1,,
54,MWT.HRM.2021.035,SAMP 346,54,HRM,2821,D3,BW2,NRD,55,1.3,1,1,1,1,,
55,MWT.HRM.2021.014,SAMP 325,55,HRM,2656,D3,,PD,67,2.7,1,1,1,1,,notes to self - there is a beak here. Maybe this is a new bag of fish I didn’t write down? But I also did make a huge bag that day so maybe it is all the fish who the fuck knows but im pretty sure its not bw2 with pearl dace
56,MWT.HRM.2021.014,SAMP 325,56,HRM,2654,D3,,PD,69,3.6,1,1,1,1,,
57,MWT.HRM.2021.016,SAMP 326,57,HRM,2675,D3,,PD,70,3.3,1,1,1,1,,
58,MWT.HRM.2021.014,SAMP 325,58,HRM,2658,D3,,HYB,65,2.2,1,1,1,1,,
59,MWT.HRM.2021.016,SAMP 326,59,HRM,2669,D3,,PD,75,4.1,1,1,1,1,EGGS,
60,MWT.HRM.2021.016,SAMP 326,60,HRM,2670,D3,,PD,64,2.5,1,1,1,1,EGGS,
61,MWT.HRM.2021.014,SAMP 325,61,HRM,2653,D3,,PD,63,2.3,1,1,1,1,,
62,MWT.HRM.2021.014,SAMP 325,62,HRM,2655,D3,,PD,66,2.6,1,1,1,1,,
63,MWT.HRM.2021.019,SAMP 330,63,HRM,2677,D3,,BB,NA,37.9,1,1,1,1,,
64,MWT.HRM.2021.018,SAMP 328,64,HRM,2678,D3,,BB,NA,35.3,1,1,1,1,,
65,MWT.HRM.2021.016,SAMP 326,65,HRM,2671,D3,BW2,NRD,NA,2.2,1,1,1,1,,
66,MWT.HRM.2021.021,SAMP 332,66,HRM,2680,not quite sure,,BB,178,56.3,1,1,1,1,,
67,MWT.HRM.2021.021,SAMP 332,67,HRM,2681,D3,,PS,55,2.6,1,1,1,1,,
68,MWT.HRM.2021.026,SAMP 337,68,HRM,2687,D3,,BB,117,19,1,1,1,1,,
69,MWT.HRM.2021.027,SAMP 338,69,HRM,2644,D3,BW2,BB,132,27.5,1,1,1,1,,NEW SECTION?
70,MWT.HRM.2021.013,SAMP 324,70,HRM,2646,D3,BW2,CC,53,1.1,1,1,1,1,,
71,MWT.HRM.2021.013,SAMP 324,71,HRM,2648,D3,BW2,CC,79,5,1,1,1,1,EGGS,
72,MWT.HRM.2021.013,SAMP 324,72,HRM,2647,D3,BW2,CC,62,2,1,1,1,1,,
73,MWT.HRM.2021.013,SAMP 324,73,HRM,2645,D3,BW2,CC,82,4.8,1,1,1,1,,
74,MWT.WFL.2021.024,SAMP 258,74,WFL,2335,11-Sep,S1,RBS,54,18,1,1,1,1,,
75,MWT.WFL.2021.024,SAMP 258,75,WFL,2352,11-Sep,S1,CS,127,28,1,0,1,1,,
76,MWT.WFL.2021.024,SAMP 258,76,WFL,2347,11-Sep,S1,RBS,91,12.6,1,1,1,1,,
77,MWT.WFL.2021.024,SAMP 258,77,WFL,2353,11-Sep,S1,CLM,114,21.7,1,1,1,1,,
78,MWT.WFL.2021.024,SAMP 258,78,WFL,2354,11-Sep,S1,CLM,47,11.5,1,1,1,1,,
79,MWT.LOP.2021.021,SAMP 142,79,LOP,,8/22/ - this really seems like it hsould be 6/20 S3? But that’s really different than what the bag said,S1,CC,87,7.1,1,1,1,1,,
80,MWT.LOP.2021.021,SAMP 142,80,LOP,,8/22/2021,S1,CC,81,5.6,1,1,1,1,,
81,MWT.LOP.2021.017,SAMP 146,81,LOP,need to check this whole group because what,8/22/2021,S1,BK,56,1.1,1,1,1,1,,
82,MWT.LOP.2021.017,SAMP 146,82,LOP,,8/22/2021,S1,BK,57,1.9,1,1,1,1,,
83,MWT.LOP.2021.021,SAMP 142,83,LOP,,8/22/2021,S1,CC,51,1.5,1,1,1,1,,
84,MWT.LOP.2021.017,SAMP 146,84,LOP,,8/22/2021 - measurements make it seem like these should actually be from the 20th,S1,BM,51,0.9,1,1,1,1,,
85,MWT.LOP.2021.020,SAMP 141,85,LOP,,8/22/2021 - measurements make it seem like these should actually be from the 20th,S1,BM,52,1.3,1,1,1,1,,
86,MWT.LOP.2021.022,SAMP 143,86,LOP,,8/22/2021,S1,PS,99,17.2,1,1,1,1,,
87,NA,NA,87,LML.022,BEF2,LML.022,LML.022,CS,55,11.3,1,1,1,1,,
88,NA,NA,88,LML.022,BEF3,LML.022,LML.022,PS,53,10.2,1,1,1,1,,
89,NA,NA,89,LML.022,BEF4,LML.022,LML.022,PS,126,43.1,1,1,1,1,,
90,NA,NA,90,LML.022,BEF5,LML.022,LML.022,PS,124,35.4,1,1,1,1,,
91,NA,NA,91,LML.022,BEF6,LML.022,LML.022,PS,88,10.1,1,1,1,1,,
92,NA,NA,92,LML.022,BEF7,LML.022,LML.022,PS,62,3.6,1,1,1,1,,
93,NA,NA,93,LML.022,BEF8,LML.022,LML.022,PS,135,49.7,1,1,1,1,,
94,NA,NA,94,LML.022,BEF9,LML.022,LML.022,PS,84,9.9,1,1,1,1,,
95,NA,NA,95,LML.022,BEF10,LML.022,LML.022,PS,35,0.8,1,0,1,1,,
96,MWT.HRM.2021.032,SAMP 343,104,HRM ,2792,Dissection day A bag 1,no lable ,NRD,62,2.4,1,1,1,1,,
97,MWT.HRM.2021.032,SAMP 343,97,HRM ,2793, ,no lable ,CC,67,2.7,1,1,1,1,,unsure on the ysamp
98,MWT.HRM.2021.032,SAMP 343,98,HRM ,2794,Dissection day A bag 1,no lable ,CC,64,2.3,1,1,1,1,,unsure on the ysamp
99,MWT.HRM.2021.032,SAMP 343,99,HRM ,2795,Dissection day A bag 1,no lable ,CC,66,2.4,1,1,1,1,EGGS,unsure on the ysamp
100,MWT.HRM.2021.032,SAMP 343,100,HRM ,2796,Dissection day A bag 1,no lable ,NRD,57,1.3,1,1,1,1,EGGS,unsure on the ysamp
101,MWT.HRM.2021.032,SAMP 343,101,HRM ,2797,Dissection day A bag 1,no lable ,CC,48,1,1,1,1,1,,unsure on the ysamp
102,MWT.HRM.2021.032,SAMP 343,102,HRM ,2798,Dissection day A bag 1,no lable ,CC,66,2.6,1,1,1,1,,unsure on the ysamp
103,MWT.HRM.2021.034,SAMP 345,103,HRM ,2802,Dissection day A bag 1,no lable ,CC,129,19.3,1,1,1,1,,unsure on the ysamp
104,NA,NA,96,LML.022,BEF11,LML.022,LML.022,WS,NA,NA,1,1,1,1,,
105,MWT.HRM.2021.031,SAMP 342,106,HRM,2725,Dissection day A bag 2,no lable ,NRD,62,2.4,1,1,1,1,,
106,MWT.HRM.2021.031,SAMP 342,107,HRM,2728,Dissection day A bag 2,no lable ,PD,99,9.7,1,1,1,1,EGGS,
107,MWT.HRM.2021.031,SAMP 342,108,HRM,2742,Dissection day A bag 2: D3,FOR,FHM,74,4.5,1,1,1,1,,
108,MWT.HRM.2021.031,SAMP 342,109,HRM,2738,Dissection day A bag 2,no lable ,PD,66,2.7,1,0,1,1,,
109,MWT.HRM.2021.031,SAMP 342,110,HRM,2745,Dissection day A bag 2,no lable ,NRD,65,2.4,1,1,1,1,,
110,MWT.HRM.2021.031,SAMP 342,111,HRM,2713,Dissection day A bag 2,no lable ,PD,75,4,1,1,1,1,,
111,MWT.HRM.2021.031,SAMP 342,112,HRM,2726,Dissection day A bag 2,no lable ,NRD,61,1.8,1,0,1,1,,
112,MWT.HRM.2021.031,SAMP 342,113,HRM,2783,Dissection day A bag 2,no lable ,HYB,77,4,1,1,1,1,,
113,MWT.HRM.2021.031,SAMP 342,114,HRM,2770,Dissection day A bag 2,no lable ,NRD,68,2.6,1,1,1,1,EGGS,
114,MWT.HRM.2021.031,SAMP 342,115,HRM,2724,Dissection day A bag 2,no lable ,PD,75,4.2,1,1,1,1,,
115,MWT.HRM.2021.031,SAMP 342,116,HRM,2764,Dissection day A bag 2,no lable ,PD,81,5.5,1,1,1,1,EGGS,
116,MWT.HRM.2021.031,SAMP 342,117,HRM,2741,Dissection day A bag 2,no lable ,PD,82,5.7,1,1,1,1,,
117,MWT.HRM.2021.031,SAMP 342,118,HRM,2775,Dissection day A bag 2,no lable ,NRD,NA,2.1,1,1,1,1,,
118,MWT.HRM.2021.031,SAMP 342,119,HRM,2776,Dissection day A bag 2,no lable ,NRD,NA,1.5,1,1,1,1,,
119,MWT.HRM.2021.031,SAMP 342,120,HRM,2777,Dissection day A bag 2,no lable ,NRD,74,2.8,1,1,1,1,,
120,MWT.HRM.2021.031,SAMP 342,121,HRM,2720,Dissection day A bag 2,no lable ,PD,73,3.8,1,1,1,1,EGGS,
121,MWT.HRM.2021.031,SAMP 342,122,HRM,2736,Dissection day A bag 2,no lable ,PD,78,4.8,1,1,1,1,,
122,MWT.HRM.2021.031,SAMP 342,123,HRM,2759,Dissection day A bag 2,no lable ,NRD,56,2,1,1,1,1,,
123,MWT.HRM.2021.031,SAMP 342,124,HRM,2718,DISSECTION DAY 1/19 SITE BAG 1 SUB BAG 2,no lable ,NRD,57,1.6,1,1,1,1,,
124,MWT.HRM.2021.026,SAMP 337,125,HRM,2688,DISSECTION DAY 1/19 SITE BAG 1 SUB BAG 3,no lable ,CC,110,13.4,1,1,1,1,,
125,MWT.HRM.2021.026,SAMP 337,126,HRM,2689,DISSECTION DAY 1/19 SITE BAG 1 SUB BAG 3,no lable ,CC,78,3.7,1,1,1,1,,
126,MWT.HRM.2021.026,SAMP 337,127,HRM,2690,D2,BW2,PS,56,3.2,1,1,1,1,,
127,MWT.HRM.2021.027,SAMP 338,128,HRM,2691,DISSECTION DAY 1/19 SITE BAG 1 SUB BAG 3,no lable ,CC,91,7,1,1,1,1,,
128,MWT.HRM.2021.027,SAMP 338,129,HRM,2692,DISSECTION DAY 1/19 SITE BAG 1 SUB BAG 3,no lable ,CC,79,4.9,1,1,1,1,,
129,MWT.HRM.2021.009,SAMP 320,130,HRM,2638,DISSECTION DAY 1/19 SITE BAG 2 SUB BAG 1,no lable ,CC,64,2.9,1,1,1,1,,
130,MWT.HRM.2021.010,SAMP 321,131,HRM,2639,DISSECTION DAY 1/19 SITE BAG 2 SUB BAG 1,no lable ,CC,196,71.8,1,1,1,1,,
131,MWT.HRM.2021.010,SAMP 321,132,HRM,2640,DISSECTION DAY 1/19 SITE BAG 2 SUB BAG 1,no lable ,CC,102,9.3,1,1,1,1,,
132,MWT.HRM.2021.010,SAMP 321,133,HRM,2641,DISSECTION DAY 1/19 SITE BAG 2 SUB BAG 1,no lable ,CC,158,42.3,1,1,1,1,,
133,MWT.HRM.2021.010,SAMP 321,134,HRM,2642,DISSECTION DAY 1/19 SITE BAG 2 SUB BAG 1,no lable ,CC,71,3.2,1,1,1,1,,
134,MWT.HRM.2021.001,SAMP 312,135,HRM,2562,D1,BW2,PS,56,2.2,1,1,1,1,,
135,MWT.HRM.2021.001,SAMP 312,136,HRM,2566,DISSECTION DAY 1/19 SITE BAG 2 SUB BAG 2,no lable ,NRD,61,2,1,1,1,1,,
136,MWT.HRM.2021.001,SAMP 312,137,HRM,2563,DISSECTION DAY 1/19 SITE BAG 2 SUB BAG 2,no lable ,NRD,50,1.1,1,0,1,1,,
137,MWT.HRM.2021.001,SAMP 312,138,HRM,2567,DISSECTION DAY 1/19 SITE BAG 2 SUB BAG 2,no lable ,NRD,61,1.9,1,1,1,1,,
138,MWT.HRM.2021.002,SAMP 313,139,HRM,2568,DISSECTION DAY 1/19 SITE BAG 2 SUB BAG 2,no lable ,NRD,76,3.6,1,1,1,1,EGGS,
139,MWT.HRM.2021.002,SAMP 313,140,HRM,2569,DISSECTION DAY 1/19 SITE BAG 2 SUB BAG 2,no lable ,NRD ,54,1.5,1,1,1,1,EGGS,
140,MWT.HRM.2021.001,SAMP 312,141,HRM,2564,D1,BW2,PS,50,1.9,1,1,1,1,,
141,MWT.HRM.2021.004,SAMP 315,142,HRM,2572,DISSECTION DAY 1/19 SITE BAG 2 SUB BAG #3,no lable ,BB,111,17.2,1,1,1,1,,
142,MWT.HRM.2021.003,SAMP 314,143,HRM,2570,DISSECTION DAY 1/19 SITE BAG 2 SUB BAG #3,no lable ,BB,167,58.7,1,1,1,1,EGGS,
143,MWT.HRM.2021.004,SAMP 315,144,HRM,2571,DISSECTION DAY 1/19 SITE BAG 2 SUB BAG #3,no lable ,BB,94,9.4,1,1,1,1,,
144,MWT.HRM.2021.007,SAMP 318,145,HRM,2605,DISSECTION DAY 1/19 SITE BAG 2 SUB BAG #4,no lable ,NPD,74,4,1,1,1,1,,
145,MWT.HRM.2021.007,SAMP 318,146,HRM,2600,DISSECTION DAY 1/19 SITE BAG 2 SUB BAG #4,no lable ,CC,101,11.2,1,1,1,1,,
146,MWT.HRM.2021.007,SAMP 318,147,HRM,2608,DISSECTION DAY 1/19 SITE BAG 2 SUB BAG #4,no lable ,CC,66,2.6,1,1,1,1,,
147,MWT.HRM.2021.007,SAMP 318,148,HRM,2617,DISSECTION DAY 1/19 SITE BAG 2 SUB BAG #4,no lable ,NRD,66,2,1,1,1,1,,
148,MWT.HRM.2021.007,SAMP 318,149,HRM,2623,DISSECTION DAY 1/19 SITE BAG 2 SUB BAG #4,no lable ,HYB,67,2.2,1,1,1,1,EGGS,
149,MWT.HRM.2021.007,SAMP 318,150,HRM,2607,DISSECTION DAY 1/19 SITE BAG 2 SUB BAG #4,no lable ,CC,72,3.2,1,1,1,1,,
150,MWT.HRM.2021.007,SAMP 318,151,HRM,2609,DISSECTION DAY 1/19 SITE BAG 2 SUB BAG #4,no lable ,CC,92,6.5,1,1,1,1,,
151,MWT.HRM.2021.007,SAMP 318,152,HRM,2614,DISSECTION DAY 1/19 SITE BAG 2 SUB BAG #4,no lable ,CC,70,2.6,1,1,1,1,,
152,MWT.HRM.2021.007,SAMP 318,153,HRM,2620,DISSECTION DAY 1/19 SITE BAG 2 SUB BAG #4,no lable ,NRD,61,1.9,1,1,1,1,,
153,MWT.HRM.2021.005,SAMP 316,154,HRM,2574,DISSECTION DAY 1/19 SITE BAG 2 SUB BAG #4,no lable ,NRD,54,1.1,1,1,1,1,,
154,MWT.HRM.2021.007,SAMP 318,155,HRM,2611,DISSECTION DAY 1/19 SITE BAG 2 SUB BAG #4,no lable ,CC,73,3.1,1,1,1,1,,
155,MWT.HRM.2021.007,SAMP 318,156,HRM,2606,DISSECTION DAY 1/19 SITE BAG 2 SUB BAG #4,no lable ,NPD,66,2.4,1,1,1,1,,
156,MWT.HRM.2021.006,SAMP 317,157,HRM,2591,DISSECTION DAY 1/19 SITE BAG 2 SUB BAG #4,no lable ,NPD,66,2.5,1,1,1,1,,
157,MWT.HRM.2021.007,SAMP 318,158,HRM,2610,DISSECTION DAY 1/19 SITE BAG 2 SUB BAG #4,no lable ,CC,76,3.6,1,1,1,1,,
158,MWT.HRM.2021.007,SAMP 318,159,HRM,2618,DISSECTION DAY 1/19 SITE BAG 2 SUB BAG #4,no lable ,HYB,71,2.5,1,1,1,1,,
159,MWT.HRM.2021.007,SAMP 318,160,HRM,2616,DISSECTION DAY 1/19 SITE BAG 2 SUB BAG #4,no lable ,CC,66,2.2,1,1,1,1,,
160,MWT.HRM.2021.007,SAMP 318,161,HRM,2621,DISSECTION DAY 1/19 SITE BAG 2 SUB BAG #4,no lable ,HYB,72,2.5,1,1,1,1,EGGS,
161,MWT.HRM.2021.007,SAMP 318,162,HRM,2626,DISSECTION DAY 1/19 SITE BAG 2 SUB BAG #4,no lable ,HYB,72,2.6,1,1,1,1,,
162,MWT.HRM.2021.007,SAMP 318,163,HRM,2619,DISSECTION DAY 1/19 SITE BAG 2 SUB BAG #4,no lable ,HYB,68,2.6,1,1,1,1,,
163,MWT.HRM.2021.007,SAMP 318,164,HRM,2622,DISSECTION DAY 1/19 SITE BAG 2 SUB BAG #4,no lable ,HYB,68,2.4,1,1,1,1,,
164,MWT.HRM.2021.007,SAMP 318,165,HRM,2624,DISSECTION DAY 1/19 SITE BAG 2 SUB BAG #4,no lable ,HYB/NRD,67,2.2,1,1,1,1,,
165,MWT.HRM.2021.007,SAMP 318,166,HRM,2612,DISSECTION DAY 1/19 SITE BAG 2 SUB BAG #4,no lable ,CC,61,1.8,1,1,1,1,,
166,MWT.HRM.2021.007,SAMP 318,167,HRM,2615,DISSECTION DAY 1/19 SITE BAG 2 SUB BAG #4,no lable ,CC,63,1.9,1,1,1,1,,
167,MWT.HRM.2021.007,SAMP 318,168,HRM,2625,DISSECTION DAY 1/19 SITE BAG 2 SUB BAG #4,no lable ,HYB,66,2.4,1,1,1,1,EGGS,
168,MWT.HRM.2021.007,SAMP 318,169,HRM,2602,DISSECTION DAY 1/19 SITE BAG 2 SUB BAG #4,no lable ,NPD,67,2.9,1,1,1,1,,
169,MWT.HRM.2021.007,SAMP 318,170,HRM,2603,DISSECTION DAY 1/19 SITE BAG 2 SUB BAG #4,no lable ,NPD,67,2.3,1,1,1,1,,
170,MWT.HRM.2021.007,SAMP 318,171,HRM,2629,DISSECTION DAY 1/19 SITE BAG 2 SUB BAG #4,no lable ,NRD,59,1.2,1,1,1,1,EGGS,
171,MWT.HRM.2021.007,SAMP 318,172,HRM,2628,DISSECTION DAY 1/19 SITE BAG 2 SUB BAG #4,no lable ,NRD,54,1.3,1,1,1,1,,
172,MWT.HRM.2021.007,SAMP 318,173,HRM,2613,DISSECTION DAY 1/19 SITE BAG 2 SUB BAG #4,no lable ,CC,59,1.5,1,1,1,1,,
173,MWT.WFL.2021.076,SAMP 311,174,WFL,2541,9/12/2022,S1,BB,145,40.8,1,1,1,1,,
174,NA,NA,175,LOP ,pretty sure its in this bag I just dont see a measurement for it in its baf,20-Aug,,GS,95,7.3,1,1,1,1,,
175,NA,NA,176,LOP ,Is this tom pecks missing ST?,20-Aug,,ST,201,81.3,1,1,1,1,,
176,NA,NA,177,LOP ,should be lot 56ish but there is no entry in measurement. Only 1 gs shows up forr 8/20,20-Aug,,GS,67,2,1,1,1,1,,
177,MWT.LOP.2021.054,SAMP 171,178,LOP ,,20-Aug,,BB,192,82.4,1,1,1,1,,
178,MWT.LOP.2021.056,SAMP 173,179,LOP ,,20-Aug,,GS,78,4.2,1,1,1,1,,
179,MWT.LOP.2021.054,SAMP 171,180,LOP ,,20-Aug,,BB,184,70.8,1,0,1,1,,
180,MWT.LOP.2021.056,SAMP 173,181,LOP ,need to check with binde what these actually are,20-Aug,,BB,207,107,1,1,1,1,,
181,MWT.LOP.2021.056,SAMP 173,182,LOP,,20-Aug,,CC,92,7,1,1,1,1,,
182,MWT.LOP.2021.054,SAMP 171,183,LOP,,20-Aug,,PS,137,55.5,1,1,1,1,,
183,MWT.LOP.2021.056,SAMP 173,184,LOP,,20-Aug,,CC,87,5.9,1,1,1,1,,
184,MWT.LOP.2021.056,SAMP 173,185,LOP,,20-Aug,,PS,109,NA,1,1,1,1,,
185,MWT.LOP.2021.054,SAMP 171,186,LOP,,20-Aug,,PS,143,65.6,1,1,1,1,,
186,MWT.LOP.2021.056,SAMP 173,187,LOP,,20-Aug,,CC,98,9.1,1,1,1,1,,
187,NA,NA,188,LOP,should be lot 56ish but there is no entry in measurement. Only 1 gs shows up forr 8/20,20-Aug,,GS,73,3.1,1,1,1,1,,
188,MWT.LOP.2021.053,SAMP 169,189,LOP,,20-Aug,,BK,57,1.7,1,1,1,1,,
189,MWT.LOP.2021.056,SAMP 173,190,LOP,,20-Aug,,CC,61,2,1,1,1,1,,
190,MWT.LOP.2021.058,SAMP 175,191,LOP,,20-Aug,,BB,158,42.5,1,1,1,1,,
191,MWT.LOP.2021.056,SAMP 173,192,LOP,,20-Aug,,CC,62,2.6,1,1,1,1,,
192,NA,NA,193,LOP,,20-Aug,,BB,162,59.7,1,1,1,1,,
193,NA,NA,194,LOP,,20-Aug,,BB,190,103.6,1,1,1,1,,
194,MWT.LOP.2021.094,SAMP 208,195,LOP,,21-Aug,S1,BM,51,0.9,1,1,1,1,added row,
195,MWT.LOP.2021.094,SAMP 208,196,LOP,,21-Aug,S1,BM,42,0.7,1,1,1,1,,
196,MWT.LOP.2021.094,SAMP 208,197,LOP,added I this row ,21-Aug,S1,BM,44,0.6,1,1,1,1,,
197,MWT.TPP.2021.103,SAMP 101,198,TPP,1207,21-Aug,S4,GS,89,5.7,1,1,1,1,,
198,MWT.TPP.2021.091,SAMP 87,199,TPP,1164,21-Aug,S2,WS,157,382,1,1,1,1,,
199,MWT.TPP.2021.089,SAMP 85,200,TPP,1152,21-Aug,S2,WS,105,11.4,1,1,1,1,,
200,MWT.TPP.2021.089,SAMP 85,201,TPP,?,21-Aug,S2,CC,57,1.6,1,1,1,1,,
201,MWT.TPP.2021.090,SAMP 86,202,TPP,1160,21-Aug,S2,CC,43,0.7,1,1,1,1,,
202,MWT.TPP.2021.090,SAMP 86,203,TPP,1159,21-Aug,S2,CC,51,1.2,1,1,1,1,,
203,MWT.LOP.2021.095,SAMP 224,204,LOP,,21-Aug,S3,CC,96,10.4,1,1,1,1,,
204,MWT.LOP.2021.083,SAMP 195,205,LOP,looks like it should be S3 but the sample sheet might be messed up in this area,21-Aug,S3,GS,67,2.3,1,1,1,1,,
205,MWT.LOP.2021.074 - double check this because I think 74 might be out of order but I guess the y samp would stay the same? And the length isnt ight,SAMP 191,206,LOP,,21-Aug,S3,CC,92,6.4,1,1,1,1,,
206,NA,NA,207,LOP,pretty ure these shouldd be this date but there is just no entry in the masurement for some reason,21-Aug,S2,CC,61,1.9,1,1,1,1,,
207,MWT.LOP.2021.095,SAMP 224,208,LOP,,21-Aug,S2,GS,86,5,1,1,1,1,,
208,MWT.LOP.2021.074,SAMP 191,209,LOP,,21-Aug,S2,CC,56,1.3,1,1,1,1,,
209,MWT.LOP.2021.091,SAMP 205,210,LOP,,21-Aug,S2,CC,62,2.4,1,1,1,1,,
210,MWT.LOP.2021.092,SAMP 206,211,LOP,2027,21-Aug,S2,WS,250,146.1,1,1,1,1,EGGS,
211,MWT.LOP.2021.074,SAMP 191,212,LOP,,21-Aug,S2,CC,91,6.2,1,1,1,1,,
212,NA,NA,213,LOP,,21-Aug,S2,CC,64,2.3,1,1,1,1,,
213,MWT.LOP.2021.085,SAMP 197,214,LOP,,21-Aug,S2,CC,72,4,1,1,1,1,,
214,MWT.LOP.2021.095,SAMP 224,215,LOP,,21-Aug,S2,GS,74,4,1,1,1,1,,
215,MWT.LOP.2021.077,SAMP 230,216,LOP,,21-Aug,S2,FHM,59,1.7,1,0,1,1,,
216,MWT.LOP.2021.095,SAMP 224,217,LOP,,21-Aug,S2,GS,74,3.3,1,1,1,1,,
217,This looks like a duplicate,,218,LOP,2020,21-Aug,S2,BK,52,1.1,1,1,1,1,,
218,MWT.LOP.2021.088,SAMP 204,218,LOP,2020,21-Aug,S2,BK,52,1.1,1,1,1,1,,
219,MWT.LOP.2021.085,SAMP 197,219,LOP,1985,21-Aug,S2,BK,66,2.5,1,0,1,1,,
220,This looks like a duplicate,,219,LOP,1985,21-Aug,S2,BK,66,2.5,1,0,1,1,,
221,MWT.LOP.2021.088,SAMP 204,220,LOP,2021,21-Aug,S2,BK,51,0.9,1,1,1,1,,
222,This looks like a duplicate,,220,LOP,2021,21-Aug,S2,BK,51,0.9,1,1,1,1,,
223,MWT.TPP.2021.108,SAMP 107,221,TPP,1229,22-Aug,S1,GS,50,1.3,1,1,1,1,,
224,MWT.TPP.2021.119,SAMP 116,222,TPP,2102,22-Aug,S1,CC,71,3.6,1,1,1,1,,
225,MWT.TPP.2021.112,SAMP 94,223,TPP,1247,22-Aug,S1,GS,107,9.4,1,1,1,1,,
226,NA,NA,224,TPP,1181,22-Aug,S1,CC,72,3,1,1,1,1,,
227,MWT.TPP.2021.115,SAMP 95,225,TPP,1253,22-Aug,S1,GS,66,2.6,1,1,1,1,,
228,MWT.TPP.2021.111,SAMP 93,226,TPP,1242,22-Aug,S1,GS,64,2.4,1,1,1,1,,
229,MWT.TPP.2021.111,SAMP 93,227,TPP,1239,22-Aug,S1,GS,65,2.3,1,1,1,1,,
230,MWT.TPP.2021.119,SAMP 116,228,TPP,2103,22-Aug,S1,CC,72,3.6,1,1,1,1,,
231,MWT.TPP.2021.109,SAMP 108,229,TPP,1237,22-Aug,S1,GS,64,1.9,1,1,1,1,,
232,NA,NA,230,TPP,1180,22-Aug,S1,CC,65,2.6,1,1,1,1,,
233,MWT.TPP.2021.119,SAMP 116,231,TPP,2105,22-Aug,S1,NRD,54,1.5,1,1,1,1,,
234,MWT.TPP.2021.119,SAMP 116,232,TPP,2113,22-Aug,S1,NRD,46,1.3,1,1,1,1,,
235,NA,NA,233,TPP,1188,22-Aug,S1,BND,54,1.8,1,1,1,1,,
236,MWT.TPP.2021.113,SAMP 110,234,TPP,1251,22-Aug,S1,HYB/NRD,50,1.1,1,1,1,1,,
237,MWT.TPP.2021.108,SAMP 107,235,TPP,1230,22-Aug,S1,GS,55,1.4,1,1,1,1,,
238,MWT.TPP.2021.119,SAMP 116,236,TPP,2114,22-Aug,S1,NRD,45,0.8,1,1,1,1,,
239,MWT.TPP.2021.116,SAMP 115,237,TPP,2095,22-Aug,S1,CC,65,2.9,1,0,1,1,,
240,MWT.TPP.2021.110,SAMP 114,238,TPP,1238,22-Aug,S1,GS,64,2,1,1,1,1,,
241,NA,NA,239,TPP,1189,22-Aug,S1,BND,50,1.1,1,0,1,1,,
242,MWT.TPP.2021.117,SAMP 96,240,TPP,2097,22-Aug,S1,CC,54,1.5,1,1,1,1,,
243,MWT.TPP.2021.119,SAMP 116,241,TPP,2104,22-Aug,S1,CC,46,1.6,1,1,1,1,,
244,MWT.TPP.2021.119,SAMP 116,242,TPP,2115,22-Aug,S1,NRD,43,0.8,1,1,1,1,,
245,MWT.TPP.2021.119,SAMP 116,243,TPP,2108,22-Aug,S1,CC,43,0.8,1,1,1,1,,
246,MWT.TPP.2021.119,SAMP 116,244,TPP,2107,22-Aug,S1,NRD,43,1,1,1,1,1,,
247,MWT.TPP.2021.119,SAMP 116,245,TPP,2111,22-Aug,S1,NRD,43,0.7,1,1,1,1,,
248,MWT.TPP.2021.087,SAMP 83,246,TPP,1147,21-Aug,S3,GS,74,3.4,1,1,1,1,,
249,MWT.TPP.2021.081,SAMP 77,247,TPP,1139,21-Aug,S3,CC,150,34.1,1,1,1,1,,
250,MWT.TPP.2021.081,SAMP 77,248,TPP,1138,21-Aug,S3,GS,72,3.2,1,1,1,1,,
251,MWT.TPP.2021.087,SAMP 83,249,TPP,1150,21-Aug,S3,NPD,58,1.7,1,1,1,1,,
252,MWT.TPP.2021.083,SAMP 79,250,TPP,1143,21-Aug,S3,NRD,62,2.2,1,1,1,1,,
253,MWT.TPP.2021.081,SAMP 77,251,TPP,3474,21-Aug,S3,FHM,54,1.6,1,1,1,1,added rows,
254,MWT.TPP.2021.081,SAMP 77,252,TPP,1140,21-Aug,S3,FHM,55,1.8,1,1,1,1,added rows,
255,MWT.TPP.2021.081,SAMP 77,253,TPP,3475,21-Aug,S3,FHM,49,1,1,1,1,1,,
256,MWT.WFL.2021.015,SAMP 249,254,WFL,2234,9/10/2022,BAG 1,RBS,175,102.3,1,1,1,1,,
257,MWT.WFL.2021.015,SAMP 249,255,WFL,2242,9/10/2022,BAG 1,RBS,102,201,1,1,1,1,,
258,MWT.WFL.2021.015,SAMP 249,256,WFL,2249,9/10/2022,BAG 1,RBS,63,3.6,1,1,1,1,,
259,MWT.WFL.2021.015,SAMP 249,257,WFL,2238,9/10/2022,BAG 1,RBS,85,9.3,1,1,1,1,,
260,MWT.WFL.2021.015,SAMP 249,258,WFL,2245,9/10/2022,BAG 1,RBS,52,4.8,1,1,1,1,LENGTH IS STANDARD LENGTH NOT TOTAL,
261,MWT.WFL.2021.015,SAMP 249,259,WFL,2246,9/10/2022,BAG 1,RBS,70,5.4,1,1,1,1,,
262,MWT.WFL.2021.015,SAMP 249,260,WFL,2252,9/10/2022,BAG 1,CLM,86,6.5,1,1,1,1,,
263,MWT.WFL.2021.015,SAMP 249,261,WFL,2250,9/10/2022,BAG 1,CLM,72,7.1,1,1,1,1,,
264,MWT.WFL.2021.015,SAMP 249,262,WFL,2251,9/10/2022,BAG 1,CLM,91,9.6,1,1,1,1,,
265,MWT.WFL.2021.007,SAMP 237,263,WFL,2220,9/10/2022,BAG 1,CC,103,9,1,1,1,1,,
266,MWT.WFL.2021.007,SAMP 237,264,WFL,2221,9/10/2022,BAG 1,CLM,91,9,1,1,1,1,,
267,MWT.WFL.2021.004,SAMP 236,265,WFL,2190,9/10/2022,BAG 1,BB,117,19.4,1,1,1,1,,
268,MWT.WFL.2021.004,SAMP 236,266,WFL,2189,9/10/2022,BAG 1,BB,102,13.3,1,1,1,1,,
269,MWT.WFL.2021.004,SAMP 236,267,WFL,2191,9/10/2022,BAG 1,BB,95,103,1,1,1,1,,
270,MWT.WFL.2021.011,SAMP 241,268,WFL,2153,9/10/2022,BAG 2,RBS,146,19.6,1,1,1,1,,
271,MWT.WFL.2021.011,SAMP 241,269,WFL,2169,9/10/2022,BAG 2,WS,101,14.2,1,1,1,1,,
272,MWT.WFL.2021.011,SAMP 241,270,WFL,3469,9/10/2022,BAG 2,CLM,110,NA,1,1,1,1,,
273,MWT.WFL.2021.011,SAMP 241,271,WFL,3470,9/10/2022,BAG 2,CLM,71,6.4,1,1,1,1,,
274,MWT.WFL.2021.011,SAMP 241,272,WFL,3471,9/10/2022,BAG 2,CLM,83,7.2,1,1,1,1,,
275,MWT.WFL.2021.011,SAMP 241,273,WFL,2312,9/10/2022,BAG 2,BB,168,59.6,1,1,1,1,,
276,MWT.WFL.2021.017,SAMP 251,274,WFL,2257,9/10/2022,BAG 2,RBS,171,115.9,1,1,1,1,,
277,MWT.WFL.2021.011,SAMP 241,275,WFL,2306,9/10/2022,BAG 2,CC,172,50.4,1,1,1,1,,
278,MWT.WFL.2021.017,SAMP 251,276,WFL,2273,9/10/2022,BAG 2,BB,171,66.9,1,1,1,1,,
279,MWT.WFL.2021.011,SAMP 241,277,WFL,2318,9/10/2022,BAG 2,CC,162,42.5,1,1,1,1,,
280,MWT.WFL.2021.011,SAMP 241,278,WFL,2313,9/10/2022,BAG 2,CC,169,46.8,1,1,1,1,,
281,MWT.LOP.2021.062,SAMP 179,279,LOP,,8/20/2022 - is this really site 3? Actually could really be s2,S2,PS,47,8.2,1,1,1,1,,
282,MWT.LOP.2021.063,SAMP 180,280,LOP,,20-Aug,S2,PS,91,11.9,1,1,1,1,,
283,MWT.TPP.2021.075,SAMP 71,281,TPP,1112,8/21/2021,S1,GS,67,1.9,1,1,1,1,,
284,MWT.TPP.2021.076,SAMP 72,282,TPP,1114,8/21/2021,S1,CC,60,1.9,1,1,1,1,,
285,MWT.TPP.2021.076,SAMP 72,283,TPP,1122,8/21/2021,S1,CC,64,2.3,1,1,1,1,,
286,MWT.LOP.2021.068,SAMP 185,284,LOP,,20-Aug,S1,CC,81,5.2,1,1,1,1,,
287,MWT.LOP.2021.068,SAMP 185,285,LOP,,20-Aug,S1,PS,135,55.9,1,1,1,1,,
288,NA,NA,286,LOP,,20-Aug,S1,BB,174,80,1,1,1,1,,
289,,,287,LOP,,20-Aug,S1,FHM,51,1.4,1,1,1,1,,
290,MWT.LOP.2021.060,SAMP 177,288,LOP,,20-Aug,S2,BB,272,463.1,1,1,0,1,,
291,MWT.LOP.2021.060,SAMP 177,289,LOP,,20-Aug,S2,BB,227,158.7,1,1,1,1,,
292,MWT.TPP.2021.057,SAMP 61,290,TPP,1031,20-Aug,S2,GS,61,2.4,1,1,1,1,,
293,MWT.TPP.2021.059,SAMP 63,291,TPP,1042,20-Aug,S2,CC,53,1.5,1,0,1,1,,
294,MWT.TPP.2021.059,SAMP 63,292,TPP,1041,20-Aug,S2,FHM,52,1.5,1,1,1,1,,
295,MWT.TPP.2021.061,SAMP 59,293,TPP,1045,20-Aug,S2,CC,123,24.4,1,1,1,1,,
296,MWT.TPP.2021.057,SAMP 61,294,TPP,1029,20-Aug,S2,GS,70,2.6,1,1,1,1,,
297,MWT.TPP.2021.059,SAMP 63,295,TPP,1040,20-Aug,S2,GS,62,2.5,1,1,1,1,,
298,MWT.TPP.2021.057,SAMP 61,296,TPP,1032,20-Aug,S2,GS,56,1.6,1,1,1,1,,
299,MWT.TPP.2021.059,SAMP 63,297,TPP,3476,20-Aug,S2,FHM,53,1.7,1,1,1,1,added rows,
300,MWT.TPP.2021.059,SAMP 63,298,TPP,1043,20-Aug,S2,CC,46,0.9,1,1,1,1,,
301,MWT.TPP.2021.057,SAMP 61,299,TPP,1033,20-Aug,S2,NRD,43,0.6,1,1,1,1,,
302,MWT.TPP.2021.058,SAMP 62,300,TPP,1036,20-Aug,S2,NRD,44,0.7,1,1,1,1,,
303,MWT.TPP.2021.071,SAMP 67,301,TPP,1087,20-Aug,S1,CC,123,19.4,1,1,1,1,,
304,MWT.TPP.2021.064,SAMP 58,302,TPP,bag says S1 # seems to incidate S3,20-Aug,S1,GS,60,1.6,1,1,1,1,,
305,MWT.TPP.2021.069,SAMP 65,303,TPP,1067,20-Aug,S1,CC,77,4.3,1,1,1,1,,
306,MWT.TPP.2021.071,SAMP 67,304,TPP,1086,20-Aug,S1,CC,93,7.7,1,1,1,1,,
307,MWT.TPP.2021.070,SAMP 66,305,TPP,?,20-Aug,S1,CC,121,19.6,1,1,1,1,,
308,MWT.TPP.2021.069,SAMP 65,306,TPP,1068,20-Aug,S1,CC,75,4.8,1,1,1,1,,
309,MWT.TPP.2021.069,SAMP 65,307,TPP,1070,20-Aug,S1,CC,72,3.4,1,1,1,1,,
310,MWT.TPP.2021.069,SAMP 65,308,TPP,1069,20-Aug,S1,CC,76,4.4,1,1,1,1,,
311,MWT.TPP.2021.064,SAMP 58,309,TPP,bag says S1 # seems to incidate S3,20-Aug,S1,GS,84,4.7,1,1,1,1,this whole chunk doesn’t seem to match well?,
312,MWT.TPP.2021.064,SAMP 58,310,TPP,bag says S1 # seems to incidate S3,20-Aug,S1,GS,76,3.3,1,1,1,1,,
313,MWT.TPP.2021.064,SAMP 58,311,TPP,no recorded fish,20-Aug,S1,GS,64,2.1,1,1,1,1,,
314,MWT.TPP.2021.064,SAMP 58,312,TPP,no recorded fish,20-Aug,S1,GS,59,1.1,1,1,1,1,SKIPPED A MESSED UP CC IN THIS BAG,
315,MWT.TPP.2021.071,SAMP 67,313,TPP,1084,20-Aug,S1,BB,152,44.1,1,1,1,1,don’t quite match site,
316,MWT.TPP.2021.064,SAMP 58,314,TPP,no recorded fish,20-Aug,S1,GS,84,4.5,1,1,1,1,,
317,MWT.TPP.2021.070,SAMP 66,315,TPP,1079,20-Aug,S1,CC,40,0.4,1,1,1,1,,
318,MWT.TPP.2021.071,SAMP 67,316,TPP,1085,20-Aug,S1,BB,174,76.1,1,1,1,1,don't quite match site,
319,MWT.TPP.2021.070,SAMP 66,317,TPP,1076,20-Aug,S1,CC,45,0.9,1,1,1,1,,
320,MWT.TPP.2021.072,SAMP 68,318,TPP,1090,20-Aug,S1,CC,49,1.1,1,1,1,1,,
321,MWT.TPP.2021.064,SAMP 58,319,TPP,no recorded fish,20-Aug,S1,GS,62,1.7,1,1,1,1,,
322,MWT.TPP.2021.070,SAMP 66,320,TPP,1080,20-Aug,S1,NRD,39,0.4,1,1,1,1,,
323,MWT.WFL.2021.009,SAMP 239,321,WFL,2319,9/10/2022,,CLM,NA,NA,1,1,1,1,TAIL EATEN OFF ,
324,MWT.WFL.2021.023,SAMP 257,322,WFL,2301,9/10/2022,,CC,84,5.1,1,1,1,1,,
325,MWT.WFL.2021.023,SAMP 257,323,WFL,2302,9/10/2022,,CC,110,11.4,1,1,1,1,,
326,NA,NA,324,TPP,1175,22-Aug,S2,WS,81,5.8,1,1,1,1,,
327,NA,NA,325,TPP,1179,22-Aug,S2,WS,81,5.7,1,1,1,1,,
328,NA,NA,326,TPP,?,22-Aug,S2,CC,99,11.4,1,1,1,1,,
329,NA,NA,327,TPP,1177,22-Aug,S2,CC,79,5.4,1,1,1,1,,
330,NA,NA,328,TPP,?,22-Aug,S2,CC,40,0.6,1,1,1,1,,
331,MWT.TPP.2021.107,SAMP 106,329,TPP,1219,22-Aug,S3,CC,126,21.4,1,1,1,1,,
332,MWT.TPP.2021.107,SAMP 106,330,TPP,1220,22-Aug,S3,GS,67,2.8,1,1,1,1,,
333,MWT.TPP.2021.105,SAMP 112,332,TPP,1216,22-Aug,S3,CC,106,NA,1,1,1,1,,
334,MWT.TPP.2021.107,SAMP 106,333,TPP,1223,22-Aug,S3,GS,71,2.8,1,1,1,1,,
335,MWT.TPP.2021.107,SAMP 106,334,TPP,1221,22-Aug,S3,GS,58,1.8,1,1,1,1,,
336,MWT.TPP.2021.094,SAMP 90,335,TPP,1168,22-Aug,S4,GS,87,4.7,1,1,1,1,,
337,MWT.TPP.2021.097,SAMP 99,336,TPP,1194,22-Aug,S4,GS,78,3.7,1,1,1,1,,
338,MWT.TPP.2021.097,SAMP 99,337,TPP,1191,22-Aug,S4,GS,82,4.1,1,1,1,1,,
339,MWT.TPP.2021.097,SAMP 99,338,TPP,1192,22-Aug,S4,WS,150,31.3,1,1,1,1,EGGS,
340,MWT.TPP.2021.097,SAMP 99,339,TPP,1195,22-Aug,S4,BB,105,13.2,1,0,1,1,,
341,MWT.TPP.2021.103,SAMP 101,340,TPP,1213,22-Aug,S4,GS,78,4,1,1,1,1,,
342,MWT.TPP.2021.097,SAMP 99,341,TPP,1197,22-Aug,S4,GS,91,6.4,1,1,1,1,,
343,MWT.TPP.2021.103,SAMP 101,342,TPP,1210,22-Aug,S4,WS,150,30,1,1,1,1,,
344,MWT.TPP.2021.103,SAMP 101,343,TPP,1212,22-Aug,S4,BB,90,11.2,1,1,1,1,,
345,MWT.TPP.2021.097,SAMP 99,344,TPP,1190,22-Aug,S4,NPD,88,6.7,1,1,1,1,,
346,MWT.TPP.2021.103,SAMP 101,345,TPP,1211,22-Aug,S4,BB,114,11.5,1,1,1,1,,
347,MWT.TPP.2021.097,SAMP 99,346,TPP,1193,22-Aug,S4,BB,94,10.3,1,1,1,1,,
348,MWT.TPP.2021.103,SAMP 101,347,TPP,1196,22-Aug,S4,GS,91,6.6,1,1,1,1,,
349,MWT.TPP.2021.097,SAMP 99,348,TPP,1208,22-Aug,S4,GS,93,7.6,1,1,1,1,,
350,MWT.TPP.2021.103,SAMP 101,349,TPP,1209,22-Aug,S4,GS,66,2.3,1,1,1,1,,
351,,,350,LOP,,22-Aug,S2 - I feel like this has to go with the S1s below it? It doesn’t make much sense for the 8/22 S2 to be separated,BK,44,1.4,1,1,1,1,,
352,MWT.LOP.2021.115,SAMP 222,351,LOP ,,22-Aug,S1,CC,102,10.2,1,1,1,1,,
353,MWT.LOP.2021.126,SAMP 201,352,LOP ,,22-Aug,S1,CC,97,9.9,1,1,1,1,,
354,NA,SAMP 135,353,LOP ,1625,22-Aug,S1,BM,62,1.9,1,1,1,1,,
355,MWT.LOP.2021.124,SAMP 199,354,LOP ,,22-Aug,S1,CC,68,3.4,1,1,1,1,,
356,MWT.LOP.2021.124,SAMP 199,355,LOP ,,22-Aug,S1,CC,80,5.5,1,1,1,1,,
357,NA,SAMP 134,356,LOP ,,22-Aug,S1,BM,48,0.8,1,0,1,1,,
358,,,357 - vial number duplication,LOP ,2138,22-Aug,S1,BK,53,1.4,1,1,1,1,,
359,This looks like a duplicate,,357,LOP ,2138,22-Aug,S1,BK,53,1.4,1,1,1,1,,
360,MWT.LOP.2021.124,SAMP 199,358,LOP ,,22-Aug,S1,CC,68,3.3,1,1,1,1,,
361,NA,SAMP 132,359,LOP ,,22-Aug,S1 ,BM,65,2.5,1,1,1,1,,
362,NA,SAMP 136,360,LOP ,,22-Aug,S1,BM,66,2.5,1,1,1,1,,
363,NA,SAMP 141,361,LOP ,,8/22/2022 - I have it labled like this because this is the only spot where this many BM came out of LOP on a singgle day but it looks like its june and not august which is also weird so this definetly needs to get checked,S1,BM,54,1.3,1,1,1,1,,
364,NA,SAMP 146,362,LOP ,,22-Aug,S1,BM,47,0.9,1,1,1,1,,
365,NA,SAMP 135,363,LOP ,,22-Aug,S1,BM,49,0.9,1,0,1,1,,
366,MWT.LOP.2021.107,SAMP 212,364,LOP,2055,22-Aug,S2,BM,59,1.3,1,1,1,1,,
367,MWT.LOP.2021.107,SAMP 212,365,LOP,2054,22-Aug,S2,BM,60,1.5,1,1,1,1,,
368,MWT.LOP.2021.103,SAMP 210,366,LOP,2051,22-Aug,S2,BK,50,1.1,1,1,1,1,,
369,NA,NA,367,WFL,Need to input,19-Sep,TPN -SUNY,CS,109,15.2,1,1,1,1,,
370,NA,NA,368,WFL,Need to input,19-Sep,TPN -SUNY,CS,113,14.9,1,1,1,1,,
371,NA,NA,369,WFL,Need to input,19-Sep,TPN -SUNY,CS,124,20.6,1,1,1,1,,
372,NA,NA,370,WFL,Need to input,19-Sep,TPN -SUNY,CS,103,10.5,1,1,1,1,,
373,NA,NA,371,WFL,Need to input,19-Sep,TPN -SUNY,CS,122,18.6,1,1,1,1,,
374,MWT.HRM.2021.038,SAMP 349,372,HRM,2829,Day 3,SHI,CC,70,3.1,NA,NA,NA,NA,,
375,MWT.HRM.2021.038,SAMP 349,373,HRM,3473,Day 3,SHI,CC,48,4,NA,NA,NA,NA,,
376,MWT.HRM.2021.038,SAMP 349,374,HRM,2828,Day 3,SHI,CC,137,25.1,NA,NA,NA,NA,,
377,MWT.HRM.2021.038,SAMP 349,375,HRM,2827,Day 3,SHI,CC,67,2.9,NA,NA,NA,NA,,
378,MWT.HRM.2021.038,SAMP 349,376,HRM,2831,Day 7,SHI,NRD,48,2.6,NA,NA,NA,NA,,
379,MWT.HRM.2021.038,SAMP 349,377,HRM,2826,Day 8,SHI,GS,50,0.9,NA,NA,NA,NA,,
380,MWT.HRM.2021.038,SAMP 349,378,HRM,2830,Day 9,SHI,CC,67,2.9,NA,NA,NA,NA,,
381,MWT.HRM.2021.038,SAMP 349,379,HRM,2831,Day 10,SHI,NRD,57,1.8,NA,NA,NA,NA,,
382,MWT.HRM.2021.040,SAMP 351,380,HRM,2833,Day 11,SHI,GS,49,0.8,NA,NA,NA,NA,,
383,MWT.COM.2021.010,SAMP 502,381,COM,3198,6/24/2022,,CC,42,0.6,NA,NA,NA,NA,,
384,MWT.COM.2021.010,SAMP 502,382,COM,3199,6/24/2022,,CC,40,0.7,0,0,NA,NA,,
385,MWT.COM.2021.006,SAMP 498,383,COM,3189,6/24/2022,,CC,162,51.1,NA,NA,NA,NA,,
386,MWT.COM.2021.006,SAMP 498,384,COM,3194,6/24/2022,,CC,82,6.8,NA,NA,NA,NA,,
387,MWT.COM.2021.006,SAMP 498,385,COM,3188,6/24/2022,,CC,141,34.8,NA,NA,NA,NA,,
388,MWT.COM.2021.003,SAMP 495,386,COM,3178,6/24/2022,,CC,179,68.2,NA,NA,NA,NA,,
389,MWT.COM.2021.006,SAMP 498,387,COM,3193,6/24/2022,,CC,88,7.8,NA,NA,NA,NA,,
390,MWT.COM.2021.006,SAMP 498,388,COM,3185,6/24/2022,,CC,113,15.4,NA,NA,NA,NA,,
391,MWT.COM.2021.011,SAMP 503,389,COM,3200,6/24/2022,,NRD,60,2.2,NA,NA,NA,NA,,
392,MWT.COM.2021.006,SAMP 498,390,COM,3192,6/24/2022,,NRD,69,3.1,NA,NA,NA,NA,,
393,NA,NA,391,PRL,23,June?,GLN,LLS,177,53.1,NA,NA,NA,NA,,
394,NA,NA,392,PRL,25,June?,GLN,LLS,176,56.3,NA,NA,NA,NA,,
395,MWT.PRL.2021.059,SAMP 392,393,PRL,3331,June?,,BND,77,4.2,NA,NA,NA,NA,,
396,MWT.PRL.2021.061,SAMP 558,393,PRL,3331,June?,,BND,77,4.2,NA,NA,NA,NA,,
397,NA,NA,394,PRL,2845,June?,,CC,104,10.9,NA,NA,NA,NA,,
398,MWT.PRL.2021.006,SAMP 357,395,PRL,2847,June?,,ST,60,2.4,NA,NA,NA,NA,,
399,MWT.PRL.2021.014,SAMP 365,396,PRL,2875,June?,,ST,55,1.7,NA,NA,NA,NA,,
400,NA,NA,397,PRL,2843,June?,,CC,140,27.4,NA,NA,NA,NA,,
401,NA,NA,398,PRL,2846,June?,,CC,137,25.7,NA,NA,NA,NA,eggs,
402,NA,NA,399,PRL,22,June?,GLN,LLS,180,63.6,NA,NA,NA,NA,,
403,NA,NA,400,PRL,2844,June?,,CC,115,16.7,NA,NA,NA,NA,,
404,NA,NA,401,?,,June?,,BND,66,2.9,NA,NA,NA,NA,,
405,NA,NA,402,?,,June?,,BND,60,2,NA,NA,NA,NA,,
406,NA,NA,403,?,,June?,,FHM,55,2.3,NA,NA,NA,NA,,
407,NA,NA,404,?,,June?,,BND,62,2.1,NA,NA,NA,NA,EGGS,
408,NA,NA,405.A,?,,June?,,Odonate,NA,NA,NA,NA,NA,NA,,
409,NA,NA,405,?,,June?,,BB,191,97.6,NA,NA,NA,NA,,
410,MWT.TPP.2021.001,SAMP 10,406,TPP,6,26-Jun,bag 1,GS,82,NA,NA,NA,NA,NA,,
411,MWT.TPP.2021.001,SAMP 10,407,TPP,16,26-Jun,bag 1,GS,60,1.7,NA,NA,NA,NA,,
412,MWT.TPP.2021.001,SAMP 10,408,TPP,2,26-Jun,bag 1,GS,64,2,NA,NA,NA,NA,,
413,MWT.TPP.2021.002,SAMP 11,409,TPP,50,26-Jun,bag 1,GS,51,2,NA,NA,NA,NA,,
414,MWT.TPP.2021.002,SAMP 11,410,TPP,27,26-Jun,bag 1,GS,70,4.8,NA,NA,NA,NA,,
415,MWT.TPP.2021.008,SAMP 614,411,TPP,70,26-Jun,bag 1,NRD,48,0.9,NA,0,NA,NA,,
416,MWT.TPP.2021.002,SAMP 11,412,TPP,49,26-Jun,bag 1,GS,50,1.8,NA,NA,NA,NA,,
417,MWT.TPP.2021.007,SAMP 8 ,413,TPP,64,26-Jun,bag 1,NRD,35,0.5,NA,NA,NA,NA,,
418,NA,NA,414.A,TPP,,26-Jun,bag 1,Odonate,NA,NA,NA,NA,NA,NA,,
419,MWT.TPP.2021.002,SAMP 11,414,TPP,51,26-Jun,bag 1,GS,46,0.8,NA,NA,NA,NA,,
420,MWT.TPP.2021.004,SAMP 13,415,TPP,61,26-Jun,bag 1,NRD,47,0.9,NA,NA,NA,NA,,
421,MWT.TPP.2021.008,SAMP 614,416,TPP,73,26-Jun,bag 1,NRD,57,1.7,NA,NA,NA,NA,,
422,MWT.TPP.2021.008,SAMP 614,417,TPP,82,26-Jun,bag 1,NRD,43,0.6,NA,NA,NA,NA,,
423,MWT.TPP.2021.022,SAMP 7,418,TPP,728,26-Jun,bag 2,FHM,56,1.5,NA,NA,NA,NA,,
424,MWT.TPP.2021.011,SAMP 617,419,TPP,168,26-Jun,bag 2,NRD-FSD,50,1.5,NA,NA,NA,NA,WEIRD LOOKING,
425,MWT.TPP.2021.007,SAMP 8 ,420,TPP,65,26-Jun,bag 2,CC,39,0.4,NA,0,NA,NA,,
426,MWT.TPP.2021.047,SAMP 34,421,TPP,482,26-Jun,bag 2,BND,46,0.7,NA,0,NA,NA,,
427,MWT.TPP.2021.052,SAMP 37,422,TPP,500,6/26/2022 or the 28th? That’s the only day that has this many bnd ,bag 2,BND,47,0.8,NA,0,NA,NA,,
428,MWT.TPP.2021.055,SAMP 42,423,TPP,533,26-Jun,bag 2,BND,40,0.6,NA,NA,NA,NA,,
429,NA,NA,424,PRL,24,June?,GLN,ST,218,132.6,NA,NA,NA,NA,,
430,NA,NA,425,PRL,12,June?,GLN,ST,227,138.8,NA,NA,NA,NA,,
431,NA,NA,426,PRL,8,June?,GLN,LLS,338,334.2,NA,NA,NA,NA,,
432,MWT.PRL.2021.034,SAMP 411,427,PRL,2975,June?,?,BND,64,2.9,NA,NA,NA,NA,EGGS,
433,MWT.LOP.2021.040,SAMP 119,428,LOP,,21-Jun,BAG 1,FHM,55,1.4,NA,NA,NA,NA,,
434,MWT.LOP.2021.040,SAMP 119,429,LOP,,21-Jun,BAG 1,GS,69,2.4,NA,NA,0,NA,,
435,MWT.LOP.2021.028,SAMP 159,430,LOP,,21-Jun,BAG 1,CC,75,3.1,NA,NA,NA,NA,,
436,MWT.LOP.2021.040,SAMP 119,431,LOP,,21-Jun,BAG 1,FHM,57,1.7,NA,0,NA,NA,,
437,MWT.LOP.2021.040,SAMP 119,432,LOP,,21-Jun,BAG 1,CC,80,4.5,NA,0,NA,NA,,
438,NA,NA,433,LOP,no measurement entry,21-Jun,BAG 1,CC,77,4.9,NA,NA,NA,NA,,
439,MWT.LOP.2021.027,SAMP 158,434,LOP,1805,6/21/2022 - I think the site/dates in the sample sheet are shifted because there is no way I caught these fish in site 3,BAG 1,NRD,53,1,NA,0,NA,NA,,
440,MWT.LOP.2021.052,SAMP 125,435,LOP,1255,6/21/2022 - either samps are messed up with the sites or this actually should be 6/20,BAG 1,BM,56,1.3,NA,NA,NA,NA,,
441,MWT.LOP.2021.030,SAMP 160,436,LOP,1808,21-Jun,BAG 1,NRD,50,1,NA,0,NA,NA,,
442,MWT.LOP.2021.027,SAMP 158,437,LOP,1804,21-Jun,BAG 1,NRD,52,1,NA,0,NA,NA,,
443,MWT.LOP.2021.047,SAMP 128,438,LOP,,21-Jun,BAG 1,FHM,51,1.4,NA,NA,NA,NA,,
444,MWT.LOP.2021.023 - I'm not convinced based on potential shifts in which #s were collected on which days,SAMP 136,439,LOP,1720,21-Jun,BAG 1,NRD,57,1.6,NA,NA,NA,NA,EGGS,
445,MWT.LOP.2021.047,SAMP 128,440,LOP,1256,6/21/2022 - either samps are messed up with the sites or this actually should be 6/20,BAG 1,BM,69,2.4,NA,NA,NA,NA,,
446,MWT.LOP.2021.029,SAMP 161,441,LOP,,21-Jun,BAG 1,PS,179,157.4,NA,NA,NA,NA,EGGS - WHIRL PACK,
447,MWT.LOP.2021.041,SAMP 120,442,LOP,,21-Jun,BAG 1,CC,112,21,NA,NA,NA,NA,,
448,MWT.LOP.2021.047,SAMP 128,443,LOP,,21-Jun,BAG 1,CC,78,5,NA,NA,NA,NA,,
449,MWT.LOP.2021.042,SAMP 129,444,LOP,,21-Jun,BAG 1,FHM,58,1.8,NA,NA,NA,NA,,
450,MWT.LOP.2021.047,SAMP 128,445,LOP,,21-Jun,BAG 1,FHM,55,1.9,NA,NA,NA,NA,,
451,MWT.LOP.2021.047,SAMP 128,446,LOP,,21-Jun,BAG 1,FHM,71,3.54,NA,NA,NA,NA,,
452,MWT.LOP.2021.047,SAMP 128,447,LOP,,21-Jun,BAG 1,FHM,55,1.5,NA,NA,NA,NA,,
453,MWT.LOP.2021.046,SAMP 127,448,LOP,1268,6/21/2022 - either samps are messed up with the sites or this actually should be 6/20,BAG 1,BM,54,1.5,NA,0,NA,NA,EGGS,
454,MWT.LOP.2021.047,SAMP 128,449,LOP,,21-Jun,BAG 1,FHM,57,2.5,NA,NA,NA,NA,STANDARD LENGTH,
455,MWT.LOP.2021.025,SAMP 138,450,LOP,1689,6/21/2022 - should this be 6.19?,BAG 2,CS,95,9.5,NA,NA,NA,NA,,
456,MWT.LOP.2021.026,SAMP 139,451,LOP,1701,21-Jun,BAG 2,CS,92,8.9,NA,NA,NA,NA,,
457,MWT.LOP.2021.026,SAMP 139,452,LOP,1704,21-Jun,BAG 2,CS,91,7.4,NA,NA,NA,NA,,
458,MWT.LOP.2021.003,SAMP 150,453,LOP,,21-Jun,BAG 2,BB,66,2.6,NA,NA,NA,NA,,
459,MWT.LOP.2021.015,SAMP 144,454,LOP,,21-Jun,BAG 2,PS,76,8.1,NA,NA,NA,NA,,
460,MWT.LOP.2021.012,SAMP 135,455,LOP,1628,6/21/2022 - has to be the 19th ,BAG 2,FHM,61,1.5,NA,NA,NA,NA,,
461,MWT.LOP.2021.022,SAMP 143,456,LOP,,21-Jun,BAG 2,BB,110,16,NA,NA,NA,NA,,
462,MWT.LOP.2021.012,SAMP 135,457,LOP,,21-Jun,BAG 2,GS,4.4,83,NA,NA,NA,NA,,
463,MWT.LOP.2021.021,SAMP 142,458,LOP,,21-Jun,BAG 2,PS,NA,79 - is this right?,NA,NA,NA,NA,,
464,MWT.LOP.2021.012,SAMP 135,459,LOP,,21-Jun,BAG 2,CC,91,8,NA,NA,NA,NA,,
465,MWT.LOP.2021.013,SAMP 132,460,LOP,1658,21-Jun,BAG 2,BK,58,1.6,NA,NA,NA,NA,,
466,MWT.LOP.2021.012,SAMP 135,461,LOP,,21-Jun,BAG 2,GS,10.1,103,NA,NA,NA,NA,EGGS,
467,MWT.LOP.2021.012,SAMP 135,462,LOP,,21-Jun,BAG 2,GS,1.4,93,NA,NA,NA,NA,,
468,MWT.LOP.2021.014,SAMP 133,463,LOP,,21-Jun,BAG 2,GS,3.3,75,NA,NA,NA,NA,,
469,MWT.LOP.2021.025,SAMP 138,464,LOP,1677,21-Jun,BAG 2,CS,107,12.3,NA,NA,NA,NA,,
470,MWT.LOP.2021.014,SAMP 133,465,LOP,,21-Jun,BAG 2,GS,73,3.4,NA,NA,NA,NA,,
471,MWT.LOP.2021.014,SAMP 133,466,LOP,,21-Jun,BAG 2,GS,66,2.7,NA,NA,NA,NA,,
472,MWT.LOP.2021.010,SAMP 153,467,LOP,1776,6/21/2022 - only june ST in LOP was on 6.19?,BAG 2,ST,226,123.7,NA,NA,NA,NA,,
473,MWT.LOP.2021.006,SAMP 155,468,LOP,,21-Jun,BAG 2,BB,145,28.7,NA,NA,NA,NA,,
474,MWT.LOP.2021.025,SAMP 138,469,LOP,1676,21-Jun,BAG 2,CS,95,7.6,NA,NA,NA,NA,,
475,MWT.LOP.2021.012,SAMP 135,470,LOP,,21-Jun,BAG 2,GS,75,4.3,NA,NA,NA,NA,,
476,MWT.LOP.2021.012,SAMP 135,NOT SAMPLED,LOP,1363,21-Jun,BAG 2,BM,68,1.8,NA,NA,NA,NA,YUCK,
477,MWT.LOP.2021.014,SAMP 133,471,LOP,,21-Jun,BAG 2,CC,95,8,NA,NA,NA,NA,,
478,MWT.LOP.2021.025,SAMP 138,472,LOP,1685,21-Jun,BAG 2,CS,82,5.5,NA,NA,NA,NA,,
479,MWT.LOP.2021.012,SAMP 135,473,LOP,1317,6/21/2022 - has to be the 19th ,BAG 2 - has to be 19,WS,99,10.5,NA,NA,NA,NA,,
480,MWT.LOP.2021.019,SAMP 140,474,LOP,1657,21-Jun,BAG 2,NRD,58,1.7,NA,NA,NA,NA,,
481,MWT.LOP.2021.025,SAMP 138,475,LOP,1679,21-Jun,BAG 2,CS,101,11,NA,NA,NA,NA,,
482,MWT.LOP.2021.012,SAMP 135,476,LOP,,21-Jun,BAG 2,CC,97,8,NA,NA,NA,NA,,
483,MWT.LOP.2021.013,SAMP 132,477,LOP,1529,21-Jun,BAG 2,FHM,53,1.9,NA,NA,NA,NA,,
484,MWT.LOP.2021.012,SAMP 135,478,LOP,,21-Jun,BAG 2,GS,79,4.1,NA,0,0,NA,,
485,MWT.LOP.2021.012,SAMP 135,479,LOP,,21-Jun,BAG 2,GS,72,3.2,NA,NA,NA,NA,,
486,looks like it sshoulld be the 19th but only next fhm is from the 20th,SAMP 146,480,LOP,1706,21-Jun,BAG 2,FHM,61,1.6,NA,NA,NA,NA,,
487,MWT.LOP.2021.012,SAMP 135,481,LOP,,21-Jun,BAG 2,GS,67,2.4,NA,NA,NA,NA,,
488,MWT.LOP.2021.012,SAMP 135,482,LOP,1382,21-Jun,BAG 2,BM,68,2.7,NA,NA,NA,NA,,
489,MWT.LOP.2021.010,SAMP 153,483,LOP,,21-Jun,BAG 2,GS,65,2.3,NA,0,NA,NA,,
490,MWT.LOP.2021.012,SAMP 135,484,LOP,1305,6/21/2022 - has to be the 19th ,BAG 2,WS,142,27.1,NA,NA,NA,NA,EGGS,
491,MWT.LOP.2021.026,SAMP 139,485,LOP,1693,21-Jun,BAG 2,CS,104,13.1,NA,NA,NA,NA,,
492,MWT.LOP.2021.012,SAMP 135,486,LOP,,21-Jun,BAG 2,GS,3 - double check,73,NA,NA,NA,NA,,
493,MWT.LOP.2021.021,SAMP 142,487,LOP,1703,21-Jun,BAG 2,FHM,65,2.5,NA,NA,NA,NA,I think the dates are shifted for 6.19 in the sample spreadsheet,
494,MWT.LOP.2021.007,SAMP 156,488,LOP,,21-Jun,BAG 2,GS,75,3,NA,NA,NA,NA,,
495,MWT.LOP.2021.012,SAMP 135,489,LOP,,21-Jun,BAG 2,GS,NA,NA,NA,NA,NA,NA,EGGS,
496,MWT.LOP.2021.012,SAMP 135,490,LOP,1445,21-Jun,BAG 2,BM,68,2.8,NA,0,NA,NA,,
497,MWT.LOP.2021.006,SAMP 155,491,LOP,1469,21-Jun,BAG 2,BM,68,2.7,NA,NA,NA,NA,,
498,MWT.LOP.2021.021,SAMP 142,492,LOP,1688,21-Jun,BAG 2,FHM,54,1.4,NA,NA,NA,NA,,
499,MWT.COM.2021.001,SAMP 128,493,COM,3208,23-Jun,,CC,80,6.7,NA,NA,NA,NA,,
500,MWT.COM.2021.001,SAMP 505,494,COM,3204,23-Jun,,NRD,68,3.4,NA,NA,NA,NA,,
501,MWT.COM.2021.001,SAMP 505,495,COM,3207,23-Jun,,CC,89,8.9,NA,NA,NA,NA,,
502,MWT.COM.2021.001,SAMP 505,496,COM,3205,23-Jun,,NRD,53,1.5,NA,NA,NA,NA,,
503,MWT.COM.2021.001,SAMP 505,497,COM,3212,23-Jun,,CC,72,4,NA,NA,NA,NA,,
504,MWT.COM.2021.001,SAMP 505,498,COM,3209,23-Jun,,CC,68,3.7,NA,NA,NA,NA,,
505,MWT.COM.2021.001,SAMP 505,499,COM,3210,23-Jun,,CC,69,4.4,NA,NA,NA,NA,,
506,MWT.COM.2021.001,SAMP 505,500,COM,3211,23-Jun,,CC,80,6.8,NA,NA,NA,NA,,
507,MWT.COM.2021.001,SAMP 505,501,COM,3213,23-Jun,,CC,72,4.2,NA,NA,NA,NA,,
508,NA,NA,502,ETL,GLN66,21-Jun,,ST,202,81.7,NA,NA,NA,NA,EGGS; EXTRA TISSUE,
509,NA,NA,503,ETL,GLN66,21-Jun,,ST,190,67.2,NA,NA,0,NA,EXTRA TISSUE,
510,NA,NA,504,ETL,GLN66,21-Jun,,ST,187,59.7,NA,NA,NA,NA,EXTRA TISSUE,
511,NA,NA,505,ETL,GLN66,21-Jun,,ST,178,53,NA,NA,NA,NA,,
512,NA,NA,506,ETL,GLN66,21-Jun,,ST,192,67.5,NA,NA,NA,NA,,
513,NA,NA,507,ETL,GLN66,21-Jun,,ST,344,497.6,NA,NA,NA,NA,WHIRL BAG,
514,MWT.PRL.2021.059,SAMP 392,508,PRL,3329,7/1/2021,,CC,98,16.1,NA,NA,NA,NA,,
515,MWT.PRL.2021.061,SAMP 558,508,PRL,3329,7/1/2021,,CC,98,16.1,NA,NA,NA,NA,,
516,MWT.PRL.2021.059,SAMP 392,509,PRL,3330,7/1/2021,,CC,72,6.4,NA,NA,NA,NA,,
517,MWT.PRL.2021.061,SAMP 558,509,PRL,3330,7/1/2021,,CC,72,6.4,NA,NA,NA,NA,,
518,MWT.PRL.2021.001,SAMP 352,510,PRL,2834,7/1/2021,,BND,73,4.4,NA,NA,NA,NA,EGGS,
519,MWT.ETL.2021.016,SAMP 577,511,ETL,3366,7/1/2021,,BND,69,2.9,NA,NA,NA,NA,,
520,MWT.TPP.2021.021,SAMP 5,512,TPP,571,6/26/2022,S3,NRD,65,2.5,NA,NA,NA,NA,,
521,MWT.TPP.2021.020,SAMP 45,513,TPP,535,6/26/2022,S3,ST,197,85.9,NA,NA,NA,NA,EGGS; WHIRL BAG,
522,MWT.TPP.2021.020,SAMP 45,514,TPP,538,6/26/2022,S3,CC,120,23.7,NA,NA,NA,NA,,
523,MWT.TPP.2021.020,SAMP 45,515,TPP,536,6/26/2022,S3,CC,123,22,NA,NA,NA,NA,,
524,MWT.TPP.2021.020,SAMP 45,516,TPP,537,6/26/2022,S3,CC,119,20.3,NA,NA,NA,NA,,
525,MWT.TPP.2021.022,SAMP 7,517,TPP,721,6/26/2022,S3,CC,98,10.5,NA,NA,NA,NA,,
526,MWT.TPP.2021.021,SAMP 5,518,TPP,569,6/26/2022,S3,CC,89,7.2,NA,NA,NA,NA,,
527,MWT.TPP.2021.022,SAMP 7,519,TPP,726,6/26/2022,S3,FHM,NA,NA,NA,NA,NA,NA,,
528,MWT.TPP.2021.022,SAMP 7,520,TPP,722,6/26/2022,S3,FHM,54,1.7,NA,NA,NA,NA,,
529,MWT.TPP.2021.022,SAMP 7,521,TPP,723,6/26/2022,S3,FHM,57,1.9,NA,NA,NA,NA,,
530,MWT.TPP.2021.021,SAMP 5,522,TPP,573,6/26/2022,S3,FHM,55,1.8,NA,NA,NA,NA,,
531,MWT.TPP.2021.021,SAMP 5,523,TPP,572,6/26/2022,S3,FHM,57,2,NA,NA,NA,NA,,
532,NA,NA,524,PRL,21,6/24 OR 6/30?,GLN,ST,332,497.2,NA,NA,NA,NA,,
533,MWT.PRL.2021.091,SAMP 453,525,PRL,3059,8/11/2021,S3,ST,68,3.1,NA,NA,NA,NA,,
534,MWT.PRL.2021.091,SAMP 453,526,PRL,5467,8/11/2021,S3,BND,72,3.9,NA,NA,NA,NA,EGGS,
535,MWT.PRL.2021.091,SAMP 453,527,PRL,5468,8/11/2021,S3,BND,60,2.3,NA,NA,NA,NA,EGGS,
536,MWT.TPP.2021.045,SAMP 52,528,TPP,947,27-Jun,S1,GS,63,2.3,NA,NA,NA,NA,,
537,MWT.TPP.2021.045,SAMP 52,529,TPP,945,27-Jun,S1,CC,109,18.8,NA,NA,NA,NA,EGGS,
538,MWT.TPP.2021.045,SAMP 52,530,TPP,953,27-Jun,S1,GS,63,1.9,NA,NA,NA,NA,,
539,MWT.TPP.2021.045,SAMP 52,531,TPP,951,27-Jun,S1,GS,62,2.1,NA,NA,NA,NA,,
540,MWT.TPP.2021.045,SAMP 52,532,TPP,949,27-Jun,S1,GS,62,2,NA,0,NA,NA,,
541,MWT.TPP.2021.045,SAMP 52,533,TPP,946,27-Jun,S1,GS,64,2.3,NA,NA,NA,NA,,
542,MWT.TPP.2021.036,SAMP 27,534,TPP,462,27-Jun,S1,CC,45,0.9,NA,NA,NA,NA,,
543,MWT.TPP.2021.034,SAMP 26,535,TPP,451,27-Jun,S1,FHM,53,1.7,NA,NA,NA,NA,,
544,MWT.TPP.2021.036,SAMP 27,536,TPP,461,27-Jun,S1,CC,50,1.2,NA,NA,NA,NA,EGGS,
545,MWT.TPP.2021.028,SAMP 22,537,TPP,262,27-Jun,S1,BB,97,10.8,NA,NA,NA,NA,,
546,MWT.TPP.2021.027,SAMP 21,538,TPP,212,27-Jun,S3,NRD,49,1.7,NA,NA,NA,NA,EGGS; STANDARD LENGTH,
547,MWT.TPP.2021.027,SAMP 21,539,TPP,217,27-Jun,S3,NRD,54,1.2,NA,NA,NA,NA,,
548,MWT.TPP.2021.034,SAMP 26,540,TPP,446,27-Jun,S3,CC,97,10,NA,NA,NA,NA,,
549,MWT.TPP.2021.034,SAMP 26,541,TPP,452,27-Jun,S3,FHM,63,2.7,NA,NA,NA,NA,,
550,MWT.TPP.2021.027,SAMP 21,542,TPP,225,27-Jun,S3,NRD,61,1.9,NA,NA,NA,NA,EGGS,
551,MWT.TPP.2021.027,SAMP 21,543,TPP,191,27-Jun,S3,NRD,42,0.7,NA,NA,NA,NA,,
552,MWT.TPP.2021.027,SAMP 21,544,TPP,192,27-Jun,S3,NRD,43,0.8,NA,NA,NA,NA,,
553,MWT.TPP.2021.028,SAMP 22,545,TPP,264,27-Jun,S3,BB,93,9.6,NA,NA,NA,NA,,
554,MWT.TPP.2021.034,SAMP 26,546,TPP,447,27-Jun,S3,CC,74,4.6,NA,NA,NA,NA,,
555,MWT.TPP.2021.034,SAMP 26,547,TPP,455,27-Jun,S3,FHM,52,1.5,NA,0,NA,NA,,
556,MWT.TPP.2021.028,SAMP 22,548,TPP,495,27-Jun,S3,BB,184,835,NA,NA,NA,NA,the ysamp that matches with length looks like it matches the 28th and not the 27th maybe check for the other ones ,
557,MWT.TPP.2021.027,SAMP 21,549,TPP,214,27-Jun,S3 SMALL CONTAINER,NRD-FSD,69,3,NA,NA,NA,NA,EGGS,
558,MWT.TPP.2021.027,SAMP 21,550,TPP,201,27-Jun,S3 SMALL CONTAINER,NRD-FSD,47,0.8,NA,0,NA,NA,,
559,MWT.TPP.2021.027,SAMP 21,551,TPP,209,27-Jun,S3 SMALL CONTAINER,NRD-FSD,43,0.8,NA,NA,NA,NA,EGGS,
560,MWT.TPP.2021.027,SAMP 21,552,TPP,208,27-Jun,S3 SMALL CONTAINER,NRD-FSD,50,1.1,NA,NA,NA,NA,EGGS,
561,MWT.TPP.2021.027,SAMP 21,553,TPP,206,27-Jun,S3 SMALL CONTAINER,NRD-FSD,49,1,NA,NA,NA,NA,EGGS,
562,MWT.PRL.2021.077,SAMP 424,554,PRL,3000,8/10/2022,2C,ST,90,7.2,NA,NA,NA,NA,,
563,NA,NA,555,COM,27,6/29/2022,GLN,CC,134,35.6,NA,NA,NA,NA,TESTES,
564,NA,NA,556,COM,28,6/29/2022,GLN,CC,178,77.6,NA,NA,NA,NA,TESTES,
565,NA,NA,557,COM,29,6/29/2022,GLN,CC,142,40,NA,NA,NA,NA,,
566,MWT.PRL.2021.091,SAMP 453,558,PRL,3062,AUGUST?,,CC,81,9,NA,NA,NA,NA,,
567,MWT.PRL.2021.091,SAMP 453,559,PRL,3465,AUGUST?,,BND,63,2.8,NA,NA,NA,NA,TESTES,
568,MWT.PRL.2021.091,SAMP 453,560,PRL,3466,AUGUST?,,BND,63,2.6,NA,0,NA,NA,EGGS,
569,MWT.PRL.2021.091,SAMP 453,561,PRL,3061,AUGUST?,,CC,160,45.3,NA,NA,NA,NA,TESTES,
570,MWT.PRL.2021.091,SAMP 453,562,PRL,3063,AUGUST?,,CC,132,26.2,NA,NA,NA,NA,,
571,NA,NA,563,PRL,,AUGUST?,,NEWT,NA,NA,NA,NA,NA,NA,,
572,NA,NA,564,PRL,13,AUGUST?,gln,ST,338,560.3,NA,NA,NA,NA,,
573,NA,NA,565,PRL,,AUGUST?,,CRAYFISH,NA,NA,NA,NA,NA,NA,,
574,MWT.COM.2021.046,SAMP 535,566,COM,3294,8/11/2022,,NRD,61,2.4,NA,NA,NA,NA,,
575,MWT.COM.2021.046,SAMP 535,567,COM,3295,8/11/2022,,NRD,54,1.6,NA,NA,NA,NA,,
576,MWT.COM.2021.046,SAMP 535,568,COM,3298,8/11/2022,,NRD,69,3.1,NA,NA,NA,NA,EGGS,
577,MWT.COM.2021.046,SAMP 535,569,COM,3296,8/11/2022,,NRD,55,1.5,NA,NA,NA,NA,,
578,MWT.PRL.2021.079,SAMP 426,570,PRL,3002,8/10/2022,3A,CC,104,12.1,NA,NA,NA,NA,TESTES,
579,MWT.PRL.2021.079,SAMP 426,571,PRL,3020,8/10/2022,3A,CC,96,9,NA,NA,NA,NA,,
580,MWT.PRL.2021.079,SAMP 426,572,PRL,3009,8/10/2022,3A,CC,85,75,NA,NA,NA,NA,,
581,MWT.PRL.2021.079,SAMP 426,573,PRL,3012,8/10/2022,3A,CC,90,8.8,NA,NA,NA,NA,,
582,MWT.PRL.2021.079,SAMP 426,574,PRL,3006,8/10/2022,3A,CC,89,7.7,NA,NA,NA,NA,TESTES,
583,MWT.PRL.2021.079,SAMP 426,575,PRL,3015,8/10/2022,3A,CC,97,13.4,NA,NA,NA,NA,,
584,MWT.PRL.2021.079,SAMP 426,576,PRL,3005,8/10/2022,3A,CC,86,7.7,NA,NA,NA,NA,,
585,MWT.PRL.2021.079,SAMP 426,577,PRL,3003,8/10/2022,3A,CC,98,11.2,NA,NA,NA,NA,,
586,MWT.PRL.2021.079,SAMP 426,578,PRL,3023,8/10/2022,3A,CC,66,3.2,NA,NA,NA,NA,,
587,MWT.PRL.2021.079,SAMP 426,579,PRL,3007,8/10/2022,3A,CC,77,5,NA,NA,NA,NA,,
588,MWT.PRL.2021.079,SAMP 426,580,PRL,3011,8/10/2022,3A,CC,78,5.1,NA,NA,NA,NA,,
589,MWT.COM.2021.037,SAMP 528,581,COM,3276,8/11/2022,,CC,93,8.3,NA,NA,NA,NA,,
590,MWT.COM.2021.037,SAMP 528,582,COM,3274,8/11/2022,,CC,148,36.4,NA,NA,NA,NA,,
591,MWT.COM.2021.031,SAMP 522,583,COM,3259,8/11/2022,,NRD,57,2,NA,NA,NA,NA,,
592,MWT.COM.2021.037,SAMP 528,584,COM,3278,8/11/2022,,NRD,65,2.8,NA,NA,NA,NA,,
593,MWT.COM.2021.037,SAMP 528,585,COM,3277,8/11/2022,,NRD,60,2.1,NA,0,NA,NA,,
594,MWT.PRL.2021.079,SAMP 426,586,PRL,3008,8/10/2022,3A,BND,64,2.5,NA,NA,NA,NA,,
595,MWT.PRL.2021.075,SAMP 422,587,PRL,2996,8/10/2022,S2B,BND,76,4.9,NA,NA,NA,NA,EGGS,
596,MWT.PRL.2021.075,SAMP 422,588,PRL,2993,8/10/2022,S2B,BND,59,2.4,NA,0,NA,NA,,
597,MWT.PRL.2021.075,SAMP 422,589,PRL,2995,8/10/2022,S2B,BND,67,3,NA,NA,NA,NA,,
598,MWT.PRL.2021.075,SAMP 422,590,PRL,2997,8/10/2022,S2B,BND,55,2.4,NA,0,NA,NA,EGGS,
599,MWT.PRL.2021.075,SAMP 422,591,PRL,2994,8/10/2022,S2B,BND,61,2.5,NA,NA,NA,NA,EGGS,
600,MWT.COM.2021.014,SAMP 507,592,COM,3218,8/10/2022,,NRD,58,2.1,NA,NA,NA,NA,,
601,MWT.COM.2021.014,SAMP 507,593,COM,3219,8/10/2022,,NRD,54,1.7,NA,NA,NA,NA,,
602,MWT.COM.2021.024,SAMP 519,594,COM,3247,8/10/2022,,NRD,52,1.5,NA,NA,NA,NA,,
603,MWT.PRL.2021.098,SAMP 441,595,PRL,3093,AUGUST?,,BND,73,4.6,NA,NA,NA,NA,EGGS,
604,MWT.PRL.2021.098,SAMP 441,596,PRL,3085,AUGUST?,,BND,63,2.5,NA,NA,NA,NA,,
605,MWT.PRL.2021.098,SAMP 441,597,PRL,3081,AUGUST?,,BND,61,2.6,NA,NA,NA,NA,,
606,MWT.PRL.2021.098,SAMP 441,598,PRL,3088,AUGUST?,,BND,67,3.6,NA,NA,NA,NA,,
607,MWT.PRL.2021.098,SAMP 441,599,PRL,3077,AUGUST?,,BND,78,4.9,NA,NA,NA,NA,EGGS,
608,MWT.PRL.2021.098,SAMP 441,600,PRL,3078,AUGUST?,,BND,75,4.7,NA,NA,NA,NA,EGGS,
609,MWT.PRL.2021.098,SAMP 441,601,PRL,3071,AUGUST?,,BND,68,3.6,NA,NA,NA,NA,,
610,MWT.PRL.2021.098,SAMP 441,602,PRL,3073,AUGUST?,,BND,70,3.9,NA,NA,NA,NA,EGGS,
611,MWT.PRL.2021.098,SAMP 441,603,PRL,3083,AUGUST?,,BND,67,3.2,NA,NA,NA,NA,,
612,NA,NA,604,PRL,16,AUGUST?,GLN,LLS,204,97.3,NA,NA,NA,NA,,
613,NA,NA,605,PRL,17,AUGUST?,GLN,LLS,200,89.9,NA,NA,NA,NA,,
614,NA,NA,606,PRL,18,AUGUST?,GLN,LLS,294,93.7,NA,NA,NA,NA,,
615,NA,NA,607,PRL,19,AUGUST?,GLN,LLS,203,96.7,NA,NA,NA,NA,,
616,NA,NA,608,PRL,15,AUGUST?,GLN,ST,321,581.2,NA,NA,NA,NA,,
617,NA,NA,609,PRL,16,AUGUST?,GLN,ST,327,520.4,NA,NA,NA,NA,EGGS,
618,MWT.COM.2021.015,SAMP 508,C001,COM,3226,8/10/2022,,CC,109,12,NA,NA,NA,NA,,
619,MWT.COM.2021.015,SAMP 508,C002,COM,3220,8/10/2022,,CC,200,87,NA,NA,NA,NA,,
620,MWT.COM.2021.015,SAMP 508,C003,COM,3222,8/10/2022,,CC,167,50,NA,NA,NA,NA,,
621,MWT.COM.2021.015,SAMP 508,C004,COM,3221,8/10/2022,,CC,160,44,NA,NA,NA,NA,,
622,MWT.COM.2021.014,SAMP 507,C005,COM,3217,8/10/2022,,NRD,NA,NA,NA,0,NA,NA,,
623,MWT.PRL.2021.125,SAMP 472,C006,PRL,3121,8/12/2022,,ST,66,NA,NA,NA,NA,NA,,
624,MWT.PRL.2021.125,SAMP 472,C007,PRL,3122,8/12/2022,,ST,74,NA,NA,NA,NA,NA,,
625,MWT.PRL.2021.125,SAMP 472,C008,PRL,3123,8/12/2022,,ST,87,7,NA,NA,NA,NA,,
626,MWT.PRL.2021.125,SAMP 472,C009,PRL,3124,8/12/2022,,ST,86,9,NA,NA,NA,NA,,
627,MWT.ETL.2021.006,SAMP 566,ETL001,ETL,3349,,,BND,NA,NA,NA,NA,NA,NA,,
