,YSAMP_N,MA_ID,WATER,SITE_N,DATE_SET,DATE_COL,TIME_START,TIME_END,SEASON,DAY_N,MONTH,YEAR,DSAMP_N,EFFORT,EFFORT_UNIT,GEAR,GEAR_CODE,GEAR_CODE2,CREW,COMMENTS,DAYS,HOURS,effort_soak
1,MWT.TPP.2021.001,SAMP 10,TPP,3,6/25/2021,6/26/2021,18,9.35,SUMMER,26,6,2021,1,15.35,HOURS,MWT,MESH ,,"MEA, DAW, NSL",,24,-8.65,15.35
2,MWT.TPP.2021.002,SAMP 11,TPP,3,6/25/2021,6/26/2021,18,9.4,SUMMER,26,6,2021,2,15.4,HOURS,MWT,MPT,,"MEA, DAW, NSL",,24,-8.6,15.4
3,MWT.TPP.2021.003,SAMP 12,TPP,3,6/25/2021,6/26/2021,18,9.53,SUMMER,26,6,2021,3,15.53,HOURS,MWT,MMT,,"MEA, DAW, NSL",,24,-8.47,15.53
4,MWT.TPP.2021.004,SAMP 13,TPP,3,6/25/2021,6/26/2021,18,9.57,SUMMER,26,6,2021,4,15.57,HOURS,MWT,MESH,,"MEA, DAW, NSL",,24,-8.43,15.57
5,MWT.TPP.2021.005,SAMP 14,TPP,3,6/25/2021,6/26/2021,18,9.63,SUMMER,26,6,2021,5,15.63,HOURS,MWT,MMT,,"MEA, DAW, NSL",,24,-8.37,15.63
6,MWT.TPP.2021.006,SAMP 15,TPP,3,6/25/2021,6/26/2021,18,9.67,SUMMER,26,6,2021,6,15.67,HOURS,MWT,MESH,,"MEA, DAW, NSL",,24,-8.33,15.67
7,MWT.TPP.2021.007,SAMP 8 ,TPP,3,6/25/2021,6/26/2021,18,9.7,SUMMER,26,6,2021,7,15.7,HOURS,MWT,MPT,,"MEA, DAW, NSL",,24,-8.3,15.7
8,MWT.TPP.2021.008,SAMP 614,TPP,3,6/25/2021,6/26/2021,18,10,SUMMER,26,6,2021,8,16,HOURS,MWT,MESH,,"MEA, DAW, NSL",,24,-8,16
9,MWT.TPP.2021.009,SAMP 615,TPP,3,6/25/2021,6/26/2021,18,10.5,SUMMER,26,6,2021,9,16.5,HOURS,MWT,MESH,,"MEA, DAW, NSL",,24,-7.5,16.5
10,MWT.TPP.2021.010,SAMP 616,TPP,3,6/25/2021,6/26/2021,18,10.1,SUMMER,26,6,2021,10,16.1,HOURS,MWT,MESH,,"MEA, DAW, NSL",,24,-7.9,16.1
11,MWT.TPP.2021.011,SAMP 617,TPP,3,6/25/2021,6/26/2021,18,12,SUMMER,26,6,2021,11,18,HOURS,MWT,MMT,,"MEA, DAW, NSL",,24,-6,18
12,MWT.TPP.2021.012,SAMP 9,TPP,3,6/25/2021,6/26/2021,18,12.83,SUMMER,26,6,2021,12,18.83,HOURS,MWT,MPT,,"MEA, DAW, NSL",,24,-5.17,18.83
13,MWT.TPP.2021.013,SAMP 6,TPP,3,6/26/2021,6/26/2021,13,15.28,SUMMER,26,6,2021,13,2.28,HOURS,MWT,MMT,,"MEA, DAW, NSL",Hole in net,0,2.28,2.28
14,MWT.TPP.2021.014,SAMP 2,TPP,3,6/26/2021,6/26/2021,12.5,15.45,SUMMER,26,6,2021,14,2.95,HOURS,MWT,MESH,,"MEA, DAW, NSL",,0,2.95,2.95
15,MWT.TPP.2021.015,SAMP 4,TPP,3,6/26/2021,6/26/2021,13,15.58,SUMMER,26,6,2021,15,2.58,HOURS,MWT,MMT,,"MEA, DAW, NSL",Hole in net,0,2.58,2.58
16,MWT.TPP.2021.016,SAMP 3 ,TPP,3,6/26/2021,6/26/2021,13,17.27,SUMMER,26,6,2021,16,4.27,HOURS,MWT,MMT,,"MEA, DAW, NSL",,0,4.27,4.27
17,MWT.TPP.2021.017,SAMP 1,TPP,3,6/26/2021,6/26/2021,12.5,17.32,SUMMER,26,6,2021,17,4.82,HOURS,MWT,MESH,,"MEA, DAW, NSL",,0,4.82,4.82
18,MWT.TPP.2021.018,SAMP 43,TPP,3,6/26/2021,6/26/2021,12.5,17.6,SUMMER,26,6,2021,18,5.1,HOURS,MWT,MESH,,"MEA, DAW, NSL",,0,5.1,5.1
19,MWT.TPP.2021.019,SAMP 44,TPP,3,6/26/2021,6/26/2021,12.5,17.73,SUMMER,26,6,2021,19,5.23,HOURS,MWT,MESH,,"MEA, DAW, NSL",,0,5.23,5.23
20,MWT.TPP.2021.020,SAMP 45,TPP,3,6/26/2021,6/26/2021,12.5,17.8,SUMMER,26,6,2021,20,5.3,HOURS,MWT,MESH,,"MEA, DAW, NSL",,0,5.3,5.3
21,MWT.TPP.2021.021,SAMP 5,TPP,3,6/26/2021,6/26/2021,13,18.1,SUMMER,26,6,2021,21,5.1,HOURS,MWT,MMT,,"MEA, DAW, NSL",,0,5.1,5.1
22,MWT.TPP.2021.022,SAMP 7,TPP,3,6/26/2021,6/26/2021,13,18.12,SUMMER,26,6,2021,22,5.12,HOURS,MWT,MMT,,"MEA, DAW, NSL",,0,5.12,5.12
23,MWT.TPP.2021.023,SAMP 46,TPP,3,6/26/2021,6/26/2021,12.5,18.23,SUMMER,26,6,2021,23,5.73,HOURS,MWT,MESH,,"MEA, DAW, NSL",,0,5.73,5.73
24,MWT.TPP.2021.024,SAMP 16,TPP,2,6/26/2021,6/27/2021,17.5,8.88,SUMMER,27,6,2021,1,15.38,HOURS,MWT,MMT,,"MEA, DAW, NSL",,24,-8.62,15.38
25,MWT.TPP.2021.025,SAMP 19,TPP,2,6/26/2021,6/27/2021,17.5,8.9,SUMMER,27,6,2021,2,15.4,HOURS,MWT,MPT,,"MEA, DAW, NSL",,24,-8.6,15.4
26,MWT.TPP.2021.026,SAMP 20,TPP,2,6/26/2021,6/27/2021,17.5,9.6,SUMMER,27,6,2021,3,16.1,HOURS,MWT,MESH,,"MEA, DAW, NSL",,24,-7.9,16.1
27,MWT.TPP.2021.027,SAMP 21,TPP,2,6/26/2021,6/27/2021,17.5,9.75,SUMMER,27,6,2021,4,16.25,HOURS,MWT,MESH,,"MEA, DAW, NSL",,24,-7.75,16.25
28,MWT.TPP.2021.028,SAMP 22,TPP,2,6/26/2021,6/27/2021,17.5,9.78,SUMMER,27,6,2021,5,16.28,HOURS,MWT,MESH,,"MEA, DAW, NSL",,24,-7.72,16.28
29,MWT.TPP.2021.029,SAMP 17,TPP,2,6/26/2021,6/27/2021,17.5,9.82,SUMMER,27,6,2021,6,16.32,HOURS,MWT,MMT,,"MEA, DAW, NSL",HOLE IN NET ,24,-7.68,16.32
30,MWT.TPP.2021.030,SAMP 23,TPP,2,6/26/2021,6/27/2021,17.5,9.85,SUMMER,27,6,2021,7,16.35,HOURS,MWT,MESH,,"MEA, DAW, NSL",HOLE IN NET ,24,-7.65,16.35
31,MWT.TPP.2021.031,SAMP 24,TPP,2,6/26/2021,6/27/2021,17.5,9.9,SUMMER,27,6,2021,8,16.4,HOURS,MWT,MESH,,"MEA, DAW, NSL",HOLE IN NET ,24,-7.6,16.4
32,MWT.TPP.2021.032,SAMP 18,TPP,2,6/26/2021,6/27/2021,17.5,9.98,SUMMER,27,6,2021,9,16.48,HOURS,MWT,MMT,,"MEA, DAW, NSL",,24,-7.52,16.48
33,MWT.TPP.2021.033,SAMP 25,TPP,2,6/26/2021,6/27/2021,17.5,10.1,SUMMER,27,6,2021,10,16.6,HOURS,MWT,MPT,,"MEA, DAW, NSL",,24,-7.4,16.6
34,MWT.TPP.2021.034,SAMP 26,TPP,2,6/26/2021,6/27/2021,18,10.25,SUMMER,27,6,2021,11,16.25,HOURS,MWT,MESH,,"MEA, DAW, NSL",,24,-7.75,16.25
35,MWT.TPP.2021.035,SAMP 31,TPP,2,6/27/2021,6/27/2021,11.83,15.25,SUMMER,27,6,2021,12,3.42,HOURS,MWT,MMT,,"MEA, DAW, NSL",,0,3.42,3.42
36,MWT.TPP.2021.036,SAMP 27,TPP,2,6/27/2021,6/27/2021,11.83,15.7,SUMMER,27,6,2021,13,3.87,HOURS,MWT,MPT,,"MEA, DAW, NSL",,0,3.87,3.87
37,MWT.TPP.2021.037,SAMP 29,TPP,2,6/27/2021,6/27/2021,11.83,15.7,SUMMER,27,6,2021,14,3.87,HOURS,MWT,MMT,,"MEA, DAW, NSL",,0,3.87,3.87
38,MWT.TPP.2021.038,SAMP 47,TPP,2,6/27/2021,6/27/2021,11.83,15.75,SUMMER,27,6,2021,15,3.92,HOURS,MWT,MESH,,"MEA, DAW, NSL",,0,3.92,3.92
39,MWT.TPP.2021.039,SAMP 30,TPP,2,6/27/2021,6/27/2021,11.83,15.77,SUMMER,27,6,2021,16,3.94,HOURS,MWT,MMT,,"MEA, DAW, NSL",,0,3.94,3.94
40,MWT.TPP.2021.040,SAMP 48,TPP,2,6/27/2021,6/27/2021,11.83,15.8,SUMMER,27,6,2021,17,3.97,HOURS,MWT,MESH,,"MEA, DAW, NSL",,0,3.97,3.97
41,MWT.TPP.2021.041,SAMP 49,TPP,2,6/27/2021,6/27/2021,11.83,15.83,SUMMER,27,6,2021,18,4,HOURS,MWT,MESH,,"MEA, DAW, NSL",,0,4,4
42,MWT.TPP.2021.042,SAMP 50,TPP,2,6/27/2021,6/27/2021,11.83,15.87,SUMMER,27,6,2021,19,4.04,HOURS,MWT,MESH,,"MEA, DAW, NSL",,0,4.04,4.04
43,MWT.TPP.2021.043,SAMP 51,TPP,2,6/27/2021,6/27/2021,11.83,16,SUMMER,27,6,2021,20,4.17,HOURS,MWT,MESH,,"MEA, DAW, NSL",,0,4.17,4.17
44,MWT.TPP.2021.044,SAMP 28,TPP,2,6/27/2021,6/27/2021,11.83,16.8,SUMMER,27,6,2021,21,4.97,HOURS,MWT,MPT,,"MEA, DAW, NSL",,0,4.97,4.97
45,MWT.TPP.2021.045,SAMP 52,TPP,2,6/27/2021,6/27/2021,11.83,16.8,SUMMER,27,6,2021,22,4.97,HOURS,MWT,MESH,,"MEA, DAW, NSL",,0,4.97,4.97
46,MWT.TPP.2021.046,SAMP 32,TPP,1,6/27/2021,6/28/2021,16.7,9,SUMMER,28,6,2021,1,16.3,HOURS,MWT,MPT,,"MEA, DAW, NSL",,24,-7.7,16.3
47,MWT.TPP.2021.047,SAMP 34,TPP,1,6/27/2021,6/28/2021,16.17,9.2,SUMMER,28,6,2021,2,17.03,HOURS,MWT,MESH,,"MEA, DAW, NSL",,24,-6.97,17.03
48,MWT.TPP.2021.048,SAMP 40,TPP,1,6/27/2021,6/28/2021,16,9.3,SUMMER,28,6,2021,3,17.3,HOURS,MWT,MMT,,"MEA, DAW, NSL",,24,-6.7,17.3
49,MWT.TPP.2021.049,SAMP 41,TPP,1,6/27/2021,6/28/2021,16,9.17,SUMMER,28,6,2021,4,17.17,HOURS,MWT,MMT,,"MEA, DAW, NSL",,24,-6.83,17.17
50,MWT.TPP.2021.050,SAMP 35,TPP,1,6/27/2021,6/28/2021,16.17,9.2,SUMMER,28,6,2021,5,17.03,HOURS,MWT,MESH,,"MEA, DAW, NSL",,24,-6.97,17.03
51,MWT.TPP.2021.051,SAMP 36,TPP,1,6/27/2021,6/28/2021,16.17,9.23,SUMMER,28,6,2021,6,17.06,HOURS,MWT,MESH,,"MEA, DAW, NSL",,24,-6.94,17.06
52,MWT.TPP.2021.052,SAMP 37,TPP,1,6/27/2021,6/28/2021,16.17,9.27,SUMMER,28,6,2021,7,17.1,HOURS,MWT,MESH,,"MEA, DAW, NSL",,24,-6.9,17.1
53,MWT.TPP.2021.053,SAMP 33,TPP,1,6/27/2021,6/28/2021,16.7,9.4,SUMMER,28,6,2021,8,16.7,HOURS,MWT,MPT,,"MEA, DAW, NSL",,24,-7.3,16.7
54,MWT.TPP.2021.054,SAMP 38,TPP,1,6/27/2021,6/28/2021,16.17,9.4,SUMMER,28,6,2021,9,17.23,HOURS,MWT,MESH,,"MEA, DAW, NSL",,24,-6.77,17.23
55,MWT.TPP.2021.055,SAMP 42,TPP,1,6/27/2021,6/28/2021,16,9.4,SUMMER,28,6,2021,10,17.4,HOURS,MWT,MMT,,"MEA, DAW, NSL",,24,-6.6,17.4
56,MWT.TPP.2021.056,SAMP 39,TPP,1,6/27/2021,6/28/2021,16.17,9.82,SUMMER,28,6,2021,11,17.65,HOURS,MWT,MESH,,"MEA, DAW, NSL",,24,-6.35,17.65
57,MWT.TPP.2021.057,SAMP 61,TPP,3A,8/19/2021,8/20/2021,13.5,14.95,SUMMER,20,8,2021,1,25.45,HOURS,MWT,MPT,,"MEA, DAW, NSL",,24,1.45,25.45
58,MWT.TPP.2021.058,SAMP 62,TPP,3A,8/19/2021,8/20/2021,13.5,14.95,SUMMER,20,8,2021,2,25.45,HOURS,MWT,MESH,,"MEA, DAW, NSL",,24,1.45,25.45
59,MWT.TPP.2021.059,SAMP 63,TPP,3B,8/19/2021,8/20/2021,13.5,15.8,SUMMER,20,8,2021,3,26.3,HOURS,MWT,MPT,,"MEA, DAW, NSL",,24,2.3,26.3
60,MWT.TPP.2021.060,SAMP 64,TPP,3B,8/19/2021,8/20/2021,13.5,15.8,SUMMER,20,8,2021,4,26.3,HOURS,MWT,MESH,,"MEA, DAW, NSL",,24,2.3,26.3
61,MWT.TPP.2021.061,SAMP 59,TPP,3C,8/19/2021,8/20/2021,13.5,15.2,SUMMER,20,8,2021,5,25.7,HOURS,MWT,MPT,,"MEA, DAW, NSL",HOLE IN NET,24,1.7,25.7
62,MWT.TPP.2021.062,SAMP 60,TPP,3C,8/19/2021,8/20/2021,13.5,15.2,SUMMER,20,8,2021,6,25.7,HOURS,MWT,MESH,,"MEA, DAW, NSL",,24,1.7,25.7
63,MWT.TPP.2021.063,SAMP 57,TPP,2C,8/19/2021,8/20/2021,13.5,15.5,SUMMER,20,8,2021,7,26,HOURS,MWT,MESH,,"MEA, DAW, NSL",,24,2,26
64,MWT.TPP.2021.064,SAMP 58,TPP,2C,8/19/2021,8/20/2021,13.5,15.5,SUMMER,20,8,2021,8,26,HOURS,MWT,MPT,,"MEA, DAW, NSL",,24,2,26
65,MWT.TPP.2021.065,SAMP 53,TPP,2B ,8/19/2021,8/20/2021,13.5,15.58,SUMMER,20,8,2021,9,26.08,HOURS,MWT,MESH,,"MEA, DAW, NSL",,24,2.08,26.08
66,MWT.TPP.2021.066,SAMP 54,TPP,2B ,8/19/2021,8/20/2021,13.5,15.58,SUMMER,20,8,2021,10,26.08,HOURS,MWT,MPT,,"MEA, DAW, NSL",,24,2.08,26.08
67,MWT.TPP.2021.067,SAMP 55,TPP,2A,8/19/2021,8/20/2021,13.5,15.68,SUMMER,20,8,2021,11,26.18,HOURS,MWT,MESH,,"MEA, DAW, NSL",,24,2.18,26.18
68,MWT.TPP.2021.068,SAMP 56,TPP,2A,8/19/2021,8/20/2021,13.5,15.68,SUMMER,20,8,2021,12,26.18,HOURS,MWT,MPT,,"MEA, DAW, NSL",HOLE IN NET REMOVED TO SEW,24,2.18,26.18
69,MWT.TPP.2021.069,SAMP 65,TPP,1A,8/20/2021,8/20/2021,16,16.22,SUMMER,20,8,2021,13,0.22,HOURS,MWT,MESH,,"MEA, DAW, NSL",,0,0.22,0.22
70,MWT.TPP.2021.070,SAMP 66,TPP,1A,8/20/2021,8/20/2021,16,16.22,SUMMER,20,8,2021,14,0.22,HOURS,MWT,MPT,,"MEA, DAW, NSL",,0,0.22,0.22
71,MWT.TPP.2021.071,SAMP 67,TPP,1B,8/20/2021,8/20/2021,16,16.6,SUMMER,20,8,2021,15,0.6,HOURS,MWT,MESH,,"MEA, DAW, NSL",,0,0.6,0.6
72,MWT.TPP.2021.072,SAMP 68,TPP,1B,8/20/2021,8/20/2021,16,16.6,SUMMER,20,8,2021,16,0.6,HOURS,MWT,MPT,,"MEA, DAW, NSL",,0,0.6,0.6
73,MWT.TPP.2021.073,SAMP 224,TPP,1C,8/20/2021,8/20/2021,14.62,16.88,SUMMER,20,8,2021,17,2.26,HOURS,MWT,MESH,,"MEA, DAW, NSL",,0,2.26,2.26
74,MWT.TPP.2021.074,SAMP 69,TPP,1A,8/20/2021,8/21/2021,16.22,9.22,SUMMER,21,8,2021,1,17,HOURS,MWT,MPT,,"MEA, DAW, NSL",,24,-7,17
75,MWT.TPP.2021.075,SAMP 70,TPP,1A,8/20/2021,8/21/2021,16.22,9.22,SUMMER,21,8,2021,2,17,HOURS,MWT,MESH,,"MEA, DAW, NSL",,24,-7,17
76,MWT.TPP.2021.076,SAMP 71,TPP,1B,8/20/2021,8/21/2021,16.6,9.38,SUMMER,21,8,2021,3,16.78,HOURS,MWT,MESH,,"MEA, DAW, NSL",,24,-7.22,16.78
77,MWT.TPP.2021.077,SAMP 72,TPP,1B,8/20/2021,8/21/2021,16.6,9.38,SUMMER,21,8,2021,4,16.78,HOURS,MWT,MPT,,"MEA, DAW, NSL",,24,-7.22,16.78
78,MWT.TPP.2021.078,SAMP 73,TPP,1C,8/20/2021,8/21/2021,16.88,10.5,SUMMER,21,8,2021,5,17.62,HOURS,MWT,MESH,,"MEA, DAW, NSL",,24,-6.38,17.62
79,MWT.TPP.2021.079,SAMP 74,TPP,1C,8/20/2021,8/21/2021,16.88,10.5,SUMMER,21,8,2021,6,17.62,HOURS,MWT,MPT,,"MEA, DAW, NSL",,24,-6.38,17.62
80,MWT.TPP.2021.080,SAMP 75,TPP,3A,8/20/2021,8/21/2021,14.95,10.58,SUMMER,21,8,2021,7,19.63,HOURS,MWT,MESH,,"MEA, DAW, NSL",,24,-4.37,19.63
81,MWT.TPP.2021.081,SAMP 76,TPP,3A,8/20/2021,8/21/2021,14.95,10.58,SUMMER,21,8,2021,8,19.63,HOURS,MWT,MPT,,"MEA, DAW, NSL",,24,-4.37,19.63
82,MWT.TPP.2021.082,SAMP 77,TPP,3B,8/20/2021,8/21/2021,15.8,10.67,SUMMER,21,8,2021,9,18.87,HOURS,MWT,MESH,,"MEA, DAW, NSL",,24,-5.13,18.87
83,MWT.TPP.2021.083,SAMP 78,TPP,3B,8/20/2021,8/21/2021,15.8,10.67,SUMMER,21,8,2021,10,18.87,HOURS,MWT,MPT,,"MEA, DAW, NSL",,24,-5.13,18.87
84,MWT.TPP.2021.084,SAMP 79,TPP,3C,8/20/2021,8/21/2021,15.2,10.78,SUMMER,21,8,2021,11,19.58,HOURS,MWT,MESH,,"MEA, DAW, NSL",,24,-4.42,19.58
85,MWT.TPP.2021.085,SAMP 80,TPP,3C,8/20/2021,8/21/2021,15.2,10.78,SUMMER,21,8,2021,12,19.58,HOURS,MWT,MPT,,"MEA, DAW, NSL",,24,-4.42,19.58
86,MWT.TPP.2021.086,SAMP 81,TPP,3C,8/20/2021,8/21/2021,15.5,11.25,SUMMER,21,8,2021,13,19.75,HOURS,MWT,MESH,,"MEA, DAW, NSL",,24,-4.25,19.75
87,MWT.TPP.2021.087,SAMP 82,TPP,3C,8/20/2021,8/21/2021,15.5,11.25,SUMMER,21,8,2021,14,19.75,HOURS,MWT,MPT,,"MEA, DAW, NSL",,24,-4.25,19.75
88,MWT.TPP.2021.088,SAMP 83,TPP,2C,8/20/2021,8/21/2021,15.5,11.38,SUMMER,21,8,2021,15,19.88,HOURS,MWT,MESH ,,"MEA, DAW, NSL",HOLE IN NET,24,-4.12,19.88
89,MWT.TPP.2021.089,SAMP 84,TPP,2C,8/20/2021,8/21/2021,15.5,11.38,SUMMER,21,8,2021,16,19.88,HOURS,MWT,MPT,,"MEA, DAW, NSL",,24,-4.12,19.88
90,MWT.TPP.2021.090,SAMP 85,TPP,2B ,8/20/2021,8/21/2021,15.58,11.5,SUMMER,21,8,2021,17,19.92,HOURS,MWT,MESH,,"MEA, DAW, NSL",,24,-4.08,19.92
91,MWT.TPP.2021.091,SAMP 86,TPP,2B ,8/20/2021,8/21/2021,15.58,11.5,SUMMER,21,8,2021,18,19.92,HOURS,MWT,MPT,,"MEA, DAW, NSL",,24,-4.08,19.92
92,MWT.TPP.2021.092,SAMP 87,TPP,2A,8/20/2021,8/21/2021,15.68,11.65,SUMMER,21,8,2021,19,19.97,HOURS,MWT,MESH,,"MEA, DAW, NSL",,24,-4.03,19.97
93,MWT.TPP.2021.093,SAMP 88,TPP,2A,8/20/2021,8/21/2021,15.68,11.65,SUMMER,21,8,2021,20,19.97,HOURS,MWT,MPT,,"MEA, DAW, NSL",,24,-4.03,19.97
94,MWT.TPP.2021.094,SAMP 89,TPP,4B,8/21/2021,8/21/2021,10.5,12.47,SUMMER,21,8,2021,21,1.97,HOURS,MWT,MESH,,"MEA, DAW, NSL",,0,1.97,1.97
95,MWT.TPP.2021.095,SAMP 90,TPP,4C,8/21/2021,8/21/2021,10.5,12.5,SUMMER,21,8,2021,22,2,HOURS,MWT,MESH,,"MEA, DAW, NSL",,0,2,2
96,MWT.TPP.2021.096,SAMP 91,TPP,4D,8/21/2021,8/21/2021,10.5,12.55,SUMMER,21,8,2021,23,2.05,HOURS,MWT,MESH,,"MEA, DAW, NSL",,0,2.05,2.05
97,MWT.TPP.2021.097,SAMP 92,TPP,4A,8/21/2021,8/21/2021,10.5,12.6,SUMMER,21,8,2021,24,2.1,HOURS,MWT,MESH,,"MEA, DAW, NSL",,0,2.1,2.1
98,MWT.TPP.2021.098,SAMP 225,TPP,1A,8/21/2021,8/22/2021,9.38,13.8,SUMMER,21,8,2021,1,16.42,HOURS,MWT,MESH,,"MEA, DAW, NSL",,24,4.42,28.42
99,MWT.TPP.2021.099,SAMP 226,TPP,1A,8/21/2021,8/22/2021,9.38,13.8,SUMMER,21,8,2021,2,16.42,HOURS,MWT,MPT,,"MEA, DAW, NSL",,24,4.42,28.42
100,MWT.TPP.2021.100,SAMP 227,TPP,1B,8/21/2021,8/22/2021,9.38,13.88,SUMMER,21,8,2021,3,16.5,HOURS,MWT,MESH ,,"MEA, DAW, NSL",,24,4.5,28.5
101,MWT.TPP.2021.101,SAMP 228,TPP,1B,8/21/2021,8/22/2021,9.38,13.88,SUMMER,21,8,2021,4,16.5,HOURS,MWT,MPT,,"MEA, DAW, NSL",,24,4.5,28.5
102,MWT.TPP.2021.102,SAMP 100,TPP,1B,8/21/2021,8/22/2021,9.38,13.9,SUMMER,22,8,2021,1,28.52,HOURS,MWT,MPT,,"MEA, DAW, NSL",,24,4.52,28.52
103,MWT.TPP.2021.103,SAMP 99,TPP,1C,8/21/2021,8/22/2021,10.5,13.93,SUMMER,22,8,2021,2,27.43,HOURS,MWT,MESH,,"MEA, DAW, NSL",,24,3.43,27.43
104,MWT.TPP.2021.104,SAMP 97,TPP,1A,8/22/2021,8/22/2021,13.8,14.28,SUMMER,22,8,2021,3,0.48,HOURS,MWT,MESH,,"MEA, DAW, NSL",,0,0.48,0.48
105,MWT.TPP.2021.105,SAMP 98,TPP,4A,8/21/2021,8/22/2021,12.6,14.57,SUMMER,22,8,2021,4,25.97,HOURS,MWT,MESH,DFB,"MEA, DAW, NSL",,24,1.97,25.97
106,MWT.TPP.2021.106,SAMP 103,TPP,4B,8/21/2021,8/22/2021,12.47,14.65,SUMMER,22,8,2021,5,26.18,HOURS,MWT,MESH ,DFB,"MEA, DAW, NSL",,24,2.18,26.18
107,MWT.TPP.2021.107,SAMP 109,TPP,1C,8/22/2021,8/22/2021,14,14.65,SUMMER,22,8,2021,6,0.65,HOURS,MWT,MESH,,"MEA, DAW, NSL",TRAP OPEN,0,0.65,0.65
108,MWT.TPP.2021.108,SAMP 104,TPP,4C,8/21/2021,8/22/2021,12.5,14.68,SUMMER,22,8,2021,7,26.18,HOURS,MWT,MESH,DFB,"MEA, DAW, NSL",,24,2.18,26.18
109,MWT.TPP.2021.109,SAMP 101,TPP,3A,8/21/2021,8/22/2021,10.58,14.85,SUMMER,22,8,2021,8,28.27,HOURS,MWT,MESH,,"MEA, DAW, NSL",,24,4.27,28.27
110,MWT.TPP.2021.110,SAMP 102,TPP,3A,8/21/2021,8/22/2021,10.58,14.85,SUMMER,22,8,2021,9,28.27,HOURS,MWT,MPT,,"MEA, DAW, NSL",,24,4.27,28.27
111,MWT.TPP.2021.111,SAMP 112,TPP,1B,8/22/2021,8/22/2021,14,14.9,SUMMER,22,8,2021,10,0.9,HOURS,MWT,MESH,,"MEA, DAW, NSL",,0,0.9,0.9
112,MWT.TPP.2021.112,SAMP 105,TPP,3B,8/21/2021,8/22/2021,10.67,14.93,SUMMER,22,8,2021,11,28.26,HOURS,MWT,MPT,,"MEA, DAW, NSL",,24,4.26,28.26
113,MWT.TPP.2021.113,SAMP 106,TPP,3B,8/21/2021,8/22/2021,10.67,14.93,SUMMER,22,8,2021,12,28.26,HOURS,MWT,MESH,,"MEA, DAW, NSL",,24,4.26,28.26
114,MWT.TPP.2021.114,SAMP 107,TPP,3C,8/21/2021,8/22/2021,10.78,14.98,SUMMER,22,8,2021,13,28.2,HOURS,MWT,MPT,,"MEA, DAW, NSL",,24,4.2,28.2
115,MWT.TPP.2021.115,SAMP 108,TPP,3C,8/21/2021,8/22/2021,10.78,14.98,SUMMER,22,8,2021,14,28.2,HOURS,MWT,MESH,,"MEA, DAW, NSL",,24,4.2,28.2
116,MWT.TPP.2021.116,SAMP 114,TPP,1A,8/22/2021,8/22/2021,14,15.3,SUMMER,22,8,2021,15,1.3,HOURS,MWT,MESH,,"MEA, DAW, NSL",,0,1.3,1.3
117,MWT.TPP.2021.117,SAMP 93,TPP,2C,8/21/2021,8/22/2021,11.25,15.48,SUMMER,22,8,2021,16,28.23,HOURS,MWT,MESH,,"MEA, DAW, NSL",,24,4.23,28.23
118,MWT.TPP.2021.118,SAMP 94,TPP,2B ,8/21/2021,8/22/2021,11.5,15.48,SUMMER,22,8,2021,17,27.98,HOURS,MWT,MPT,,"MEA, DAW, NSL",,24,3.98,27.98
119,MWT.TPP.2021.119,SAMP 110,TPP,1C,8/22/2021,8/22/2021,15,15.65,SUMMER,22,8,2021,18,0.65,HOURS,MWT,MESH,,"MEA, DAW, NSL",,0,0.65,0.65
120,MWT.TPP.2021.120,SAMP 113,TPP,1B,8/22/2021,8/22/2021,14.9,15.67,SUMMER,22,8,2021,19,0.77,HOURS,MWT,MESH,,"MEA, DAW, NSL",,0,0.77,0.77
121,MWT.TPP.2021.121,SAMP 95,TPP,2B ,8/21/2021,8/22/2021,11.5,15.7,SUMMER,22,8,2021,20,28.2,HOURS,MWT,MESH,,"MEA, DAW, NSL",,24,4.2,28.2
122,MWT.TPP.2021.122,SAMP 115,TPP,1A,8/22/2021,8/22/2021,15.3,15.75,SUMMER,22,8,2021,21,0.45,HOURS,MWT,MESH,,"MEA, DAW, NSL",,0,0.45,0.45
123,MWT.TPP.2021.123,SAMP 96,TPP,2A,8/21/2021,8/22/2021,11.58,15.87,SUMMER,22,8,2021,22,28.29,HOURS,MWT,MESH,,"MEA, DAW, NSL",,24,4.29,28.29
124,MWT.TPP.2021.124,SAMP 111,TPP,1C,8/22/2021,8/22/2021,15.5,15.93,SUMMER,22,8,2021,23,0.43,HOURS,MWT,MESH,,"MEA, DAW, NSL",,0,0.43,0.43
125,MWT.TPP.2021.125,SAMP 116,TPP,1A,8/22/2021,8/22/2021,15.75,16.8,SUMMER,22,8,2021,24,1.05,HOURS,MWT,MESH,,"MEA, DAW, NSL",,0,1.05,1.05
126,MWT.LOP.2021.001,SAMP 148,LOP,2,6/18/2021,6/19/2021,17,9.78,SUMMER,19,6,2021,1,16.78,HOURS,MWT,MESH,,"MEA, DAW, NSL",,24,-7.22,16.78
127,MWT.LOP.2021.002,SAMP 149,LOP,2,6/18/2021,6/19/2021,17,9.82,SUMMER,19,6,2021,2,16.82,HOURS,MWT,MPT,,"MEA, DAW, NSL",,24,-7.18,16.82
128,MWT.LOP.2021.003,SAMP 150,LOP,2,6/18/2021,6/19/2021,17,10.8,SUMMER,19,6,2021,3,17.8,HOURS,MWT,MESH,,"MEA, DAW, NSL",,24,-6.2,17.8
129,MWT.LOP.2021.004,SAMP 151,LOP,2,6/18/2021,6/19/2021,17,10.17,SUMMER,19,6,2021,4,17.17,HOURS,MWT,MMT,,"MEA, DAW, NSL",,24,-6.83,17.17
130,MWT.LOP.2021.005,SAMP 154,LOP,2,6/18/2021,6/19/2021,17,10.42,SUMMER,19,6,2021,5,17.42,HOURS,MWT,MPT,,"MEA, DAW, NSL",,24,-6.58,17.42
131,MWT.LOP.2021.006,SAMP 155,LOP,2,6/18/2021,6/19/2021,17,10.42,SUMMER,19,6,2021,6,17.42,HOURS,MWT,MESH,,"MEA, DAW, NSL",,24,-6.58,17.42
132,MWT.LOP.2021.007,SAMP 156,LOP,2,6/18/2021,6/19/2021,17,10.5,SUMMER,19,6,2021,7,17.5,HOURS,MWT,MESH,,"MEA, DAW, NSL",,24,-6.5,17.5
133,MWT.LOP.2021.008,SAMP 157,LOP,2,6/18/2021,6/19/2021,17,10.5,SUMMER,19,6,2021,8,17.5,HOURS,MWT,MMT,,"MEA, DAW, NSL",,24,-6.5,17.5
134,MWT.LOP.2021.009,SAMP 152,LOP,2,6/18/2021,6/19/2021,17,10.75,SUMMER,19,6,2021,9,17.75,HOURS,MWT,MPT,,"MEA, DAW, NSL",,24,-6.25,17.75
135,MWT.LOP.2021.010,SAMP 153,LOP,2,6/18/2021,6/19/2021,17,10.83,SUMMER,19,6,2021,10,17.83,HOURS,MWT,MMT,,"MEA, DAW, NSL",,24,-6.17,17.83
136,MWT.LOP.2021.011,SAMP 134,LOP,2,6/19/2021,6/19/2021,11,12.73,SUMMER,19,6,2021,11,1.73,HOURS,MWT,MPT,,"MEA, DAW, NSL",,0,1.73,1.73
137,MWT.LOP.2021.012,SAMP 135,LOP,2,6/19/2021,6/19/2021,11,12.78,SUMMER,19,6,2021,12,1.78,HOURS,MWT,MESH,,"MEA, DAW, NSL",,0,1.78,1.78
138,MWT.LOP.2021.013,SAMP 132,LOP,2,6/18/2021,6/19/2021,17,13.22,SUMMER,19,6,2021,13,20.22,HOURS,MWT,MMT,,"MEA, DAW, NSL",,24,-3.78,20.22
139,MWT.LOP.2021.014,SAMP 133,LOP,2,6/19/2021,6/19/2021,11,13.27,SUMMER,19,6,2021,14,2.27,HOURS,MWT,MESH,,"MEA, DAW, NSL",,0,2.27,2.27
140,MWT.LOP.2021.015,SAMP 136,LOP,2,6/19/2021,6/19/2021,11,12.23,SUMMER,19,6,2021,15,1.23,HOURS,MWT,MESH,,"MEA, DAW, NSL",,0,1.23,1.23
141,MWT.LOP.2021.016,SAMP 137,LOP,2,6/19/2021,6/19/2021,11,12.33,SUMMER,19,6,2021,16,1.33,HOURS,MWT,MESH,,"MEA, DAW, NSL",,0,1.33,1.33
142,MWT.LOP.2021.017,SAMP 138,LOP,2,6/19/2021,6/19/2021,11,12.38,SUMMER,19,6,2021,17,1.38,HOURS,MWT,MMT,,"MEA, DAW, NSL",,0,1.38,1.38
143,MWT.LOP.2021.018,SAMP 139,LOP,2,6/19/2021,6/19/2021,11,12.5,SUMMER,19,6,2021,18,1.5,HOURS,MWT,MMT,,"MEA, DAW, NSL",,0,1.5,1.5
144,MWT.LOP.2021.019,SAMP 144,LOP,3,6/19/2021,6/20/2021,12,9.8,SUMMER,20,6,2021,1,21.8,HOURS,MWT,MESH,,"MEA, DAW, NSL",,24,-2.2,21.8
145,MWT.LOP.2021.020,SAMP 145,LOP,3,6/19/2021,6/20/2021,12,10,SUMMER,20,6,2021,2,22,HOURS,MWT,MESH,,"MEA, DAW, NSL",,24,-2,22
146,MWT.LOP.2021.021,SAMP 146,LOP,3,6/19/2021,6/20/2021,12,10.5,SUMMER,20,6,2021,3,22.5,HOURS,MWT,MPT,,"MEA, DAW, NSL",,24,-1.5,22.5
147,MWT.LOP.2021.022,SAMP 147,LOP,3,6/19/2021,6/20/2021,12,10.12,SUMMER,20,6,2021,4,22.12,HOURS,MWT,MMT,,"MEA, DAW, NSL",,24,-1.88,22.12
148,MWT.LOP.2021.023,SAMP 140,TPP,3,6/19/2021,6/20/2021,12,10.22,SUMMER,20,6,2021,1,22.22,HOURS,MWT,MESH,,"MEA, DAW, NSL",,24,-1.78,22.22
149,MWT.LOP.2021.024,SAMP 141,LOP,3,6/19/2021,6/20/2021,12,10.23,SUMMER,20,6,2021,5,22.23,HOURS,MWT,MMT,,"MEA, DAW, NSL",,24,-1.77,22.23
150,MWT.LOP.2021.025,SAMP 142,LOP,3,6/19/2021,6/20/2021,12,10.4,SUMMER,20,6,2021,6,22.4,HOURS,MWT,MMT,,"MEA, DAW, NSL",,24,-1.6,22.4
151,MWT.LOP.2021.026,SAMP 143,LOP,3,6/19/2021,6/20/2021,12,10.57,SUMMER,20,6,2021,7,22.57,HOURS,MWT,MESH,,"MEA, DAW, NSL",,24,-1.43,22.57
152,MWT.LOP.2021.027,SAMP 158,LOP,3,6/19/2021,6/20/2021,12,14.17,SUMMER,20,6,2021,8,26.17,HOURS,MWT,MMT,,"MEA, DAW, NSL",,24,2.17,26.17
153,MWT.LOP.2021.028,SAMP 159,LOP,3,6/19/2021,6/20/2021,12,15.25,SUMMER,20,6,2021,9,27.25,HOURS,MWT,MESH,,"MEA, DAW, NSL",,24,3.25,27.25
154,MWT.LOP.2021.029,SAMP 161,LOP,3,6/19/2021,6/20/2021,12.5,15.4,SUMMER,20,6,2021,10,26.9,HOURS,MWT,MESH,,"MEA, DAW, NSL",,24,2.9,26.9
155,MWT.LOP.2021.030,SAMP 160,LOP,3,6/20/2021,6/20/2021,15.17,15.5,SUMMER,20,6,2021,11,0.33,HOURS,MWT,MMT,,"MEA, DAW, NSL",,0,0.33,0.33
156,MWT.LOP.2021.031,SAMP 166,LOP,2,6/19/2021,6/20/2021,12.5,15.93,SUMMER,20,6,2021,12,27.43,HOURS,MWT,MMT,,"MEA, DAW, NSL",,24,3.43,27.43
157,MWT.LOP.2021.032,SAMP 162,LOP,2,6/19/2021,6/20/2021,12.5,17.82,SUMMER,20,6,2021,13,29.32,HOURS,MWT,MPT,,"MEA, DAW, NSL",,24,5.32,29.32
158,MWT.LOP.2021.033,SAMP 163,LOP,2,6/19/2021,6/20/2021,12.5,17.83,SUMMER,20,6,2021,14,29.33,HOURS,MWT,MESH,,"MEA, DAW, NSL",,24,5.33,29.33
159,MWT.LOP.2021.034,SAMP 164,LOP,2,6/19/2021,6/20/2021,12.5,17.9,SUMMER,20,6,2021,15,29.4,HOURS,MWT,MESH,,"MEA, DAW, NSL",,24,5.4,29.4
160,MWT.LOP.2021.035,SAMP 165,LOP,2,6/19/2021,6/20/2021,12.5,17.92,SUMMER,20,6,2021,16,29.42,HOURS,MWT,MPT,,"MEA, DAW, NSL",,24,5.42,29.42
161,MWT.LOP.2021.036,SAMP 167,LOP,2,6/19/2021,6/20/2021,12.5,17.98,SUMMER,20,6,2021,17,29.48,HOURS,MWT,MPT,,"MEA, DAW, NSL",,24,5.48,29.48
162,MWT.LOP.2021.037,SAMP 168,LOP,2,6/19/2021,6/20/2021,12.5,17.98,SUMMER,20,6,2021,18,29.48,HOURS,MWT,MMT,,"MEA, DAW, NSL",,24,5.48,29.48
163,MWT.LOP.2021.038,SAMP 117,LOP,1,6/20/2021,6/20/2021,15.5,18.6,SUMMER,20,6,2021,19,3.1,HOURS,MWT,MMT,,"MEA, DAW, NSL",,0,3.1,3.1
164,MWT.LOP.2021.039,SAMP 118,LOP,1,6/20/2021,6/20/2021,15.5,18.68,SUMMER,20,6,2021,20,3.18,HOURS,MWT,MESH,,"MEA, DAW, NSL",,0,3.18,3.18
165,MWT.LOP.2021.040,SAMP 119,LOP,1,6/20/2021,6/20/2021,15.5,18.72,SUMMER,20,6,2021,21,3.22,HOURS,MWT,MESH,,"MEA, DAW, NSL",,0,3.22,3.22
166,MWT.LOP.2021.041,SAMP 120,LOP,1,6/20/2021,6/20/2021,15.5,18.88,SUMMER,20,6,2021,22,3.38,HOURS,MWT,MESH,,"MEA, DAW, NSL",,0,3.38,3.38
167,MWT.LOP.2021.042,SAMP 129,LOP,1,6/20/2021,6/21/2021,19,9.5,SUMMER,21,6,2021,1,14.5,HOURS,MWT,MPT,,"MEA, DAW, NSL",,24,-9.5,14.5
168,MWT.LOP.2021.043,SAMP 130,LOP,1,6/20/2021,6/21/2021,19,9.75,SUMMER,21,6,2021,2,14.75,HOURS,MWT,MESH,,"MEA, DAW, NSL",,24,-9.25,14.75
169,MWT.LOP.2021.044,SAMP 131,LOP,1,6/20/2021,6/21/2021,19,9.83,SUMMER,21,6,2021,3,14.83,HOURS,MWT,MESH,,"MEA, DAW, NSL",,24,-9.17,14.83
170,MWT.LOP.2021.045,SAMP 126,LOP,1,6/20/2021,6/21/2021,19,10,SUMMER,21,6,2021,4,15,HOURS,MWT,MPT,,"MEA, DAW, NSL",,24,-9,15
171,MWT.LOP.2021.046,SAMP 127,LOP,1,6/20/2021,6/21/2021,19,10.25,SUMMER,21,6,2021,5,15.25,HOURS,MWT,MMT,,"MEA, DAW, NSL",,24,-8.75,15.25
172,MWT.LOP.2021.047,SAMP 128,LOP,1,6/20/2021,6/21/2021,19,10.75,SUMMER,21,6,2021,6,15.75,HOURS,MWT,MMT,,"MEA, DAW, NSL",,24,-8.25,15.75
173,MWT.LOP.2021.048,SAMP 121,LOP,1,6/20/2021,6/21/2021,19,11,SUMMER,21,6,2021,7,16,HOURS,MWT,MESH,,"MEA, DAW, NSL",,24,-8,16
174,MWT.LOP.2021.049,SAMP 122,LOP,1,6/20/2021,6/21/2021,19,11.17,SUMMER,21,6,2021,8,16.17,HOURS,MWT,MESH,,"MEA, DAW, NSL",,24,-7.83,16.17
175,MWT.LOP.2021.050,SAMP 123,LOP,1,6/20/2021,6/21/2021,19,11.5,SUMMER,21,6,2021,9,16.5,HOURS,MWT,MPT,,"MEA, DAW, NSL",,24,-7.5,16.5
176,MWT.LOP.2021.051,SAMP 124,LOP,1,6/20/2021,6/21/2021,19,11.58,SUMMER,21,6,2021,10,16.58,HOURS,MWT,MMT,,"MEA, DAW, NSL",,24,-7.42,16.58
177,MWT.LOP.2021.052,SAMP 125,LOP,1,6/20/2021,6/21/2021,19,11.67,SUMMER,21,6,2021,11,16.67,HOURS,MWT,MESH,,"MEA, DAW, NSL",,24,-7.33,16.67
178,MWT.LOP.2021.053,SAMP 169,LOP,3A,8/19/2021,8/20/2021,16.5,9.88,SUMMER,20,8,2021,1,17.38,HOURS,MWT,MPT,,"MEA, DAW, NSL",,24,-6.62,17.38
179,MWT.LOP.2021.054,SAMP 170,LOP,3A,8/19/2021,8/20/2021,16.5,9.92,SUMMER,20,8,2021,2,17.42,HOURS,MWT,MESH,,"MEA, DAW, NSL",,24,-6.58,17.42
180,MWT.LOP.2021.055,SAMP 171,LOP,3B,8/19/2021,8/20/2021,16.5,10.12,SUMMER,20,8,2021,3,17.62,HOURS,MWT,MESH,,"MEA, DAW, NSL",,24,-6.38,17.62
181,MWT.LOP.2021.056,SAMP 172,LOP,3B,8/19/2021,8/20/2021,16.5,10.17,SUMMER,20,8,2021,4,17.67,HOURS,MWT,MPT,,"MEA, DAW, NSL",,24,-6.33,17.67
182,MWT.LOP.2021.057,SAMP 175,LOP,2C,8/19/2021,8/20/2021,16.5,10.62,SUMMER,20,8,2021,5,18.12,HOURS,MWT,MESH,,"MEA, DAW, NSL",,24,-5.88,18.12
183,MWT.LOP.2021.058,SAMP 176,LOP,2C,8/19/2021,8/20/2021,16.5,10.62,SUMMER,20,8,2021,6,18.12,HOURS,MWT,MPT,,"MEA, DAW, NSL",,24,-5.88,18.12
184,MWT.LOP.2021.059,SAMP 173,LOP,3C,8/19/2021,8/20/2021,16.5,11.32,SUMMER,20,8,2021,7,18.82,HOURS,MWT,MESH,,"MEA, DAW, NSL",,24,-5.18,18.82
185,MWT.LOP.2021.060,SAMP 174,LOP,3C,8/19/2021,8/20/2021,16.5,11.32,SUMMER,20,8,2021,8,18.82,HOURS,MWT,MPT,,"MEA, DAW, NSL",,24,-5.18,18.82
186,MWT.LOP.2021.061,SAMP 177,LOP,2B,8/19/2021,8/20/2021,16.5,11.48,SUMMER,20,8,2021,9,18.98,HOURS,MWT,MESH,,"MEA, DAW, NSL",,24,-5.02,18.98
187,MWT.LOP.2021.062,SAMP 178,LOP,2B,8/19/2021,8/20/2021,16.5,11.48,SUMMER,20,8,2021,10,18.98,HOURS,MWT,MPT,,"MEA, DAW, NSL",,24,-5.02,18.98
188,MWT.LOP.2021.063,SAMP 179,LOP,2A,8/19/2021,8/20/2021,16.5,11.97,SUMMER,20,8,2021,11,19.47,HOURS,MWT,MESH,,"MEA, DAW, NSL",,24,-4.53,19.47
189,MWT.LOP.2021.064,SAMP 180,LOP,2A,8/19/2021,8/20/2021,16.5,11.97,SUMMER,20,8,2021,12,19.47,HOURS,MWT,MPT,,"MEA, DAW, NSL",,24,-4.53,19.47
190,MWT.LOP.2021.065,SAMP 181,LOP,1C,8/19/2021,8/20/2021,16.5,12.7,SUMMER,20,8,2021,13,20.2,HOURS,MWT,MPT,,"MEA, DAW, NSL",,24,-3.8,20.2
191,MWT.LOP.2021.066,SAMP 182,LOP,1C,8/19/2021,8/20/2021,16.5,12.7,SUMMER,20,8,2021,14,20.2,HOURS,MWT,MESH,,"MEA, DAW, NSL",,24,-3.8,20.2
192,MWT.LOP.2021.067,SAMP 183,LOP,1A,8/19/2021,8/20/2021,16.5,12.5,SUMMER,20,8,2021,15,20,HOURS,MWT,MESH,,"MEA, DAW, NSL",,24,-4,20
193,MWT.LOP.2021.068,SAMP 184,LOP,1A,8/19/2021,8/20/2021,16.5,12.5,SUMMER,20,8,2021,16,20,HOURS,MWT,MPT,,"MEA, DAW, NSL",,24,-4,20
194,MWT.LOP.2021.069,SAMP 185,LOP,1B,8/19/2021,8/20/2021,16.5,12.67,SUMMER,20,8,2021,17,20.17,HOURS,MWT,MESH,,"MEA, DAW, NSL",,24,-3.83,20.17
195,MWT.LOP.2021.070,SAMP 186,LOP,1B,8/19/2021,8/20/2021,16.5,12.67,SUMMER,20,8,2021,18,20.17,HOURS,MWT,MPT,,"MEA, DAW, NSL",,24,-3.83,20.17
196,MWT.LOP.2021.071,SAMP 187,LOP,1B,8/20/2021,8/21/2021,12.67,14.42,SUMMER,21,8,2021,1,25.75,HOURS,MWT,MPT,,"MEA, DAW, NSL",,24,1.75,25.75
197,MWT.LOP.2021.072,SAMP 188,LOP,1B,8/20/2021,8/21/2021,12.67,14.42,SUMMER,21,8,2021,2,25.75,HOURS,MWT,MESH,,"MEA, DAW, NSL",,24,1.75,25.75
198,MWT.LOP.2021.073,SAMP 189,LOP,1C,8/20/2021,8/21/2021,12.7,14.62,SUMMER,21,8,2021,3,25.92,HOURS,MWT,MESH,,"MEA, DAW, NSL",,24,1.92,25.92
199,MWT.LOP.2021.074,SAMP 190,LOP,1C,8/20/2021,8/21/2021,12.7,14.62,SUMMER,21,8,2021,4,25.92,HOURS,MWT,MPT,,"MEA, DAW, NSL",,24,1.92,25.92
200,MWT.LOP.2021.075,SAMP 229,LOP,1A,8/20/2021,8/21/2021,16.5,10.6,SUMMER,21,8,2021,5,18.1,HOURS,MWT,MESH,,"MEA, DAW, NSL",,24,-5.9,18.1
201,MWT.LOP.2021.076,SAMP 230,LOP,1A,8/20/2021,8/21/2021,16.5,10.6,SUMMER,21,8,2021,6,18.1,HOURS,MWT,MPT,,"MEA, DAW, NSL",,24,-5.9,18.1
202,MWT.LOP.2021.077,SAMP 231,LOP,2B,8/20/2021,8/21/2021,16.5,11.45,SUMMER,21,8,2021,7,18.95,HOURS,MWT,MESH,,"MEA, DAW, NSL",,24,-5.05,18.95
203,MWT.LOP.2021.078,SAMP 232,LOP,2B,8/20/2021,8/21/2021,16.5,11.45,SUMMER,21,8,2021,8,18.95,HOURS,MWT,MPT,,"MEA, DAW, NSL",,24,-5.05,18.95
204,MWT.LOP.2021.079,SAMP 233,LOP,2A,8/20/2021,8/21/2021,11.48,11.48,SUMMER,21,8,2021,9,24,HOURS,MWT,MESH,,"MEA, DAW, NSL",,24,0,24
205,MWT.LOP.2021.080,SAMP 234,LOP,2A,8/20/2021,8/21/2021,11.48,11.48,SUMMER,21,8,2021,10,24,HOURS,MWT,MPT,,"MEA, DAW, NSL",,24,0,24
206,MWT.LOP.2021.081,SAMP 191,LOP,3B,8/20/2021,8/21/2021,10.12,15.23,SUMMER,21,8,2021,11,29.11,HOURS,MWT,MESH,,"MEA, DAW, NSL",,24,5.11,29.11
207,MWT.LOP.2021.082,SAMP 192,LOP,3B,8/20/2021,8/21/2021,10.12,15.23,SUMMER,21,8,2021,12,29.11,HOURS,MWT,MPT,,"MEA, DAW, NSL",,24,5.11,29.11
208,MWT.LOP.2021.083,SAMP 195,LOP,3A,8/20/2021,8/21/2021,9.88,15.42,SUMMER,21,8,2021,13,29.54,HOURS,MWT,MESH,,"MEA, DAW, NSL",,24,5.54,29.54
209,MWT.LOP.2021.084,SAMP 196,LOP,3A,8/20/2021,8/21/2021,9.88,15.42,SUMMER,21,8,2021,14,29.54,HOURS,MWT,MPT,,"MEA, DAW, NSL",,24,5.54,29.54
210,MWT.LOP.2021.085,SAMP 193,LOP,3C,8/20/2021,8/21/2021,11.32,16.5,SUMMER,21,8,2021,15,29.18,HOURS,MWT,MESH,,"MEA, DAW, NSL",,24,5.18,29.18
211,MWT.LOP.2021.086,SAMP 194,LOP,3C,8/20/2021,8/21/2021,11.32,16.5,SUMMER,21,8,2021,16,29.18,HOURS,MWT,MPT,,"MEA, DAW, NSL",,24,5.18,29.18
212,MWT.LOP.2021.087,SAMP 205,LOP,2A,8/20/2021,8/21/2021,16.5,16.7,SUMMER,21,8,2021,17,24.2,HOURS,MWT,MPT,,"MEA, DAW, NSL",,24,0.2,24.2
213,MWT.LOP.2021.088,SAMP 206,LOP,2A,8/20/2021,8/21/2021,16.5,16.7,SUMMER,21,8,2021,18,24.2,HOURS,MWT,MESH,,"MEA, DAW, NSL",,24,0.2,24.2
214,MWT.LOP.2021.089,SAMP 199,LOP,2B,8/21/2021,8/21/2021,15.95,16.57,SUMMER,21,8,2021,19,0.62,HOURS,MWT,MESH,,"MEA, DAW, NSL",,0,0.62,0.62
215,MWT.LOP.2021.090,SAMP 200,LOP,2B,8/21/2021,8/21/2021,15.95,16.57,SUMMER,21,8,2021,20,0.62,HOURS,MWT,MPT,,"MEA, DAW, NSL",,0,0.62,0.62
216,MWT.LOP.2021.091,SAMP 201,LOP,2A,8/21/2021,8/21/2021,16.7,16.67,SUMMER,21,8,2021,21,-0.03,HOURS,MWT,MESH,,"MEA, DAW, NSL",,0,-0.03,-0.03
217,MWT.LOP.2021.092,SAMP 202,LOP,2A,8/21/2021,8/21/2021,16.7,16.67,SUMMER,21,8,2021,22,-0.03,HOURS,MWT,MPT,,"MEA, DAW, NSL",,0,-0.03,-0.03
218,MWT.LOP.2021.093,SAMP 197,LOP,2C,8/20/2021,8/21/2021,16.5,16.75,SUMMER,21,8,2021,23,24.25,HOURS,MWT,MESH,,"MEA, DAW, NSL",,24,0.25,24.25
219,MWT.LOP.2021.094,SAMP 198,LOP,2C,8/20/2021,8/21/2021,16.5,16.75,SUMMER,21,8,2021,24,24.25,HOURS,MWT,MPT,,"MEA, DAW, NSL",,24,0.25,24.25
220,MWT.LOP.2021.095,SAMP 203,LOP,2B,8/20/2021,8/21/2021,16.5,16.95,SUMMER,21,8,2021,25,24.45,HOURS,MWT,MESH,,"MEA, DAW, NSL",,24,0.45,24.45
221,MWT.LOP.2021.096,SAMP 204,LOP,2B,8/20/2021,8/21/2021,16.5,16.95,SUMMER,21,8,2021,26,24.45,HOURS,MWT,MPT,,"MEA, DAW, NSL",,24,0.45,24.45
222,MWT.LOP.2021.097,SAMP 207,LOP,1A,8/20/2021,8/21/2021,16.5,16.75,SUMMER,21,8,2021,27,24.25,HOURS,MWT,MESH,,"MEA, DAW, NSL",,24,0.25,24.25
223,MWT.LOP.2021.098,SAMP 208,LOP,1A,8/20/2021,8/21/2021,16.5,16.75,SUMMER,21,8,2021,28,24.25,HOURS,MWT,MPT,,"MEA, DAW, NSL",,24,0.25,24.25
224,MWT.LOP.2021.100,SAMP 216,LOP,1B,8/21/2021,8/22/2021,17,9.23,SUMMER,22,8,2021,1,16.23,HOURS,MWT,MPT,,"MEA, DAW, NSL",,24,-7.77,16.23
225,MWT.LOP.2021.101,SAMP 217,LOP,1B,8/21/2021,8/22/2021,17,9.23,SUMMER,22,8,2021,2,16.23,HOURS,MWT,MESH,,"MEA, DAW, NSL",,24,-7.77,16.23
226,MWT.LOP.2021.102,SAMP 620,LOP,1B,8/22/2021,8/22/2021,9,9.5,SUMMER,22,8,2021,3,0.5,HOURS,MWT,MPT,,"MEA, DAW, NSL",,0,0.5,0.5
227,MWT.LOP.2021.103,SAMP 621,LOP,1B,8/22/2021,8/22/2021,9,9.5,SUMMER,22,8,2021,4,0.5,HOURS,MWT,MESH,,"MEA, DAW, NSL",,0,0.5,0.5
228,MWT.LOP.2021.104,SAMP 209,LOP,2A,8/21/2021,8/22/2021,16.7,9.62,SUMMER,22,8,2021,5,16.92,HOURS,MWT,MESH,,"MEA, DAW, NSL",,24,-7.08,16.92
229,MWT.LOP.2021.105,SAMP 210,LOP,2A,8/21/2021,8/22/2021,16.7,9.62,SUMMER,22,8,2021,6,16.92,HOURS,MWT,MPT,,"MEA, DAW, NSL",,24,-7.08,16.92
230,MWT.LOP.2021.106,SAMP 618,LOP,1C,8/21/2021,8/22/2021,15.25,9.68,SUMMER,22,8,2021,7,18.43,HOURS,MWT,MPT,,"MEA, DAW, NSL",,24,-5.57,18.43
231,MWT.LOP.2021.107,SAMP 619,LOP,1C,8/21/2021,8/22/2021,15.25,9.68,SUMMER,22,8,2021,8,18.43,HOURS,MWT,MESH,,"MEA, DAW, NSL",,24,-5.57,18.43
232,MWT.LOP.2021.108,SAMP 211,LOP,2B,8/21/2021,8/22/2021,15.95,9.73,SUMMER,22,8,2021,9,17.78,HOURS,MWT,MESH,,"MEA, DAW, NSL",,24,-6.22,17.78
233,MWT.LOP.2021.109,SAMP 212,LOP,2B,8/21/2021,8/22/2021,15.95,9.73,SUMMER,22,8,2021,10,17.78,HOURS,MWT,MPT,,"MEA, DAW, NSL",,24,-6.22,17.78
234,MWT.LOP.2021.110,SAMP 213,LOP,2C,8/21/2021,8/22/2021,15.75,9.8,SUMMER,22,8,2021,11,18.05,HOURS,MWT,MESH,,"MEA, DAW, NSL",,24,-5.95,18.05
235,MWT.LOP.2021.111,SAMP 214,LOP,2C,8/21/2021,8/22/2021,15.75,9.8,SUMMER,22,8,2021,12,18.05,HOURS,MWT,MESH,,"MEA, DAW, NSL",,24,-5.95,18.05
236,MWT.LOP.2021.112,SAMP 215,LOP,2C,8/21/2021,8/22/2021,15.75,9.8,SUMMER,22,8,2021,13,18.05,HOURS,MWT,MPT,,"MEA, DAW, NSL",,24,-5.95,18.05
237,MWT.LOP.2021.113,SAMP 218,LOP,3A,8/21/2021,8/22/2021,15.42,10.1,SUMMER,22,8,2021,14,18.68,HOURS,MWT,MPT,,"MEA, DAW, NSL",,24,-5.32,18.68
238,MWT.LOP.2021.114,SAMP 219,LOP,3A,8/21/2021,8/22/2021,15.42,10.1,SUMMER,22,8,2021,15,18.68,HOURS,MWT,MESH,,"MEA, DAW, NSL",,24,-5.32,18.68
239,MWT.LOP.2021.115,SAMP 622,LOP,1C,8/22/2021,8/22/2021,9.68,10.2,SUMMER,22,8,2021,16,0.52,HOURS,MWT,MPT,,"MEA, DAW, NSL",,0,0.52,0.52
240,MWT.LOP.2021.116,SAMP 22.5,LOP,1C,8/22/2021,8/22/2021,9.68,10.2,SUMMER,22,8,2021,17,0.52,HOURS,MWT,MESH,,"MEA, DAW, NSL",,0,0.52,0.52
241,MWT.LOP.2021.117,SAMP 220,LOP,3B,8/21/2021,8/22/2021,15.23,10.22,SUMMER,22,8,2021,18,18.99,HOURS,MWT,MESH,,"MEA, DAW, NSL",,24,-5.01,18.99
242,MWT.LOP.2021.118,SAMP 221,LOP,3B,8/21/2021,8/22/2021,15.23,10.22,SUMMER,22,8,2021,19,18.99,HOURS,MWT,MPT,,"MEA, DAW, NSL",,24,-5.01,18.99
243,MWT.LOP.2021.119,SAMP 222,LOP,3C,8/21/2021,8/22/2021,16.5,10.32,SUMMER,22,8,2021,20,17.82,HOURS,MWT,MESH,,"MEA, DAW, NSL",,24,-6.18,17.82
244,MWT.LOP.2021.120,SAMP 223,LOP,3C,8/21/2021,8/22/2021,16.5,10.32,SUMMER,22,8,2021,21,17.82,HOURS,MWT,MPT,,"MEA, DAW, NSL",,24,-6.18,17.82
245,MWT.LOP.2021.121,SAMP 623,LOP,1C,8/22/2021,8/22/2021,10.2,11.23,SUMMER,22,8,2021,22,1.03,HOURS,MWT,MESH,,"MEA, DAW, NSL",,0,1.03,1.03
246,MWT.LOP.2021.122,SAMP 624,LOP,1C,8/22/2021,8/22/2021,10.2,11.28,SUMMER,22,8,2021,23,1.08,HOURS,MWT,MPT,,"MEA, DAW, NSL",,0,1.08,1.08
247,MWT.LOP.2021.123,SAMP 625,LOP,1B,8/22/2021,8/22/2021,9.87,11.42,SUMMER,22,8,2021,24,1.55,HOURS,MWT,MPT,,"MEA, DAW, NSL",,0,1.55,1.55
248,MWT.LOP.2021.124,SAMP 626,LOP,1B,8/22/2021,8/22/2021,9.87,11.42,SUMMER,22,8,2021,25,1.55,HOURS,MWT,MESH,,"MEA, DAW, NSL",,0,1.55,1.55
249,MWT.LOP.2021.125,SAMP 627,LOP,1C,8/22/2021,8/22/2021,11.42,11.92,SUMMER,22,8,2021,26,0.5,HOURS,MWT,MPT,,"MEA, DAW, NSL",,0,0.5,0.5
250,MWT.LOP.2021.126,SAMP 628,LOP,1C,8/22/2021,8/22/2021,11.42,11.92,SUMMER,22,8,2021,27,0.5,HOURS,MWT,MESH,,"MEA, DAW, NSL",,0,0.5,0.5
251,MWT.LOP.2021.127,SAMP 629,LOP,1B,8/22/2021,8/22/2021,11.42,11.92,SUMMER,22,8,2021,28,0.5,HOURS,MWT,MPT,,"MEA, DAW, NSL",,0,0.5,0.5
252,MWT.WFL.2021.001,SAMP 243,WFL,1A,9/9/2021,9/10/2021,16.5,9.5,FALL,10,9,2021,1,17,HOURS,MWT,MESH,,"MEA, DAW, NSL",,24,-7,17
253,MWT.WFL.2021.002,SAMP 244,WFL,1A,9/9/2021,9/10/2021,16.5,9.5,FALL,10,9,2021,2,17,HOURS,MWT,MPT,,"MEA, DAW, NSL",,24,-7,17
254,MWT.WFL.2021.003,SAMP 235,WFL,1B,9/9/2021,9/10/2021,16.5,10,FALL,10,9,2021,3,17.5,HOURS,MWT,MESH,,"MEA, DAW, NSL",,24,-6.5,17.5
255,MWT.WFL.2021.004,SAMP 236,WFL,1B,9/9/2021,9/10/2021,16.5,10,FALL,10,9,2021,4,17.5,HOURS,MWT,MPT,,"MEA, DAW, NSL",,24,-6.5,17.5
256,MWT.WFL.2021.005,SAMP 245,WFL,1C,9/9/2021,9/10/2021,16.5,10.25,FALL,10,9,2021,5,17.75,HOURS,MWT,MESH,,"MEA, DAW, NSL",,24,-6.25,17.75
257,MWT.WFL.2021.006,SAMP 246,WFL,1C,9/9/2021,9/10/2021,16.5,10.25,FALL,10,9,2021,6,17.75,HOURS,MWT,MPT,,"MEA, DAW, NSL",,24,-6.25,17.75
258,MWT.WFL.2021.007,SAMP 237,WFL,2A,9/9/2021,9/10/2021,16,10.6,FALL,10,9,2021,7,18.6,HOURS,MWT,MPT,,"MEA, DAW, NSL",,24,-5.4,18.6
259,MWT.WFL.2021.008,SAMP 238,WFL,2A,9/9/2021,9/10/2021,16,10.6,FALL,10,9,2021,8,18.6,HOURS,MWT,MESH,,"MEA, DAW, NSL",,24,-5.4,18.6
260,MWT.WFL.2021.009,SAMP 239,WFL,2B,9/9/2021,9/10/2021,16,11.2,FALL,10,9,2021,9,19.2,HOURS,MWT,MESH,,"MEA, DAW, NSL",,24,-4.8,19.2
261,MWT.WFL.2021.010,SAMP 240,WFL,2B,9/9/2021,9/10/2021,16,11.2,FALL,10,9,2021,10,19.2,HOURS,MWT,MPT,,"MEA, DAW, NSL",,24,-4.8,19.2
262,MWT.WFL.2021.011,SAMP 241,WFL,2C,9/9/2021,9/10/2021,16,11.33,FALL,10,9,2021,11,19.33,HOURS,MWT,MESH,,"MEA, DAW, NSL",,24,-4.67,19.33
263,MWT.WFL.2021.012,SAMP 242,WFL,2C,9/9/2021,9/10/2021,16,11.33,FALL,10,9,2021,12,19.33,HOURS,MWT,MPT,,"MEA, DAW, NSL",,24,-4.67,19.33
264,MWT.WFL.2021.013,SAMP 247,WFL,2D,9/9/2021,9/10/2021,16,11.67,FALL,10,9,2021,13,19.67,HOURS,MWT,MESH,,"MEA, DAW, NSL",,24,-4.33,19.67
265,MWT.WFL.2021.014,SAMP 248,WFL,2D,9/9/2021,9/10/2021,16,11.67,FALL,10,9,2021,14,19.67,HOURS,MWT,MPT,,"MEA, DAW, NSL",,24,-4.33,19.67
266,MWT.WFL.2021.015,SAMP 249,WFL,2E,9/9/2021,9/10/2021,16,11.83,FALL,10,9,2021,15,19.83,HOURS,MWT,MESH,,"MEA, DAW, NSL",,24,-4.17,19.83
267,MWT.WFL.2021.016,SAMP 250,WFL,2E,9/9/2021,9/10/2021,16,11.83,FALL,10,9,2021,16,19.83,HOURS,MWT,MPT,,"MEA, DAW, NSL",,24,-4.17,19.83
268,MWT.WFL.2021.017,SAMP 251,WFL,3A,9/9/2021,9/10/2021,15.5,12.5,FALL,10,9,2021,17,21,HOURS,MWT,MESH,,"MEA, DAW, NSL",,24,-3,21
269,MWT.WFL.2021.018,SAMP 252,WFL,3A,9/9/2021,9/10/2021,15.5,12.5,FALL,10,9,2021,18,21,HOURS,MWT,MPT,,"MEA, DAW, NSL",,24,-3,21
270,MWT.WFL.2021.019,SAMP 253,WFL,3B,9/9/2021,9/10/2021,15.5,12.67,FALL,10,9,2021,19,21.17,HOURS,MWT,MESH,,"MEA, DAW, NSL",,24,-2.83,21.17
271,MWT.WFL.2021.020,SAMP 254,WFL,3B,9/9/2021,9/10/2021,15.5,12.67,FALL,10,9,2021,20,21.17,HOURS,MWT,MPT,,"MEA, DAW, NSL",,24,-2.83,21.17
272,MWT.WFL.2021.021,SAMP 255,WFL,3C,9/9/2021,9/10/2021,15.5,13,FALL,10,9,2021,21,21.5,HOURS,MWT,MESH,,"MEA, DAW, NSL",,24,-2.5,21.5
273,MWT.WFL.2021.022,SAMP 256,WFL,3C,9/9/2021,9/10/2021,15.5,13,FALL,10,9,2021,22,21.5,HOURS,MWT,MPT,,"MEA, DAW, NSL",,24,-2.5,21.5
274,MWT.WFL.2021.023,SAMP 257,WFL,2S,9/9/2021,9/10/2021,16,14.67,FALL,10,9,2021,23,22.67,HOURS,MWT,MESH,,"MEA, DAW, NSL",,24,-1.33,22.67
275,MWT.WFL.2021.024,SAMP 258,WFL,1A,9/10/2021,9/11/2021,9.5,10.75,FALL,11,9,2021,1,25.25,HOURS,MWT,MESH,,"MEA, DAW, NSL",,24,1.25,25.25
276,MWT.WFL.2021.025,SAMP 259,WFL,1A,9/10/2021,9/11/2021,9.5,10.75,FALL,11,9,2021,2,25.25,HOURS,MWT,MPT,,"MEA, DAW, NSL",,24,1.25,25.25
277,MWT.WFL.2021.026,SAMP 260,WFL,1B,9/10/2021,9/11/2021,10,11.7,FALL,11,9,2021,3,25.7,HOURS,MWT,MESH,,"MEA, DAW, NSL",,24,1.7,25.7
278,MWT.WFL.2021.027,SAMP 261,WFL,1B,9/10/2021,9/11/2021,10,11.7,FALL,11,9,2021,4,25.7,HOURS,MWT,MPT,,"MEA, DAW, NSL",,24,1.7,25.7
279,MWT.WFL.2021.028,SAMP 262,WFL,1C,9/10/2021,9/11/2021,10.25,11.27,FALL,11,9,2021,5,25.02,HOURS,MWT,MESH,,"MEA, DAW, NSL",,24,1.02,25.02
280,MWT.WFL.2021.029,SAMP 263,WFL,1C,9/10/2021,9/11/2021,10.25,11.27,FALL,11,9,2021,6,25.02,HOURS,MWT,MPT,,"MEA, DAW, NSL",,24,1.02,25.02
281,MWT.WFL.2021.030,SAMP 264,WFL,1C,9/10/2021,9/11/2021,10.25,11.27,FALL,11,9,2021,7,25.02,HOURS,MWT,MMT,,"MEA, DAW, NSL",,24,1.02,25.02
282,MWT.WFL.2021.031,SAMP 265,WFL,2S,9/10/2021,9/11/2021,14.67,11.48,FALL,11,9,2021,8,20.81,HOURS,MWT,MESH,,"MEA, DAW, NSL",,24,-3.19,20.81
283,MWT.WFL.2021.032,SAMP 266,WFL,2A,9/10/2021,9/11/2021,10.6,11.68,FALL,11,9,2021,9,25.08,HOURS,MWT,MESH,,"MEA, DAW, NSL",,24,1.08,25.08
284,MWT.WFL.2021.033,SAMP 267,WFL,2A,9/10/2021,9/11/2021,10.6,11.68,FALL,11,9,2021,10,25.08,HOURS,MWT,MPT,,"MEA, DAW, NSL",,24,1.08,25.08
285,MWT.WFL.2021.034,SAMP 268,WFL,2B,9/10/2021,9/11/2021,11.2,11.93,FALL,11,9,2021,11,24.73,HOURS,MWT,MESH,,"MEA, DAW, NSL",,24,0.73,24.73
286,MWT.WFL.2021.035,SAMP 269,WFL,2B,9/10/2021,9/11/2021,11.2,11.93,FALL,11,9,2021,12,24.73,HOURS,MWT,MMT,,"MEA, DAW, NSL",,24,0.73,24.73
287,MWT.WFL.2021.036,SAMP 270,WFL,2B,9/10/2021,9/11/2021,11.2,11.93,FALL,11,9,2021,13,24.73,HOURS,MWT,MPT,,"MEA, DAW, NSL",,24,0.73,24.73
288,MWT.WFL.2021.037,SAMP 271,WFL,2C,9/10/2021,9/11/2021,11.33,12.13,FALL,11,9,2021,14,24.8,HOURS,MWT,MESH,,"MEA, DAW, NSL",,24,0.8,24.8
289,MWT.WFL.2021.038,SAMP 272,WFL,2C,9/10/2021,9/11/2021,11.33,12.13,FALL,11,9,2021,15,24.8,HOURS,MWT,MPT,,"MEA, DAW, NSL",,24,0.8,24.8
290,MWT.WFL.2021.039,SAMP 273,WFL,2D,9/10/2021,9/11/2021,11.67,12.25,FALL,11,9,2021,16,24.58,HOURS,MWT,MESH,,"MEA, DAW, NSL",,24,0.58,24.58
291,MWT.WFL.2021.040,SAMP 274,WFL,2D,9/10/2021,9/11/2021,11.67,12.25,FALL,11,9,2021,17,24.58,HOURS,MWT,MPT,,"MEA, DAW, NSL",,24,0.58,24.58
292,MWT.WFL.2021.041,SAMP 275,WFL,2E,9/10/2021,9/11/2021,11.83,12.6,FALL,11,9,2021,18,24.77,HOURS,MWT,MESH,,"MEA, DAW, NSL",,24,0.77,24.77
293,MWT.WFL.2021.042,SAMP 276,WFL,2E,9/10/2021,9/11/2021,11.83,12.6,FALL,11,9,2021,19,24.77,HOURS,MWT,MPT,,"MEA, DAW, NSL",,24,0.77,24.77
294,MWT.WFL.2021.043,SAMP 277,WFL,3A,9/10/2021,9/11/2021,12.5,12.85,FALL,11,9,2021,20,24.35,HOURS,MWT,MESH,,"MEA, DAW, NSL",,24,0.35,24.35
295,MWT.WFL.2021.044,SAMP 278,WFL,3A,9/10/2021,9/11/2021,12.5,12.85,FALL,11,9,2021,21,24.35,HOURS,MWT,MPT,,"MEA, DAW, NSL",,24,0.35,24.35
296,MWT.WFL.2021.045,SAMP 279,WFL,3A,9/10/2021,9/11/2021,12.5,12.85,FALL,11,9,2021,22,24.35,HOURS,MWT,MESH,,"MEA, DAW, NSL",,24,0.35,24.35
297,MWT.WFL.2021.046,SAMP 280,WFL,3B,9/10/2021,9/11/2021,12.67,13.25,FALL,11,9,2021,23,24.58,HOURS,MWT,MESH,,"MEA, DAW, NSL",,24,0.58,24.58
298,MWT.WFL.2021.047,SAMP 281,WFL,3B,9/10/2021,9/11/2021,12.67,13.25,FALL,11,9,2021,24,24.58,HOURS,MWT,MT,,"MEA, DAW, NSL",,24,0.58,24.58
299,MWT.WFL.2021.048,SAMP 282,WFL,3B,9/10/2021,9/11/2021,12.67,13.25,FALL,11,9,2021,25,24.58,HOURS,MWT,MMT,,"MEA, DAW, NSL",,24,0.58,24.58
300,MWT.WFL.2021.049,SAMP 283,WFL,3C,9/10/2021,9/11/2021,13,13.5,FALL,11,9,2021,26,24.5,HOURS,MWT,MESH,,"MEA, DAW, NSL",,24,0.5,24.5
301,MWT.WFL.2021.050,SAMP 284,WFL,3C,9/10/2021,9/11/2021,13,13.5,FALL,11,9,2021,27,24.5,HOURS,MWT,MPT,,"MEA, DAW, NSL",,24,0.5,24.5
302,MWT.WFL.2021.051,SAMP 286,WFL,3C,9/11/2021,9/12/2021,13,9.92,FALL,12,9,2021,1,20.92,HOURS,MWT,MESH,,"MEA, DAW, NSL",,24,-3.08,20.92
303,MWT.WFL.2021.052,SAMP 287,WFL,3C,9/11/2021,9/12/2021,13,9.92,FALL,12,9,2021,2,20.92,HOURS,MWT,MPT,,"MEA, DAW, NSL",,24,-3.08,20.92
304,MWT.WFL.2021.053,SAMP 288,WFL,3B,9/11/2021,9/12/2021,12.67,10,FALL,12,9,2021,3,21.33,HOURS,MWT,MESH,,"MEA, DAW, NSL",,24,-2.67,21.33
305,MWT.WFL.2021.054,SAMP 289,WFL,3B,9/11/2021,9/12/2021,12.67,10,FALL,12,9,2021,4,21.33,HOURS,MWT,MPT,,"MEA, DAW, NSL",,24,-2.67,21.33
306,MWT.WFL.2021.055,SAMP 290,WFL,3B,9/11/2021,9/12/2021,12.67,10,FALL,12,9,2021,5,21.33,HOURS,MWT,MMT,,"MEA, DAW, NSL",,24,-2.67,21.33
307,MWT.WFL.2021.056,SAMP 291,WFL,3A,9/11/2021,9/12/2021,12.5,10.35,FALL,12,9,2021,6,21.85,HOURS,MWT,MESH,,"MEA, DAW, NSL",,24,-2.15,21.85
308,MWT.WFL.2021.057,SAMP 292,WFL,3A,9/11/2021,9/12/2021,12.5,10.35,FALL,12,9,2021,7,21.85,HOURS,MWT,MPT,,"MEA, DAW, NSL",,24,-2.15,21.85
309,MWT.WFL.2021.058,SAMP 293,WFL,2E,9/11/2021,9/12/2021,12.6,10.57,FALL,12,9,2021,8,21.97,HOURS,MWT,MESH,,"MEA, DAW, NSL",,24,-2.03,21.97
310,MWT.WFL.2021.059,SAMP 294,WFL,2E,9/11/2021,9/12/2021,12.6,10.57,FALL,12,9,2021,9,21.97,HOURS,MWT,MPT,,"MEA, DAW, NSL",,24,-2.03,21.97
311,MWT.WFL.2021.060,SAMP 295,WFL,2D,9/11/2021,9/12/2021,12.25,10.72,FALL,12,9,2021,10,22.47,HOURS,MWT,MESH,,"MEA, DAW, NSL",,24,-1.53,22.47
312,MWT.WFL.2021.061,SAMP 296,WFL,2D,9/11/2021,9/12/2021,12.25,10.72,FALL,12,9,2021,11,22.47,HOURS,MWT,MPT,,"MEA, DAW, NSL",,24,-1.53,22.47
313,MWT.WFL.2021.062,SAMP 297,WFL,2C,9/11/2021,9/12/2021,12.13,10.87,FALL,12,9,2021,12,22.74,HOURS,MWT,MESH,,"MEA, DAW, NSL",,24,-1.26,22.74
314,MWT.WFL.2021.063,SAMP 298,WFL,2C,9/11/2021,9/12/2021,12.13,10.87,FALL,12,9,2021,13,22.74,HOURS,MWT,MPT,,"MEA, DAW, NSL",,24,-1.26,22.74
315,MWT.WFL.2021.064,SAMP 299,WFL,2B,9/11/2021,9/12/2021,11.93,11.8,FALL,12,9,2021,14,23.87,HOURS,MWT,MESH,,"MEA, DAW, NSL",,24,-0.13,23.87
316,MWT.WFL.2021.065,SAMP 300,WFL,2B,9/11/2021,9/12/2021,11.93,11.8,FALL,12,9,2021,15,23.87,HOURS,MWT,MMT,,"MEA, DAW, NSL",,24,-0.13,23.87
317,MWT.WFL.2021.066,SAMP 301,WFL,2B,9/11/2021,9/12/2021,11.93,11.8,FALL,12,9,2021,16,23.87,HOURS,MWT,MPT,,"MEA, DAW, NSL",,24,-0.13,23.87
318,MWT.WFL.2021.067,SAMP 302,WFL,2A,9/11/2021,9/12/2021,11.68,11.17,FALL,12,9,2021,17,23.49,HOURS,MWT,MESH,,"MEA, DAW, NSL",,24,-0.51,23.49
319,MWT.WFL.2021.068,SAMP 303,WFL,2A,9/11/2021,9/12/2021,11.68,11.17,FALL,12,9,2021,18,23.49,HOURS,MWT,MPT,,"MEA, DAW, NSL",,24,-0.51,23.49
320,MWT.WFL.2021.069,SAMP 304,WFL,2S,9/11/2021,9/12/2021,11.48,11.25,FALL,12,9,2021,19,23.77,HOURS,MWT,MESH,,"MEA, DAW, NSL",,24,-0.23,23.77
321,MWT.WFL.2021.070,SAMP 305,WFL,1C,9/11/2021,9/12/2021,11.27,11.5,FALL,12,9,2021,20,24.23,HOURS,MWT,MMT,,"MEA, DAW, NSL",,24,0.23,24.23
322,MWT.WFL.2021.071,SAMP 306,WFL,1C,9/11/2021,9/12/2021,11.27,11.5,FALL,12,9,2021,21,24.23,HOURS,MWT,MESH,,"MEA, DAW, NSL",,24,0.23,24.23
323,MWT.WFL.2021.072,SAMP 307,WFL,1C,9/11/2021,9/12/2021,11.27,11.5,FALL,12,9,2021,22,24.23,HOURS,MWT,MPT,,"MEA, DAW, NSL",,24,0.23,24.23
324,MWT.WFL.2021.073,SAMP 308,WFL,1B,9/11/2021,9/12/2021,11.7,11.75,FALL,12,9,2021,23,24.05,HOURS,MWT,MESH,,"MEA, DAW, NSL",,24,0.05,24.05
325,MWT.WFL.2021.074,SAMP 309,WFL,1B,9/11/2021,9/12/2021,11.7,11.75,FALL,12,9,2021,24,24.05,HOURS,MWT,MPT,,"MEA, DAW, NSL",,24,0.05,24.05
326,MWT.WFL.2021.075,SAMP 310,WFL,1A,9/11/2021,9/12/2021,10.75,12.17,FALL,12,9,2021,25,25.42,HOURS,MWT,MESH,,"MEA, DAW, NSL",,24,1.42,25.42
327,MWT.WFL.2021.076,SAMP 311,WFL,1A,9/11/2021,9/12/2021,10.75,12.17,FALL,12,9,2021,26,25.42,HOURS,MWT,MPT,,"MEA, DAW, NSL",,24,1.42,25.42
328,MWT.HRM.2021.001,SAMP 312,HRM_BW2,1,9/23/2021,9/24/2021,16,10,FALL,24,9,2021,1,18,HOURS,MWT,MMT,,MEA,,24,-6,18
329,MWT.HRM.2021.002,SAMP 313,HRM_BW2,1,9/23/2021,9/24/2021,16,10,FALL,24,9,2021,2,18,HOURS,MWT,MMT,,MEA,,24,-6,18
330,MWT.HRM.2021.003,SAMP 314,HRM_SHI,1,9/23/2021,9/24/2021,15.75,10.58,FALL,24,9,2021,1,18.83,HOURS,MWT,MMT,,MEA,,24,-5.17,18.83
331,MWT.HRM.2021.004,SAMP 315,HRM_SHI,1,9/23/2021,9/24/2021,15.75,10.58,FALL,24,9,2021,2,18.83,HOURS,MWT,MMT,,MEA,,24,-5.17,18.83
332,MWT.HRM.2021.005,SAMP 316,HRM_FOR,1,9/23/2021,9/24/2021,15.5,11.5,FALL,24,9,2021,1,20,HOURS,MWT,MMT,,MEA,,24,-4,20
333,MWT.HRM.2021.006,SAMP 317,HRM_FOR,1,9/23/2021,9/24/2021,15.5,12.13,FALL,24,9,2021,2,20.63,HOURS,MWT,MMT,,MEA,,24,-3.37,20.63
334,MWT.HRM.2021.007,SAMP 318,HRM_FOR,1,9/23/2021,9/24/2021,15.5,12.25,FALL,24,9,2021,3,20.75,HOURS,MWT,MMT,,MEA,,24,-3.25,20.75
335,MWT.HRM.2021.008,SAMP 319,HRM_BAR,1,9/23/2021,9/24/2021,15,13,FALL,24,9,2021,1,22,HOURS,MWT,MMT,,MEA,,24,-2,22
336,MWT.HRM.2021.009,SAMP 320,HRM_BAR,1,9/23/2021,9/24/2021,15,13,FALL,24,9,2021,2,22,HOURS,MWT,MMT,,MEA,,24,-2,22
337,MWT.HRM.2021.010,SAMP 321,HRM_BAR,1,9/23/2021,9/24/2021,15,13,FALL,24,9,2021,3,22,HOURS,MWT,MMT,,MEA,,24,-2,22
338,MWT.HRM.2021.011,SAMP 322,HRM_BAR,1,9/24/2021,9/25/2021,13,10.7,FALL,25,9,2021,1,21.7,HOURS,MWT,MMT,,MEA,,24,-2.3,21.7
339,MWT.HRM.2021.012,SAMP 323,HRM_BAR,1,9/24/2021,9/25/2021,13,10.7,FALL,25,9,2021,2,21.7,HOURS,MWT,MMT,,MEA,,24,-2.3,21.7
340,MWT.HRM.2021.013,SAMP 324,HRM_BAR,1,9/24/2021,9/25/2021,13,10.7,FALL,25,9,2021,3,21.7,HOURS,MWT,MMT,,MEA,,24,-2.3,21.7
341,MWT.HRM.2021.014,SAMP 325,HRM_FOR,1,9/24/2021,9/25/2021,12.25,10.78,FALL,25,9,2021,1,22.53,HOURS,MWT,MMT,,MEA,,24,-1.47,22.53
342,MWT.HRM.2021.015,SAMP 327,HRM_FOR,1,9/24/2021,9/25/2021,12.25,10.95,FALL,25,9,2021,2,22.7,HOURS,MWT,MMT,,MEA,,24,-1.3,22.7
343,MWT.HRM.2021.016,SAMP 326,HRM_FOR,1,9/24/2021,9/25/2021,12.25,11.17,FALL,25,9,2021,3,22.92,HOURS,MWT,MMT,,MEA,,24,-1.08,22.92
344,MWT.HRM.2021.017,SAMP 329,HRM_SHI,1,9/24/2021,9/25/2021,10.58,11.83,FALL,25,9,2021,1,25.25,HOURS,MWT,MMT,,MEA,,24,1.25,25.25
345,MWT.HRM.2021.018,SAMP 328,HRM_SHI,1,9/24/2021,9/25/2021,10.58,11.9,FALL,25,9,2021,2,25.32,HOURS,MWT,MMT,,MEA,,24,1.32,25.32
346,MWT.HRM.2021.019,SAMP 330,HRM_SHI,1,9/24/2021,9/25/2021,10.58,12.63,FALL,25,9,2021,3,26.05,HOURS,MWT,MMT,,MEA,,24,2.05,26.05
347,MWT.HRM.2021.020,SAMP 331,HRM_BW2,1,9/24/2021,9/25/2021,10,12.63,FALL,25,9,2021,1,26.63,HOURS,MWT,MMT,,MEA,,24,2.63,26.63
348,MWT.HRM.2021.021,SAMP 332,HRM_BW2,1,9/24/2021,9/25/2021,10,12.63,FALL,25,9,2021,2,26.63,HOURS,MWT,MMT,,MEA,,24,2.63,26.63
349,MWT.HRM.2021.022,SAMP 333,HRM_BW2,1,9/24/2021,9/25/2021,10,12.63,FALL,25,9,2021,3,26.63,HOURS,MWT,MMT,,MEA,,24,2.63,26.63
350,MWT.HRM.2021.023,SAMP 334,HRM_BW2,1,9/25/2021,9/26/2021,12.63,9.93,FALL,26,9,2021,1,21.3,HOURS,MWT,MMT,,MEA,,24,-2.7,21.3
351,MWT.HRM.2021.024,SAMP 335,HRM_BW2,1,9/25/2021,9/26/2021,12.63,9.93,FALL,26,9,2021,2,21.3,HOURS,MWT,MMT,,MEA,,24,-2.7,21.3
352,MWT.HRM.2021.025,SAMP 336,HRM_BW2,1,9/25/2021,9/26/2021,12.63,9.93,FALL,26,9,2021,3,21.3,HOURS,MWT,MMT,,MEA,,24,-2.7,21.3
353,MWT.HRM.2021.026,SAMP 337,HRM_SHI,1,9/25/2021,9/26/2021,12.5,10.33,FALL,26,9,2021,1,21.83,HOURS,MWT,MMT,DFB,MEA,,24,-2.17,21.83
354,MWT.HRM.2021.027,SAMP 338,HRM_SHI,1,9/25/2021,9/26/2021,12.5,10.33,FALL,26,9,2021,2,21.83,HOURS,MWT,MMT,DFB,MEA,,24,-2.17,21.83
355,MWT.HRM.2021.028,SAMP 339,HRM_SHI,1,9/25/2021,9/26/2021,12.5,10.33,FALL,26,9,2021,3,21.83,HOURS,MWT,MMT,DFB,MEA,,24,-2.17,21.83
356,MWT.HRM.2021.029,SAMP 340,HRM_FOR,1,9/25/2021,9/26/2021,11.25,11,FALL,26,9,2021,1,23.75,HOURS,MWT,MMT,DFB,MEA,,24,-0.25,23.75
357,MWT.HRM.2021.030,SAMP 341,HRM_FOR,1,9/25/2021,9/26/2021,12.25,11.25,FALL,26,9,2021,2,23,HOURS,MWT,MMT,DFB,MEA,,24,-1,23
358,MWT.HRM.2021.031,SAMP 342,HRM_FOR,1,9/25/2021,9/26/2021,13.25,11.25,FALL,26,9,2021,3,22,HOURS,MWT,MMT,DFB,MEA,,24,-2,22
359,MWT.HRM.2021.032,SAMP 343,HRM_BAR,1,9/25/2021,9/26/2021,10.8,12.5,FALL,26,9,2021,1,25.7,HOURS,MWT,MMT,DFB,MEA,,24,1.7,25.7
360,MWT.HRM.2021.033,SAMP 344,HRM_BAR,1,9/25/2021,9/26/2021,10.8,12.5,FALL,26,9,2021,2,25.7,HOURS,MWT,MMT,DFB,MEA,,24,1.7,25.7
361,MWT.HRM.2021.034,SAMP 345,HRM_BAR,1,9/25/2021,9/26/2021,10.8,12.5,FALL,26,9,2021,3,25.7,HOURS,MWT,MMT,DFB,MEA,,24,1.7,25.7
362,MWT.HRM.2021.035,SAMP 346,HRM_BW2,1,9/26/2021,9/26/2021,10,13.83,FALL,26,9,2021,4,3.83,HOURS,MWT,MMT,DFB,MEA,,0,3.83,3.83
363,MWT.HRM.2021.036,SAMP 347,HRM_BW2,1,9/26/2021,9/26/2021,10,13.92,FALL,26,9,2021,5,3.92,HOURS,MWT,MMT,DFB,MEA,,0,3.92,3.92
364,MWT.HRM.2021.037,SAMP 348,HRM_BW2,1,9/26/2021,9/26/2021,10,14.8,FALL,26,9,2021,6,4.8,HOURS,MWT,MMT,DFB,MEA,,0,4.8,4.8
365,MWT.HRM.2021.038,SAMP 349,HRM_SHI,1,9/26/2021,9/26/2021,10.33,14.62,FALL,26,9,2021,4,4.29,HOURS,MWT,MMT,DFB,MEA,,0,4.29,4.29
366,MWT.HRM.2021.039,SAMP 350,HRM_SHI,1,9/26/2021,9/26/2021,10.33,14.67,FALL,26,9,2021,5,4.34,HOURS,MWT,MMT,DFB,MEA,,0,4.34,4.34
367,MWT.HRM.2021.040,SAMP 351,HRM_SHI,1,9/26/2021,9/26/2021,10.33,14.67,FALL,26,9,2021,6,4.34,HOURS,MWT,MMT,DFB,MEA,,0,4.34,4.34
368,MWT.PRL.2021.001,SAMP 352,PRL,3,6/22/2021,6/23/2021,9,8.57,SUMMER,23,6,2021,1,23.57,HOURS,MWT,MPT,,"MEA, DAW",,24,-0.43,23.57
369,MWT.PRL.2021.002,SAMP 353,PRL,3,6/22/2021,6/23/2021,9,8.63,SUMMER,23,6,2021,2,23.63,HOURS,MWT,MESH,,"MEA, DAW",,24,-0.37,23.63
370,MWT.PRL.2021.003,SAMP 354,PRL,3,6/22/2021,6/23/2021,9,8.67,SUMMER,23,6,2021,3,23.67,HOURS,MWT,MMT,,"MEA, DAW",,24,-0.33,23.67
371,MWT.PRL.2021.004,SAMP 355,PRL,3,6/22/2021,6/23/2021,9,8.7,SUMMER,23,6,2021,4,23.7,HOURS,MWT,MESH,,"MEA, DAW",,24,-0.3,23.7
372,MWT.PRL.2021.005,SAMP 356,PRL,3,6/22/2021,6/23/2021,9,8.77,SUMMER,23,6,2021,5,23.77,HOURS,MWT,MESH,,"MEA, DAW",,24,-0.23,23.77
373,MWT.PRL.2021.006,SAMP 357,PRL,3,6/22/2021,6/23/2021,9,8.87,SUMMER,23,6,2021,6,23.87,HOURS,MWT,MPT,,"MEA, DAW",,24,-0.13,23.87
374,MWT.PRL.2021.007,SAMP 358,PRL,3,6/22/2021,6/23/2021,9,8.97,SUMMER,23,6,2021,7,23.97,HOURS,MWT,MMT,,"MEA, DAW",,24,-0.03,23.97
375,MWT.PRL.2021.008,SAMP 359,PRL,3,6/22/2021,6/23/2021,9,9,SUMMER,23,6,2021,8,24,HOURS,MWT,MESH,,"MEA, DAW",,24,0,24
376,MWT.PRL.2021.009,SAMP 360,PRL,3,6/22/2021,6/23/2021,9,9.3,SUMMER,23,6,2021,9,24.3,HOURS,MWT,MPT,,"MEA, DAW",,24,0.3,24.3
377,MWT.PRL.2021.010,SAMP 361,PRL,3,6/22/2021,6/23/2021,9,9.1,SUMMER,23,6,2021,10,24.1,HOURS,MWT,MMT,,"MEA, DAW",,24,0.1,24.1
378,MWT.PRL.2021.011,SAMP 362,PRL,3,6/22/2021,6/23/2021,9,9.17,SUMMER,23,6,2021,11,24.17,HOURS,MWT,MPT,,"MEA, DAW",,24,0.17,24.17
379,MWT.PRL.2021.012,SAMP 363,PRL,3,6/22/2021,6/23/2021,9,9.2,SUMMER,23,6,2021,12,24.2,HOURS,MWT,MESH,,"MEA, DAW",,24,0.2,24.2
380,MWT.PRL.2021.013,SAMP 364,PRL,3,6/22/2021,6/23/2021,9,9.25,SUMMER,23,6,2021,13,24.25,HOURS,MWT,MPT,,"MEA, DAW",,24,0.25,24.25
381,MWT.PRL.2021.014,SAMP 365,PRL,3,6/22/2021,6/23/2021,9,9.32,SUMMER,23,6,2021,14,24.32,HOURS,MWT,MMT,,"MEA, DAW",,24,0.32,24.32
382,MWT.PRL.2021.015,SAMP 366,PRL,3,6/22/2021,6/23/2021,9,9.42,SUMMER,23,6,2021,15,24.42,HOURS,MWT,MESH,,"MEA, DAW",,24,0.42,24.42
383,MWT.PRL.2021.016,SAMP 367,PRL,3,6/22/2021,6/23/2021,9,9.53,SUMMER,23,6,2021,16,24.53,HOURS,MWT,MMT,,"MEA, DAW",,24,0.53,24.53
384,MWT.PRL.2021.017,SAMP 368,PRL,3,6/22/2021,6/23/2021,9,9.62,SUMMER,23,6,2021,17,24.62,HOURS,MWT,MMT,,"MEA, DAW",,24,0.62,24.62
385,MWT.PRL.2021.018,SAMP 369,PRL,3,6/22/2021,6/23/2021,9,9.63,SUMMER,23,6,2021,18,24.63,HOURS,MWT,MESH,,"MEA, DAW",,24,0.63,24.63
386,MWT.PRL.2021.019,SAMP 370,PRL,3,6/22/2021,6/23/2021,9,9.75,SUMMER,23,6,2021,19,24.75,HOURS,MWT,MMT,,"MEA, DAW",,24,0.75,24.75
387,MWT.PRL.2021.020,SAMP 371,PRL,3,6/22/2021,6/23/2021,9,9.78,SUMMER,23,6,2021,20,24.78,HOURS,MWT,MESH,,"MEA, DAW",,24,0.78,24.78
388,MWT.PRL.2021.021,SAMP 398,PRL,2,6/23/2021,6/24/2021,10,8.13,SUMMER,24,6,2021,1,22.13,HOURS,MWT,MMT,,"MEA, DAW",,24,-1.87,22.13
389,MWT.PRL.2021.022,SAMP 399,PRL,2,6/23/2021,6/24/2021,11,8.15,SUMMER,24,6,2021,2,21.15,HOURS,MWT,MESH,,"MEA, DAW",,24,-2.85,21.15
390,MWT.PRL.2021.023,SAMP 400,PRL,2,6/23/2021,6/24/2021,12,8.18,SUMMER,24,6,2021,3,20.18,HOURS,MWT,MMT,,"MEA, DAW",,24,-3.82,20.18
391,MWT.PRL.2021.024,SAMP 401,PRL,2,6/23/2021,6/24/2021,13,8.27,SUMMER,24,6,2021,4,19.27,HOURS,MWT,MPT,,"MEA, DAW",,24,-4.73,19.27
392,MWT.PRL.2021.025,SAMP 402,PRL,2,6/23/2021,6/24/2021,14,8.28,SUMMER,24,6,2021,5,18.28,HOURS,MWT,MMT,,"MEA, DAW",,24,-5.72,18.28
393,MWT.PRL.2021.026,SAMP 403,PRL,2,6/23/2021,6/24/2021,15,8.32,SUMMER,24,6,2021,6,17.32,HOURS,MWT,MMT,,"MEA, DAW",,24,-6.68,17.32
394,MWT.PRL.2021.027,SAMP 404,PRL,2,6/23/2021,6/24/2021,16,8.35,SUMMER,24,6,2021,7,16.35,HOURS,MWT,MESH,,"MEA, DAW",,24,-7.65,16.35
395,MWT.PRL.2021.028,SAMP 405,PRL,2,6/23/2021,6/24/2021,17,8.37,SUMMER,24,6,2021,8,15.37,HOURS,MWT,MMT,,"MEA, DAW",,24,-8.63,15.37
396,MWT.PRL.2021.029,SAMP 406,PRL,2,6/23/2021,6/24/2021,18,8.4,SUMMER,24,6,2021,9,14.4,HOURS,MWT,MPT,,"MEA, DAW",,24,-9.6,14.4
397,MWT.PRL.2021.030,SAMP 407,PRL,2,6/23/2021,6/24/2021,19,8.45,SUMMER,24,6,2021,10,13.45,HOURS,MWT,MESH,,"MEA, DAW",,24,-10.55,13.45
398,MWT.PRL.2021.031,SAMP 408,PRL,2,6/23/2021,6/24/2021,19,8.53,SUMMER,24,6,2021,11,13.53,HOURS,MWT,MPT,,"MEA, DAW",,24,-10.47,13.53
399,MWT.PRL.2021.032,SAMP 409,PRL,2,6/23/2021,6/24/2021,19,8.57,SUMMER,24,6,2021,12,13.57,HOURS,MWT,MESH,,"MEA, DAW",,24,-10.43,13.57
400,MWT.PRL.2021.033,SAMP 410,PRL,2,6/23/2021,6/24/2021,19,8.67,SUMMER,24,6,2021,13,13.67,HOURS,MWT,MMT,,"MEA, DAW",,24,-10.33,13.67
401,MWT.PRL.2021.034,SAMP 411,PRL,2,6/23/2021,6/24/2021,19,8.73,SUMMER,24,6,2021,14,13.73,HOURS,MWT,MPT,,"MEA, DAW",,24,-10.27,13.73
402,MWT.PRL.2021.035,SAMP 412,PRL,2,6/23/2021,6/24/2021,19,8.77,SUMMER,24,6,2021,15,13.77,HOURS,MWT,MMT,,"MEA, DAW",,24,-10.23,13.77
403,MWT.PRL.2021.036,SAMP 413,PRL,2,6/23/2021,6/24/2021,19,8.83,SUMMER,24,6,2021,16,13.83,HOURS,MWT,MESH,,"MEA, DAW",,24,-10.17,13.83
404,MWT.PRL.2021.037,SAMP 414,PRL,2,6/23/2021,6/24/2021,19,8.92,SUMMER,24,6,2021,17,13.92,HOURS,MWT,MESH,,"MEA, DAW",,24,-10.08,13.92
405,MWT.PRL.2021.038,SAMP 415,PRL,2,6/23/2021,6/24/2021,19,8.93,SUMMER,24,6,2021,18,13.93,HOURS,MWT,MPT,,"MEA, DAW",,24,-10.07,13.93
406,MWT.PRL.2021.039,SAMP 372,PRL,1,6/24/2021,6/25/2021,10,8.67,SUMMER,25,6,2021,1,22.67,HOURS,MWT,MESH,,"MEA, DAW",,24,-1.33,22.67
407,MWT.PRL.2021.040,SAMP 373,PRL,1,6/24/2021,6/25/2021,10,8.72,SUMMER,25,6,2021,2,22.72,HOURS,MWT,MMT,,"MEA, DAW",,24,-1.28,22.72
408,MWT.PRL.2021.041,SAMP 374,PRL,1,6/24/2021,6/25/2021,10,8.75,SUMMER,25,6,2021,3,22.75,HOURS,MWT,MPT,,"MEA, DAW",,24,-1.25,22.75
409,MWT.PRL.2021.042,SAMP 375,PRL,1,6/24/2021,6/25/2021,10,8.77,SUMMER,25,6,2021,4,22.77,HOURS,MWT,MESH,,"MEA, DAW",,24,-1.23,22.77
410,MWT.PRL.2021.043,SAMP 376,PRL,1,6/24/2021,6/25/2021,10,8.82,SUMMER,25,6,2021,5,22.82,HOURS,MWT,MPT,,"MEA, DAW",,24,-1.18,22.82
411,MWT.PRL.2021.044,SAMP 377,PRL,1,6/24/2021,6/25/2021,10,8.85,SUMMER,25,6,2021,6,22.85,HOURS,MWT,MMT,,"MEA, DAW",,24,-1.15,22.85
412,MWT.PRL.2021.045,SAMP 378,PRL,1,6/24/2021,6/25/2021,10,8.88,SUMMER,25,6,2021,7,22.88,HOURS,MWT,MPT,,"MEA, DAW",,24,-1.12,22.88
413,MWT.PRL.2021.046,SAMP 379,PRL,1,6/24/2021,6/25/2021,10,8.95,SUMMER,25,6,2021,8,22.95,HOURS,MWT,MMT,,"MEA, DAW",,24,-1.05,22.95
414,MWT.PRL.2021.047,SAMP 380,PRL,1,6/24/2021,6/25/2021,10,8.95,SUMMER,25,6,2021,9,22.95,HOURS,MWT,MPT,,"MEA, DAW",,24,-1.05,22.95
415,MWT.PRL.2021.048,SAMP 381,PRL,1,6/24/2021,6/25/2021,10,8.95,SUMMER,25,6,2021,10,22.95,HOURS,MWT,MMT,,"MEA, DAW",,24,-1.05,22.95
416,MWT.PRL.2021.049,SAMP 382,PRL,1,6/24/2021,6/25/2021,10,9,SUMMER,25,6,2021,11,23,HOURS,MWT,MESH,,"MEA, DAW",,24,-1,23
417,MWT.PRL.2021.050,SAMP 383,PRL,1,6/24/2021,6/25/2021,10,9.2,SUMMER,25,6,2021,12,23.2,HOURS,MWT,MESH,,"MEA, DAW",,24,-0.8,23.2
418,MWT.PRL.2021.051,SAMP 384,PRL,1,6/24/2021,6/25/2021,10,9.15,SUMMER,25,6,2021,13,23.15,HOURS,MWT,MMT,,"MEA, DAW",,24,-0.85,23.15
419,MWT.PRL.2021.052,SAMP 385,PRL,1,6/24/2021,6/25/2021,10,9.2,SUMMER,25,6,2021,14,23.2,HOURS,MWT,MMT,,"MEA, DAW",,24,-0.8,23.2
420,MWT.PRL.2021.053,SAMP 386,PRL,1,6/24/2021,6/25/2021,10,9.15,SUMMER,25,6,2021,15,23.15,HOURS,MWT,MPT,,"MEA, DAW",,24,-0.85,23.15
421,MWT.PRL.2021.054,SAMP 387,PRL,1,6/24/2021,6/25/2021,10,9.17,SUMMER,25,6,2021,16,23.17,HOURS,MWT,MESH,,"MEA, DAW",,24,-0.83,23.17
422,MWT.PRL.2021.055,SAMP 388,PRL,1,6/24/2021,6/25/2021,10,9.25,SUMMER,25,6,2021,17,23.25,HOURS,MWT,MESH,,"MEA, DAW",,24,-0.75,23.25
423,MWT.PRL.2021.056,SAMP 389,PRL,1,6/24/2021,6/25/2021,10,9.25,SUMMER,25,6,2021,18,23.25,HOURS,MWT,MMT,,"MEA, DAW",,24,-0.75,23.25
424,MWT.PRL.2021.057,SAMP 390,PRL,1,6/29/2021,6/30/2021,16,13.8,SUMMER,30,6,2021,1,21.8,HOURS,MWT,MPT,,"MEA, DAW",,24,-2.2,21.8
425,MWT.PRL.2021.058,SAMP 391,PRL,1,6/29/2021,6/30/2021,16,13.1,SUMMER,30,6,2021,2,21.1,HOURS,MWT,MESH,,"MEA, DAW",,24,-2.9,21.1
426,MWT.PRL.2021.059,SAMP 392,PRL,1,6/29/2021,6/30/2021,16,13.1,SUMMER,30,6,2021,3,21.1,HOURS,MWT,MESH,,"MEA, DAW",,24,-2.9,21.1
427,MWT.PRL.2021.060,SAMP 393,PRL,1,6/29/2021,6/30/2021,16,13.75,SUMMER,30,6,2021,4,21.75,HOURS,MWT,MMT,,"MEA, DAW",,24,-2.25,21.75
428,MWT.PRL.2021.061,SAMP 558,PRL,3,6/30/2021,7/1/2021,14,13.63,SUMMER,1,7,2021,1,23.63,HOURS,MWT,MESH,,"MEA, DAW",,24,-0.37,23.63
429,MWT.PRL.2021.062,SAMP 559,PRL,3,6/30/2021,7/1/2021,14,13.63,SUMMER,1,7,2021,2,23.63,HOURS,MWT,MPT,,"MEA, DAW",,24,-0.37,23.63
430,MWT.PRL.2021.063,SAMP 560,PRL,3,6/30/2021,7/1/2021,14,13.63,SUMMER,1,7,2021,3,23.63,HOURS,MWT,MESH,,"MEA, DAW",,24,-0.37,23.63
431,MWT.PRL.2021.064,SAMP 561,PRL,3,6/30/2021,7/1/2021,14,13.63,SUMMER,1,7,2021,4,23.63,HOURS,MWT,MPT,,"MEA, DAW",,24,-0.37,23.63
432,MWT.PRL.2021.065,SAMP 394,PRL,1,7/1/2021,7/2/2021,16,1.75,SUMMER,2,7,2021,1,9.75,HOURS,MWT,MPT,,"MEA, DAW",,24,-14.25,9.75
433,MWT.PRL.2021.066,SAMP 395,PRL,1,7/1/2021,7/2/2021,16,1.75,SUMMER,2,7,2021,2,9.75,HOURS,MWT,MESH,,"MEA, DAW",,24,-14.25,9.75
434,MWT.PRL.2021.067,SAMP 396,PRL,1,7/1/2021,7/2/2021,16,1.75,SUMMER,2,7,2021,3,9.75,HOURS,MWT,MESH,,"MEA, DAW",,24,-14.25,9.75
435,MWT.PRL.2021.068,SAMP 397,PRL,1,7/1/2021,7/2/2021,16,1.75,SUMMER,2,7,2021,4,9.75,HOURS,MWT,MMT,,"MEA, DAW",,24,-14.25,9.75
436,MWT.PRL.2021.069,SAMP 416,PRL,1B,8/9/2021,8/10/2021,17,8.37,SUMMER,10,8,2021,1,15.37,HOURS,MWT,MPT,,"MEA, DAW",,24,-8.63,15.37
437,MWT.PRL.2021.070,SAMP 417,PRL,1B,8/9/2021,8/10/2021,17,8.37,SUMMER,10,8,2021,2,15.37,HOURS,MWT,MESH,,"MEA, DAW",,24,-8.63,15.37
438,MWT.PRL.2021.071,SAMP 418,PRL,1C,8/9/2021,8/10/2021,17,8.42,SUMMER,10,8,2021,3,15.42,HOURS,MWT,MESH,,"MEA, DAW",,24,-8.58,15.42
439,MWT.PRL.2021.072,SAMP 419,PRL,1C,8/9/2021,8/10/2021,17,8.42,SUMMER,10,8,2021,4,15.42,HOURS,MWT,MPT,,"MEA, DAW",,24,-8.58,15.42
440,MWT.PRL.2021.073,SAMP 420,PRL,2A,8/9/2021,8/10/2021,17,8.6,SUMMER,10,8,2021,5,15.6,HOURS,MWT,MPT,,"MEA, DAW",,24,-8.4,15.6
441,MWT.PRL.2021.074,SAMP 421,PRL,2A,8/9/2021,8/10/2021,17,8.6,SUMMER,10,8,2021,6,15.6,HOURS,MWT,MESH,,"MEA, DAW",,24,-8.4,15.6
442,MWT.PRL.2021.075,SAMP 422,PRL,2B,8/9/2021,8/10/2021,17,9.1,SUMMER,10,8,2021,7,16.1,HOURS,MWT,MESH,,"MEA, DAW",,24,-7.9,16.1
443,MWT.PRL.2021.076,SAMP 423,PRL,2B,8/9/2021,8/10/2021,17,9.1,SUMMER,10,8,2021,8,16.1,HOURS,MWT,MPT,,"MEA, DAW",,24,-7.9,16.1
444,MWT.PRL.2021.077,SAMP 424,PRL,2C,8/9/2021,8/10/2021,17,9.33,SUMMER,10,8,2021,9,16.33,HOURS,MWT,MESH,,"MEA, DAW",,24,-7.67,16.33
445,MWT.PRL.2021.078,SAMP 425,PRL,2C,8/9/2021,8/10/2021,17,9.33,SUMMER,10,8,2021,10,16.33,HOURS,MWT,MPT,,"MEA, DAW",,24,-7.67,16.33
446,MWT.PRL.2021.079,SAMP 426,PRL,3A,8/9/2021,8/10/2021,17,9.55,SUMMER,10,8,2021,11,16.55,HOURS,MWT,MESH,,"MEA, DAW",,24,-7.45,16.55
447,MWT.PRL.2021.080,SAMP 427,PRL,3A,8/9/2021,8/10/2021,17,9.55,SUMMER,10,8,2021,12,16.55,HOURS,MWT,MPT,,"MEA, DAW",,24,-7.45,16.55
448,MWT.PRL.2021.081,SAMP 428,PRL,3B,8/9/2021,8/10/2021,17,9.97,SUMMER,10,8,2021,13,16.97,HOURS,MWT,MESH,,"MEA, DAW",,24,-7.03,16.97
449,MWT.PRL.2021.082,SAMP 429,PRL,3B,8/9/2021,8/10/2021,17,9.97,SUMMER,10,8,2021,14,16.97,HOURS,MWT,MPT,,"MEA, DAW",,24,-7.03,16.97
450,MWT.PRL.2021.083,SAMP 430,PRL,3C,8/9/2021,8/10/2021,17,11,SUMMER,10,8,2021,15,18,HOURS,MWT,MESH,,"MEA, DAW",,24,-6,18
451,MWT.PRL.2021.084,SAMP 431,PRL,3C,8/9/2021,8/10/2021,17,11,SUMMER,10,8,2021,16,18,HOURS,MWT,MPT,,"MEA, DAW",,24,-6,18
452,MWT.PRL.2021.085,SAMP 432,PRL,1B,8/9/2021,8/10/2021,17,11.3,SUMMER,10,8,2021,17,18.3,HOURS,MWT,MESH,,"MEA, DAW",,24,-5.7,18.3
453,MWT.PRL.2021.086,SAMP 433,PRL,1B,8/9/2021,8/10/2021,17,11.3,SUMMER,10,8,2021,18,18.3,HOURS,MWT,MPT,,"MEA, DAW",,24,-5.7,18.3
454,MWT.PRL.2021.087,SAMP 434,PRL,1A,8/9/2021,8/10/2021,17,11.88,SUMMER,10,8,2021,19,18.88,HOURS,MWT,MESH,,"MEA, DAW",,24,-5.12,18.88
455,MWT.PRL.2021.088,SAMP 450,PRL,2A,8/10/2021,8/11/2021,8.6,9.63,SUMMER,11,8,2021,1,25.03,HOURS,MWT,MESH,,"MEA, DAW",,24,1.03,25.03
456,MWT.PRL.2021.089,SAMP 451,PRL,2A,8/10/2021,8/11/2021,8.6,9.63,SUMMER,11,8,2021,2,25.03,HOURS,MWT,MPT,,"MEA, DAW",,24,1.03,25.03
457,MWT.PRL.2021.090,SAMP 452,PRL,2B,8/10/2021,8/11/2021,9.1,9.72,SUMMER,11,8,2021,3,24.62,HOURS,MWT,MESH,,"MEA, DAW",,24,0.62,24.62
458,MWT.PRL.2021.091,SAMP 453,PRL,2B,8/10/2021,8/11/2021,9.1,9.72,SUMMER,11,8,2021,4,24.62,HOURS,MWT,MPT,,"MEA, DAW",,24,0.62,24.62
459,MWT.PRL.2021.092,SAMP 435,PRL,2C,8/10/2021,8/11/2021,9.33,9.77,SUMMER,11,8,2021,5,24.44,HOURS,MWT,MESH,,"MEA, DAW",,24,0.44,24.44
460,MWT.PRL.2021.093,SAMP 436,PRL,2C,8/10/2021,8/11/2021,9.33,9.77,SUMMER,11,8,2021,6,24.44,HOURS,MWT,MPT,,"MEA, DAW",,24,0.44,24.44
461,MWT.PRL.2021.094,SAMP 437,PRL,3A,8/10/2021,8/11/2021,9.55,9.97,SUMMER,11,8,2021,7,24.42,HOURS,MWT,MPT,,"MEA, DAW",,24,0.42,24.42
462,MWT.PRL.2021.095,SAMP 438,PRL,3A,8/10/2021,8/11/2021,9.55,9.97,SUMMER,11,8,2021,8,24.42,HOURS,MWT,MESH,,"MEA, DAW",,24,0.42,24.42
463,MWT.PRL.2021.096,SAMP 439,PRL,3B,8/10/2021,8/11/2021,9.97,10.2,SUMMER,11,8,2021,9,24.23,HOURS,MWT,MESH,,"MEA, DAW",,24,0.23,24.23
464,MWT.PRL.2021.097,SAMP 440,PRL,3B,8/10/2021,8/11/2021,9.97,10.2,SUMMER,11,8,2021,10,24.23,HOURS,MWT,MPT,,"MEA, DAW",,24,0.23,24.23
465,MWT.PRL.2021.098,SAMP 441,PRL,3C,8/10/2021,8/11/2021,11,10.38,SUMMER,11,8,2021,11,23.38,HOURS,MWT,MESH,,"MEA, DAW",,24,-0.62,23.38
466,MWT.PRL.2021.099,SAMP 442,PRL,3C,8/10/2021,8/11/2021,11,10.38,SUMMER,11,8,2021,12,23.38,HOURS,MWT,MPT,,"MEA, DAW",,24,-0.62,23.38
467,MWT.PRL.2021.100,SAMP 445,PRL,1A,8/10/2021,8/11/2021,11.88,12.17,SUMMER,11,8,2021,13,24.29,HOURS,MWT,MESH,,"MEA, DAW",,24,0.29,24.29
468,MWT.PRL.2021.101,SAMP 446,PRL,1C,8/10/2021,8/11/2021,8.42,12.27,SUMMER,11,8,2021,14,27.85,HOURS,MWT,MESH,,"MEA, DAW",,24,3.85,27.85
469,MWT.PRL.2021.102,SAMP 447,PRL,1C,8/10/2021,8/11/2021,8.42,12.27,SUMMER,11,8,2021,15,27.85,HOURS,MWT,MPT,,"MEA, DAW",,24,3.85,27.85
470,MWT.PRL.2021.103,SAMP 448,PRL,1B,8/10/2021,8/11/2021,11.3,12.33,SUMMER,11,8,2021,16,25.03,HOURS,MWT,MESH,,"MEA, DAW",,24,1.03,25.03
471,MWT.PRL.2021.104,SAMP 449,PRL,1B,8/10/2021,8/11/2021,11.3,12.33,SUMMER,11,8,2021,17,25.03,HOURS,MWT,MPT,,"MEA, DAW",,24,1.03,25.03
472,MWT.PRL.2021.105,SAMP 443,PRL,1B,8/10/2021,8/11/2021,8.37,12.42,SUMMER,11,8,2021,18,28.05,HOURS,MWT,MESH,,"MEA, DAW",,24,4.05,28.05
473,MWT.PRL.2021.106,SAMP 444,PRL,1B,8/10/2021,8/11/2021,8.37,12.42,SUMMER,11,8,2021,19,28.05,HOURS,MWT,MPT,,"MEA, DAW",,24,4.05,28.05
474,MWT.PRL.2021.107,SAMP 454,PRL,1B,8/11/2021,8/12/2021,12.33,12.95,SUMMER,12,8,2021,1,24.62,HOURS,MWT,MPT,,"MEA, DAW",,24,0.62,24.62
475,MWT.PRL.2021.108,SAMP 455,PRL,1B,8/11/2021,8/12/2021,12.33,12.95,SUMMER,12,8,2021,2,24.62,HOURS,MWT,MESH,,"MEA, DAW",,24,0.62,24.62
476,MWT.PRL.2021.109,SAMP 456,PRL,1B,8/11/2021,8/12/2021,12.33,13.2,SUMMER,12,8,2021,3,24.87,HOURS,MWT,MPT,,"MEA, DAW",,24,0.87,24.87
477,MWT.PRL.2021.110,SAMP 457,PRL,1B,8/11/2021,8/12/2021,12.33,13.2,SUMMER,12,8,2021,4,24.87,HOURS,MWT,MESH,,"MEA, DAW",,24,0.87,24.87
478,MWT.PRL.2021.111,SAMP 458,PRL,1C,8/11/2021,8/12/2021,12.27,13.5,SUMMER,12,8,2021,5,25.23,HOURS,MWT,MPT,,"MEA, DAW",,24,1.23,25.23
479,MWT.PRL.2021.112,SAMP 459,PRL,1C,8/11/2021,8/12/2021,12.27,13.5,SUMMER,12,8,2021,6,25.23,HOURS,MWT,MESH,,"MEA, DAW",,24,1.23,25.23
480,MWT.PRL.2021.113,SAMP 460,PRL,2A,8/11/2021,8/12/2021,9.63,13.22,SUMMER,12,8,2021,7,27.59,HOURS,MWT,MPT,,"MEA, DAW",,24,3.59,27.59
481,MWT.PRL.2021.114,SAMP 461,PRL,2A,8/11/2021,8/12/2021,9.63,13.22,SUMMER,12,8,2021,8,27.59,HOURS,MWT,MESH,,"MEA, DAW",,24,3.59,27.59
482,MWT.PRL.2021.115,SAMP 462,PRL,2B,8/11/2021,8/12/2021,9.72,13.3,SUMMER,12,8,2021,9,27.58,HOURS,MWT,MPT,,"MEA, DAW",,24,3.58,27.58
483,MWT.PRL.2021.116,SAMP 463,PRL,2B,8/11/2021,8/12/2021,9.72,13.3,SUMMER,12,8,2021,10,27.58,HOURS,MWT,MESH,,"MEA, DAW",,24,3.58,27.58
484,MWT.PRL.2021.117,SAMP 464,PRL,2C,8/11/2021,8/12/2021,9.77,13.38,SUMMER,12,8,2021,11,27.61,HOURS,MWT,MPT,,"MEA, DAW",,24,3.61,27.61
485,MWT.PRL.2021.118,SAMP 465,PRL,2C,8/11/2021,8/12/2021,9.77,13.38,SUMMER,12,8,2021,12,27.61,HOURS,MWT,MESH,,"MEA, DAW",,24,3.61,27.61
486,MWT.PRL.2021.119,SAMP 466,PRL,3C,8/11/2021,8/12/2021,10.38,13.55,SUMMER,12,8,2021,13,27.17,HOURS,MWT,MPT,,"MEA, DAW",,24,3.17,27.17
487,MWT.PRL.2021.120,SAMP 467,PRL,3C,8/11/2021,8/12/2021,10.38,13.55,SUMMER,12,8,2021,14,27.17,HOURS,MWT,MESH,,"MEA, DAW",,24,3.17,27.17
488,MWT.PRL.2021.121,SAMP 468,PRL,3B,8/11/2021,8/12/2021,10.2,13.63,SUMMER,12,8,2021,15,27.43,HOURS,MWT,MESH,,"MEA, DAW",,24,3.43,27.43
489,MWT.PRL.2021.122,SAMP 469,PRL,3B,8/11/2021,8/12/2021,10.2,13.63,SUMMER,12,8,2021,16,27.43,HOURS,MWT,MPT,,"MEA, DAW",,24,3.43,27.43
490,MWT.PRL.2021.123,SAMP 470,PRL,3A,8/11/2021,8/12/2021,9.97,13.73,SUMMER,12,8,2021,17,27.76,HOURS,MWT,MPT,,"MEA, DAW",,24,3.76,27.76
491,MWT.PRL.2021.124,SAMP 471,PRL,3A,8/11/2021,8/12/2021,9.97,13.73,SUMMER,12,8,2021,18,27.76,HOURS,MWT,MESH,,"MEA, DAW",,24,3.76,27.76
492,MWT.PRL.2021.125,SAMP 472,PRL,1A,8/11/2021,8/12/2021,13,17.17,SUMMER,12,8,2021,19,28.17,HOURS,MWT,MESH,,"MEA, DAW",,24,4.17,28.17
493,MWT.PRL.2021.126,SAMP 473,PRL,1A,8/11/2021,8/12/2021,13,17.18,SUMMER,12,8,2021,20,28.18,HOURS,MWT,MESH,,"MEA, DAW",,24,4.18,28.18
494,MWT.PRL.2021.127,SAMP 474,PRL,3B,10/8/2021,10/9/2021,17,17,FALL,9,10,2021,1,24,HOURS,MWT,MESH,,"MEA, NSL",,24,0,24
495,MWT.PRL.2021.128,SAMP 475,PRL,3B,10/8/2021,10/9/2021,17,17,FALL,9,10,2021,2,24,HOURS,MWT,METAL,,"MEA, NSL",,24,0,24
496,MWT.PRL.2021.129,SAMP 476,PRL,3B,10/8/2021,10/9/2021,17,17,FALL,9,10,2021,3,24,HOURS,MWT,MESH,,"MEA, NSL",,24,0,24
497,MWT.PRL.2021.130,SAMP 477,PRL,3B,10/8/2021,10/9/2021,17,17,FALL,9,10,2021,4,24,HOURS,MWT,METAL,,"MEA, NSL",,24,0,24
498,MWT.PRL.2021.131,SAMP 478,PRL,1B,10/8/2021,10/9/2021,17,17,FALL,9,10,2021,5,24,HOURS,MWT,METAL,,"MEA, NSL",,24,0,24
499,MWT.PRL.2021.132,SAMP 479,PRL,3B,10/8/2021,10/9/2021,17,17,FALL,9,10,2021,6,24,HOURS,MWT,MESH,,"MEA, NSL",,24,0,24
500,MWT.PRL.2021.133,SAMP 480,PRL,3B,10/8/2021,10/9/2021,17,17,FALL,9,10,2021,7,24,HOURS,MWT,METAL,,"MEA, NSL",,24,0,24
501,MWT.PRL.2021.134,SAMP 481,PRL,3B,10/9/2021,10/10/2021,17,17,FALL,10,10,2021,1,24,HOURS,MWT,METAL,,"MEA, NSL",,24,0,24
502,MWT.PRL.2021.135,SAMP 482,PRL,3B,10/9/2021,10/10/2021,17,17,FALL,10,10,2021,2,24,HOURS,MWT,MESH,,"MEA, NSL",,24,0,24
503,MWT.PRL.2021.136,SAMP 483,PRL,3B,10/9/2021,10/10/2021,17,17,FALL,10,10,2021,3,24,HOURS,MWT,MESH,,"MEA, NSL",,24,0,24
504,MWT.PRL.2021.137,SAMP 484,PRL,3B,10/9/2021,10/10/2021,17,17,FALL,10,10,2021,4,24,HOURS,MWT,MESH,,"MEA, NSL",,24,0,24
505,MWT.PRL.2021.138,SAMP 485,PRL,3B,10/9/2021,10/10/2021,17,17,FALL,10,10,2021,5,24,HOURS,MWT,METAL,,"MEA, NSL",,24,0,24
506,MWT.PRL.2021.139,SAMP 486,PRL,3B,10/9/2021,10/10/2021,17,17,FALL,10,10,2021,6,24,HOURS,MWT,METAL,,"MEA, NSL",,24,0,24
507,MWT.PRL.2021.140,SAMP 487,PRL,1B,10/9/2021,10/10/2021,17,17,FALL,10,10,2021,7,24,HOURS,MWT,METAL,,"MEA, NSL",,24,0,24
508,MWT.PRL.2021.141,SAMP 488,PRL,3B,10/10/2021,10/11/2021,17,17,FALL,11,10,2021,1,24,HOURS,MWT,MESH,,"MEA, NSL",,24,0,24
509,MWT.PRL.2021.142,SAMP 489,PRL,3B,10/10/2021,10/11/2021,17,17,FALL,11,10,2021,2,24,HOURS,MWT,MESH,,"MEA, NSL",,24,0,24
510,MWT.PRL.2021.143,SAMP 490,PRL,3B,10/10/2021,10/11/2021,17,17,FALL,11,10,2021,3,24,HOURS,MWT,METAL,,"MEA, NSL",,24,0,24
511,MWT.PRL.2021.144,SAMP 491,PRL,3B,10/10/2021,10/11/2021,17,17,FALL,11,10,2021,4,24,HOURS,MWT,METAL,,"MEA, NSL",,24,0,24
512,MWT.PRL.2021.145,SAMP 492,PRL,3B,10/10/2021,10/11/2021,17,17,FALL,11,10,2021,5,24,HOURS,MWT,MESH,,"MEA, NSL",,24,0,24
513,MWT.PRL.2021.146,SAMP 493,PRL,3B,10/10/2021,10/11/2021,17,17,FALL,11,10,2021,6,24,HOURS,MWT,METAL,,"MEA, NSL",,24,0,24
514,MWT.COM.2021.001,SAMP 505,COM,1,6/23/2021,6/23/2021,17,17.5,SUMMER,23,6,2021,1,0.5,HOURS,MWT,MESH,,"MEA, DAW",,0,0.5,0.5
515,MWT.COM.2021.002,SAMP 494,COM,1,6/23/2021,6/24/2021,17,20.3,SUMMER,24,6,2021,1,27.3,HOURS,MWT,MMT,,"MEA, DAW",,24,3.3,27.3
516,MWT.COM.2021.003,SAMP 495,COM,1,6/23/2021,6/24/2021,17,20.3,SUMMER,24,6,2021,2,27.3,HOURS,MWT,MESH,,"MEA, DAW",,24,3.3,27.3
517,MWT.COM.2021.004,SAMP 496,COM,1,6/23/2021,6/24/2021,17,20.1,SUMMER,24,6,2021,3,27.1,HOURS,MWT,MPT,,"MEA, DAW",,24,3.1,27.1
518,MWT.COM.2021.005,SAMP 497,COM,1,6/23/2021,6/24/2021,17,20.12,SUMMER,24,6,2021,4,27.12,HOURS,MWT,MESH,,"MEA, DAW",,24,3.12,27.12
519,MWT.COM.2021.006,SAMP 498,COM,1,6/23/2021,6/24/2021,17,20.2,SUMMER,24,6,2021,5,27.2,HOURS,MWT,MESH,,"MEA, DAW",,24,3.2,27.2
520,MWT.COM.2021.007,SAMP 499,COM,1,6/23/2021,6/24/2021,17,20.32,SUMMER,24,6,2021,6,27.32,HOURS,MWT,MESH,,"MEA, DAW",,24,3.32,27.32
521,MWT.COM.2021.008,SAMP 500,COM,1,6/23/2021,6/24/2021,17,20.33,SUMMER,24,6,2021,7,27.33,HOURS,MWT,MPT,,"MEA, DAW",,24,3.33,27.33
522,MWT.COM.2021.009,SAMP 501,COM,2,6/23/2021,6/24/2021,17,20.35,SUMMER,24,6,2021,8,27.35,HOURS,MWT,MMT,,"MEA, DAW",,24,3.35,27.35
523,MWT.COM.2021.010,SAMP 502,COM,2,6/23/2021,6/24/2021,17,20.4,SUMMER,24,6,2021,9,27.4,HOURS,MWT,MPT,,"MEA, DAW",,24,3.4,27.4
524,MWT.COM.2021.011,SAMP 503,COM,2,6/23/2021,6/24/2021,17,20.45,SUMMER,24,6,2021,10,27.45,HOURS,MWT,MESH,,"MEA, DAW",,24,3.45,27.45
525,MWT.COM.2021.012,SAMP 504,COM,2,6/23/2021,6/24/2021,17,20.48,SUMMER,24,6,2021,11,27.48,HOURS,MWT,MMT,,"MEA, DAW",,24,3.48,27.48
526,MWT.COM.2021.013,SAMP 506,COM,1B,8/9/2021,8/10/2021,12,14.67,SUMMER,10,8,2021,1,26.67,HOURS,MWT,MPT,,"MEA, DAW",,24,2.67,26.67
527,MWT.COM.2021.014,SAMP 507,COM,1B,8/9/2021,8/10/2021,12,14.67,SUMMER,10,8,2021,2,26.67,HOURS,MWT,MESH,,"MEA, DAW",,24,2.67,26.67
528,MWT.COM.2021.015,SAMP 508,COM,1C,8/9/2021,8/10/2021,12,14.88,SUMMER,10,8,2021,3,26.88,HOURS,MWT,MESH,,"MEA, DAW",,24,2.88,26.88
529,MWT.COM.2021.016,SAMP 509,COM,1C,8/9/2021,8/10/2021,12,14.88,SUMMER,10,8,2021,4,26.88,HOURS,MWT,MPT,,"MEA, DAW",,24,2.88,26.88
530,MWT.COM.2021.017,SAMP 510,COM,2A,8/9/2021,8/10/2021,12,15.12,SUMMER,10,8,2021,5,27.12,HOURS,MWT,MESH,,"MEA, DAW",HOLES IN TRAP,24,3.12,27.12
531,MWT.COM.2021.018,SAMP 511,COM,2A,8/9/2021,8/10/2021,12,15.12,SUMMER,10,8,2021,6,27.12,HOURS,MWT,MPT,,"MEA, DAW",,24,3.12,27.12
532,MWT.COM.2021.019,SAMP 512,COM,2B,8/9/2021,8/10/2021,12,15.25,SUMMER,10,8,2021,7,27.25,HOURS,MWT,MESH,,"MEA, DAW",,24,3.25,27.25
533,MWT.COM.2021.020,SAMP 513,COM,2B,8/9/2021,8/10/2021,12,15.25,SUMMER,10,8,2021,8,27.25,HOURS,MWT,MPT,,"MEA, DAW",,24,3.25,27.25
534,MWT.COM.2021.021,SAMP 514,COM,2C,8/9/2021,8/10/2021,12,16.15,SUMMER,10,8,2021,9,28.15,HOURS,MWT,MPT,,"MEA, DAW",,24,4.15,28.15
535,MWT.COM.2021.022,SAMP 515,COM,2C,8/9/2021,8/10/2021,12,16.15,SUMMER,10,8,2021,10,28.15,HOURS,MWT,MESH,,"MEA, DAW",,24,4.15,28.15
536,MWT.COM.2021.023,SAMP 518,COM,3B,8/9/2021,8/10/2021,12,16.5,SUMMER,10,8,2021,11,28.5,HOURS,MWT,MESH,,"MEA, DAW",HOLE IN TRAP,24,4.5,28.5
537,MWT.COM.2021.024,SAMP 519,COM,3C,8/9/2021,8/10/2021,12,16.5,SUMMER,10,8,2021,12,28.5,HOURS,MWT,MPT,,"MEA, DAW",,24,4.5,28.5
538,MWT.COM.2021.025,SAMP 519.1,COM,3B,8/9/2021,8/10/2021,12,16.58,SUMMER,10,8,2021,13,28.58,HOURS,MWT,MESH,,"MEA, DAW",HOLE IN TRAP,24,4.58,28.58
539,MWT.COM.2021.026,SAMP 519.2,COM,3B,8/9/2021,8/10/2021,12,16.58,SUMMER,10,8,2021,14,28.58,HOURS,MWT,MPT,,"MEA, DAW",,24,4.58,28.58
540,MWT.COM.2021.027,SAMP 520,COM,1A,8/9/2021,8/10/2021,12,17.8,SUMMER,10,8,2021,15,29.8,HOURS,MWT,MESH,,"MEA, DAW",HOLE IN TRAP,24,5.8,29.8
541,MWT.COM.2021.028,SAMP 521,COM,1A,8/9/2021,8/10/2021,12,17.8,SUMMER,10,8,2021,16,29.8,HOURS,MWT,MPT,,"MEA, DAW",,24,5.8,29.8
542,MWT.COM.2021.029,SAMP 516,COM,3A,8/9/2021,8/10/2021,12,17.25,SUMMER,10,8,2021,17,29.25,HOURS,MWT,MESH,,"MEA, DAW",,24,5.25,29.25
543,MWT.COM.2021.030,SAMP 517,COM,3A,8/9/2021,8/10/2021,12,17.25,SUMMER,10,8,2021,18,29.25,HOURS,MWT,MPT,,"MEA, DAW",,24,5.25,29.25
544,MWT.COM.2021.031,SAMP 522,COM,1B,8/10/2021,8/11/2021,14.67,16.17,SUMMER,11,8,2021,1,25.5,HOURS,MWT,MESH,,"MEA, DAW",,24,1.5,25.5
545,MWT.COM.2021.032,SAMP 523,COM,1B,8/10/2021,8/11/2021,14.67,16.17,SUMMER,11,8,2021,2,25.5,HOURS,MWT,MPT,,"MEA, DAW",,24,1.5,25.5
546,MWT.COM.2021.033,SAMP 524,COM,1C,8/10/2021,8/11/2021,14.88,16.4,SUMMER,11,8,2021,3,25.52,HOURS,MWT,MESH,,"MEA, DAW",,24,1.52,25.52
547,MWT.COM.2021.034,SAMP 525,COM,1C,8/10/2021,8/11/2021,14.88,16.4,SUMMER,11,8,2021,4,25.52,HOURS,MWT,MPT,,"MEA, DAW",,24,1.52,25.52
548,MWT.COM.2021.035,SAMP 526,COM,2A,8/10/2021,8/11/2021,15.12,16.52,SUMMER,11,8,2021,5,25.4,HOURS,MWT,MESH,,"MEA, DAW",,24,1.4,25.4
549,MWT.COM.2021.036,SAMP 527,COM,2A,8/10/2021,8/11/2021,15.12,16.52,SUMMER,11,8,2021,6,25.4,HOURS,MWT,MPT,,"MEA, DAW",,24,1.4,25.4
550,MWT.COM.2021.037,SAMP 528,COM,2B,8/10/2021,8/11/2021,15.25,16.78,SUMMER,11,8,2021,7,25.53,HOURS,MWT,MESH,,"MEA, DAW",,24,1.53,25.53
551,MWT.COM.2021.038,SAMP 529,COM,2B,8/10/2021,8/11/2021,15.25,16.78,SUMMER,11,8,2021,8,25.53,HOURS,MWT,MPT,,"MEA, DAW",,24,1.53,25.53
552,MWT.COM.2021.039,SAMP 530,COM,2C,8/10/2021,8/11/2021,16.15,17.3,SUMMER,11,8,2021,9,25.15,HOURS,MWT,MESH,,"MEA, DAW",HOLE IN NET,24,1.15,25.15
553,MWT.COM.2021.040,SAMP 531,COM,2C,8/10/2021,8/11/2021,16.15,17.3,SUMMER,11,8,2021,10,25.15,HOURS,MWT,MPT,,"MEA, DAW",,24,1.15,25.15
554,MWT.COM.2021.041,SAMP 532,COM,3A,8/10/2021,8/11/2021,17.25,17.17,SUMMER,11,8,2021,11,23.92,HOURS,MWT,MESH,,"MEA, DAW",HOLE IN TRAP,24,-0.08,23.92
555,MWT.COM.2021.042,SAMP 533,COM,3A,8/10/2021,8/11/2021,17.25,17.17,SUMMER,11,8,2021,12,23.92,HOURS,MWT,MPT,,"MEA, DAW",,24,-0.08,23.92
556,MWT.COM.2021.043,SAMP 536,COM,3C,8/10/2021,8/11/2021,17.17,17.58,SUMMER,11,8,2021,13,24.41,HOURS,MWT,MPT,,"MEA, DAW",,24,0.41,24.41
557,MWT.COM.2021.044,SAMP 537,COM,3C,8/10/2021,8/11/2021,17.17,17.58,SUMMER,11,8,2021,14,24.41,HOURS,MWT,MESH,,"MEA, DAW",,24,0.41,24.41
558,MWT.COM.2021.045,SAMP 534,COM,1A,8/10/2021,8/11/2021,17.8,18.8,SUMMER,11,8,2021,15,25,HOURS,MWT,MESH,,"MEA, DAW",,24,1,25
559,MWT.COM.2021.046,SAMP 535,COM,1A,8/10/2021,8/11/2021,17.8,18.8,SUMMER,11,8,2021,16,25,HOURS,MWT,MPT,,"MEA, DAW",HOLE IN NET,24,1,25
560,MWT.COM.2021.047,SAMP 538,COM,2C,8/11/2021,8/12/2021,17.17,7.7,SUMMER,12,8,2021,1,14.53,HOURS,MWT,MESH,,"MEA, DAW",,24,-9.47,14.53
561,MWT.COM.2021.048,SAMP 539,COM,2C,8/11/2021,8/12/2021,17.17,7.7,SUMMER,12,8,2021,2,14.53,HOURS,MWT,MPT,,"MEA, DAW",,24,-9.47,14.53
562,MWT.COM.2021.049,SAMP 540,COM,2B,8/11/2021,8/12/2021,17.17,7.88,SUMMER,12,8,2021,3,14.71,HOURS,MWT,MESH,,"MEA, DAW",,24,-9.29,14.71
563,MWT.COM.2021.050,SAMP 541,COM,2B,8/11/2021,8/12/2021,17.17,7.88,SUMMER,12,8,2021,4,14.71,HOURS,MWT,MPT,,"MEA, DAW",,24,-9.29,14.71
564,MWT.COM.2021.051,SAMP 542,COM,3A,8/11/2021,8/12/2021,17.25,8.4,SUMMER,12,8,2021,5,15.15,HOURS,MWT,MESH,,"MEA, DAW",,24,-8.85,15.15
565,MWT.COM.2021.052,SAMP 543,COM,3A,8/11/2021,8/12/2021,17.25,8.4,SUMMER,12,8,2021,6,15.15,HOURS,MWT,MPT,,"MEA, DAW",,24,-8.85,15.15
566,MWT.COM.2021.053,SAMP 544,COM,3B,8/11/2021,8/12/2021,17.33,8.53,SUMMER,12,8,2021,7,15.2,HOURS,MWT,MESH,,"MEA, DAW",,24,-8.8,15.2
567,MWT.COM.2021.054,SAMP 545,COM,3B,8/11/2021,8/12/2021,17.33,8.53,SUMMER,12,8,2021,8,15.2,HOURS,MWT,MPT,,"MEA, DAW",,24,-8.8,15.2
568,MWT.COM.2021.055,SAMP 546,COM,1A,8/11/2021,8/12/2021,17.37,8.62,SUMMER,12,8,2021,9,15.25,HOURS,MWT,MESH,,"MEA, DAW",,24,-8.75,15.25
569,MWT.COM.2021.056,SAMP 547,COM,1A,8/11/2021,8/12/2021,17.37,8.62,SUMMER,12,8,2021,10,15.25,HOURS,MWT,MPT,,"MEA, DAW",,24,-8.75,15.25
570,MWT.COM.2021.057,SAMP 548,COM,1B,8/11/2021,8/12/2021,17.5,9.8,SUMMER,12,8,2021,11,16.3,HOURS,MWT,MESH,,"MEA, DAW",,24,-7.7,16.3
571,MWT.COM.2021.058,SAMP 549,COM,1B,8/11/2021,8/12/2021,17.5,9.8,SUMMER,12,8,2021,12,16.3,HOURS,MWT,MPT,,"MEA, DAW",,24,-7.7,16.3
572,MWT.COM.2021.059,SAMP 550,COM,1B,8/11/2021,8/12/2021,17.5,9.25,SUMMER,12,8,2021,13,15.75,HOURS,MWT,MESH,,"MEA, DAW",,24,-8.25,15.75
573,MWT.COM.2021.060,SAMP 551,COM,1B,8/11/2021,8/12/2021,17.5,9.25,SUMMER,12,8,2021,14,15.75,HOURS,MWT,MPT,,"MEA, DAW",,24,-8.25,15.75
574,MWT.USP.2021.001,SAMP 552,USP,,6/30/2021,7/1/2021,8.5,8.67,SUMMER,1,7,2021,1,24.17,HOURS,MWT,MMT,,"MEA, DAW",,24,0.17,24.17
575,MWT.USP.2021.002,SAMP 553,USP,,6/30/2021,7/1/2021,8.5,8.67,SUMMER,1,7,2021,2,24.17,HOURS,MWT,MESH,,"MEA, DAW",,24,0.17,24.17
576,MWT.USP.2021.003,SAMP 554,USP,,6/30/2021,7/1/2021,8.5,8.67,SUMMER,1,7,2021,3,24.17,HOURS,MWT,MPT,,"MEA, DAW",,24,0.17,24.17
577,MWT.USP.2021.004,SAMP 555,USP,,6/30/2021,7/1/2021,8.5,8.67,SUMMER,1,7,2021,4,24.17,HOURS,MWT,MPT,,"MEA, DAW",,24,0.17,24.17
578,MWT.USP.2021.005,SAMP 556,USP,,6/30/2021,7/1/2021,8.5,8.67,SUMMER,1,7,2021,5,24.17,HOURS,MWT,MESH,,"MEA, DAW",,24,0.17,24.17
579,MWT.USP.2021.006,SAMP 557,USP,,6/30/2021,7/1/2021,8.5,8.67,SUMMER,1,7,2021,6,24.17,HOURS,MWT,MMT,,"MEA, DAW",,24,0.17,24.17
580,MWT.ETL.2021.001,SAMP 571,ETL,2,6/29/2021,6/30/2021,16,13.17,SUMMER,30,6,2021,1,21.17,HOURS,MWT,MPT,,"MEA, DAW",,24,-2.83,21.17
581,MWT.ETL.2021.002,SAMP 562,ETL,2,6/29/2021,6/30/2021,15.5,14.5,SUMMER,30,6,2021,2,23,HOURS,MWT,MESH,,"MEA, DAW",,24,-1,23
582,MWT.ETL.2021.003,SAMP 563,ETL,2,6/29/2021,6/30/2021,15.5,14.5,SUMMER,30,6,2021,3,23,HOURS,MWT,MESH,,"MEA, DAW",,24,-1,23
583,MWT.ETL.2021.004,SAMP 564,ETL,2,6/29/2021,6/30/2021,15.5,14.5,SUMMER,30,6,2021,4,23,HOURS,MWT,MESH,,"MEA, DAW",,24,-1,23
584,MWT.ETL.2021.005,SAMP 565,ETL,2,6/29/2021,6/30/2021,15.5,14.5,SUMMER,30,6,2021,5,23,HOURS,MWT,MESH,,"MEA, DAW",,24,-1,23
585,MWT.ETL.2021.006,SAMP 566,ETL,2,6/29/2021,6/30/2021,15.5,14.5,SUMMER,30,6,2021,6,23,HOURS,MWT,MESH,,"MEA, DAW",,24,-1,23
586,MWT.ETL.2021.007,SAMP 567,ETL,2,6/29/2021,6/30/2021,15.5,14.5,SUMMER,30,6,2021,7,23,HOURS,MWT,MESH,,"MEA, DAW",,24,-1,23
587,MWT.ETL.2021.008,SAMP 572,ETL,2,6/29/2021,6/30/2021,15.5,14.5,SUMMER,30,6,2021,8,23,HOURS,MWT,MPT,,"MEA, DAW",,24,-1,23
588,MWT.ETL.2021.009,SAMP 573,ETL,2,6/29/2021,6/30/2021,15.5,14.5,SUMMER,30,6,2021,9,23,HOURS,MWT,MPT,,"MEA, DAW",,24,-1,23
589,MWT.ETL.2021.010,SAMP 574,ETL,2,6/29/2021,6/30/2021,15.5,14.5,SUMMER,30,6,2021,10,23,HOURS,MWT,MPT,,"MEA, DAW",,24,-1,23
590,MWT.ETL.2021.011,SAMP 568,ETL,2,6/29/2021,6/30/2021,15.5,14.72,SUMMER,30,6,2021,11,23.22,HOURS,MWT,MMT,,"MEA, DAW",,24,-0.78,23.22
591,MWT.ETL.2021.012,SAMP 569,ETL,2,6/29/2021,6/30/2021,15.5,14.72,SUMMER,30,6,2021,12,23.22,HOURS,MWT,MMT,,"MEA, DAW",,24,-0.78,23.22
592,MWT.ETL.2021.013,SAMP 570,ETL,2,6/29/2021,6/30/2021,15.5,14.72,SUMMER,30,6,2021,13,23.22,HOURS,MWT,MMT,,"MEA, DAW",,24,-0.78,23.22
593,MWT.ETL.2021.014,SAMP 575,ETL,1,6/30/2021,7/1/2021,14.5,14.77,SUMMER,1,7,2021,1,24.27,HOURS,MWT,MESH,,"MEA, DAW",,24,0.27,24.27
594,MWT.ETL.2021.015,SAMP 576,ETL,1,6/30/2021,7/1/2021,14.5,14.77,SUMMER,1,7,2021,2,24.27,HOURS,MWT,MESH,,"MEA, DAW",,24,0.27,24.27
595,MWT.ETL.2021.016,SAMP 577,ETL,1,6/30/2021,7/1/2021,14.5,14.83,SUMMER,1,7,2021,3,24.33,HOURS,MWT,MESH,,"MEA, DAW",,24,0.33,24.33
596,MWT.ETL.2021.017,SAMP 578,ETL,1,6/30/2021,7/1/2021,14.5,14.88,SUMMER,1,7,2021,4,24.38,HOURS,MWT,MPT,,"MEA, DAW",,24,0.38,24.38
597,MWT.ETL.2021.018,SAMP 579,ETL,1,6/30/2021,7/1/2021,14.5,14.88,SUMMER,1,7,2021,5,24.38,HOURS,MWT,MMT,,"MEA, DAW",,24,0.38,24.38
598,MWT.ETL.2021.019,SAMP 580,ETL,1,6/30/2021,7/1/2021,14.5,14.92,SUMMER,1,7,2021,6,24.42,HOURS,MWT,MESH,,"MEA, DAW",,24,0.42,24.42
599,MWT.ETL.2021.020,SAMP 581,ETL,1,6/30/2021,7/1/2021,14.5,15,SUMMER,1,7,2021,7,24.5,HOURS,MWT,MPT,,"MEA, DAW",,24,0.5,24.5
600,MWT.ETL.2021.021,SAMP 582,ETL,1,6/30/2021,7/1/2021,14.5,15.3,SUMMER,1,7,2021,8,24.8,HOURS,MWT,MMT,,"MEA, DAW",,24,0.8,24.8
601,MWT.ETL.2021.022,SAMP 583,ETL,1,6/30/2021,7/1/2021,14.5,15.1,SUMMER,1,7,2021,9,24.6,HOURS,MWT,MESH,,"MEA, DAW",,24,0.6,24.6
602,MWT.ETL.2021.023,SAMP 584,ETL,1,6/30/2021,7/1/2021,14.5,15.13,SUMMER,1,7,2021,10,24.63,HOURS,MWT,MMT,,"MEA, DAW",,24,0.63,24.63
603,MWT.ETL.2021.024,SAMP 585,ETL,1,6/30/2021,7/1/2021,14.5,15.17,SUMMER,1,7,2021,11,24.67,HOURS,MWT,MESH,,"MEA, DAW",,24,0.67,24.67
604,MWT.ETL.2021.025,SAMP 586,ETL,1,6/30/2021,7/1/2021,14.5,15.2,SUMMER,1,7,2021,12,24.7,HOURS,MWT,MPT,,"MEA, DAW",,24,0.7,24.7
605,MWT.ETL.2021.026,SAMP 599,ETL,2,7/1/2021,7/2/2021,15,10.25,SUMMER,2,7,2021,1,19.25,HOURS,MWT,MESH,,"MEA, DAW",,24,-4.75,19.25
606,MWT.ETL.2021.027,SAMP 600,ETL,2,7/1/2021,7/2/2021,15,10.25,SUMMER,2,7,2021,2,19.25,HOURS,MWT,MMT,,"MEA, DAW",,24,-4.75,19.25
607,MWT.ETL.2021.028,SAMP 587,ETL,3,7/1/2021,7/2/2021,15.5,15.3,SUMMER,2,7,2021,3,23.8,HOURS,MWT,MMT,,"MEA, DAW",,24,-0.2,23.8
608,MWT.ETL.2021.029,SAMP 588,ETL,3,7/1/2021,7/2/2021,15.5,15.3,SUMMER,2,7,2021,4,23.8,HOURS,MWT,MPT,,"MEA, DAW",,24,-0.2,23.8
609,MWT.ETL.2021.030,SAMP 589,ETL,3,7/1/2021,7/2/2021,15.5,15.3,SUMMER,2,7,2021,5,23.8,HOURS,MWT,MESH,,"MEA, DAW",,24,-0.2,23.8
610,MWT.ETL.2021.031,SAMP 590,ETL,3,7/1/2021,7/2/2021,15.5,15.3,SUMMER,2,7,2021,6,23.8,HOURS,MWT,MMT,,"MEA, DAW",,24,-0.2,23.8
611,MWT.ETL.2021.032,SAMP 591,ETL,3,7/1/2021,7/2/2021,15.5,15.3,SUMMER,2,7,2021,7,23.8,HOURS,MWT,MESH,,"MEA, DAW",,24,-0.2,23.8
612,MWT.ETL.2021.033,SAMP 592,ETL,3,7/1/2021,7/2/2021,15.5,15.3,SUMMER,2,7,2021,8,23.8,HOURS,MWT,MESH,,"MEA, DAW",,24,-0.2,23.8
613,MWT.ETL.2021.034,SAMP 593,ETL,3,7/1/2021,7/2/2021,15.5,15.3,SUMMER,2,7,2021,9,23.8,HOURS,MWT,MESH,,"MEA, DAW",,24,-0.2,23.8
614,MWT.ETL.2021.035,SAMP 594,ETL,3,7/1/2021,7/2/2021,15.5,15.3,SUMMER,2,7,2021,10,23.8,HOURS,MWT,MMT,,"MEA, DAW",,24,-0.2,23.8
615,MWT.ETL.2021.036,SAMP 595,ETL,3,7/1/2021,7/2/2021,15.5,15.3,SUMMER,2,7,2021,11,23.8,HOURS,MWT,MPT,,"MEA, DAW",,24,-0.2,23.8
616,MWT.ETL.2021.037,SAMP 596,ETL,3,7/1/2021,7/2/2021,15.5,15.3,SUMMER,2,7,2021,12,23.8,HOURS,MWT,MESH,,"MEA, DAW",,24,-0.2,23.8
617,MWT.ETL.2021.038,SAMP 597,ETL,3,7/1/2021,7/2/2021,15.5,15.3,SUMMER,2,7,2021,13,23.8,HOURS,MWT,MESH,,"MEA, DAW",,24,-0.2,23.8
618,MWT.ETL.2021.039,SAMP 598,ETL,3,7/1/2021,7/2/2021,15.5,15.3,SUMMER,2,7,2021,14,23.8,HOURS,MWT,MPT,,"MEA, DAW",,24,-0.2,23.8
619,MWT.LML.2021.001,SAMP 601,LML,OUTLET,6/23/2021,6/25/2021,19,7.23,SUMMER,25,6,2021,1,36.23,HOURS,MWT,MESH,,"MEA, DAW",,NA,-11.77,NA
620,MWT.LML.2021.002,SAMP 602,LML,OUTLET,6/23/2021,6/25/2021,19,7.35,SUMMER,25,6,2021,2,36.35,HOURS,MWT,MPT,,"MEA, DAW",,NA,-11.65,NA
621,MWT.LML.2021.003,SAMP 603,LML,OUTLET,6/23/2021,6/25/2021,19,7.38,SUMMER,25,6,2021,3,36.38,HOURS,MWT,MESH,,"MEA, DAW",,NA,-11.62,NA
622,MWT.LML.2021.004,SAMP 604,LML,PICO,6/22/2021,6/24/2021,14.5,10,SUMMER,24,6,2021,1,43.5,HOURS,MWT,MPT,,"MEA, DAW",,NA,-4.5,NA
623,MWT.LML.2021.005,SAMP 605,LML,PICO,6/22/2021,6/24/2021,14.5,10,SUMMER,24,6,2021,2,43.5,HOURS,MWT,MPT,,"MEA, DAW",,NA,-4.5,NA
624,MWT.LML.2021.006,SAMP 606,LML,PICO,6/22/2021,6/24/2021,14.5,10,SUMMER,24,6,2021,3,43.5,HOURS,MWT,MESH,,"MEA, DAW",,NA,-4.5,NA
625,MWT.LML.2021.007,SAMP 607,LML,PICO,6/22/2021,6/24/2021,14.5,10,SUMMER,24,6,2021,4,43.5,HOURS,MWT,MESH,,"MEA, DAW",,NA,-4.5,NA
626,MWT.LML.2021.008,SAMP 608,LML,OUTLET,6/22/2021,6/24/2021,15.5,15.5,SUMMER,24,6,2021,5,48,HOURS,MWT,MPT,,"MEA, DAW",,NA,0,NA
627,MWT.LML.2021.009,SAMP 609,LML,OUTLET,6/22/2021,6/24/2021,15.5,15.5,SUMMER,24,6,2021,6,48,HOURS,MWT,MESH,,"MEA, DAW",,NA,0,NA
628,MWT.LML.2021.010,SAMP 610,LML,MINNOW REEDS,6/22/2021,6/24/2021,15.5,15.5,SUMMER,24,6,2021,7,48,HOURS,MWT,MPT,,"MEA, DAW",,NA,0,NA
629,MWT.LML.2021.011,SAMP 611,LML,MINNOW REEDS,6/22/2021,6/24/2021,15.5,15.5,SUMMER,24,6,2021,8,48,HOURS,MWT,MESH,,"MEA, DAW",,NA,0,NA
630,MWT.LML.2021.012,SAMP 612,LML,MINNOW REEDS,6/22/2021,6/24/2021,15.5,15.5,SUMMER,24,6,2021,9,48,HOURS,MWT,MPT,,"MEA, DAW",,NA,0,NA
631,MWT.LML.2021.013,SAMP 613,LML,MINNOW REEDS,6/22/2021,6/24/2021,15.5,15.5,SUMMER,24,6,2021,10,48,HOURS,MWT,MESH,,"MEA, DAW",,NA,0,NA
