YSAMP,MTS_N,GROUP,ORDER (OR ABOVE),FAMILY,GENUS,SPECIES,LIFE STAGE,TOTAL_N,VOUCHER,ISOTOPE,NOTES,
DPN.GNL.2023.002,OD.GNL.2023.001,,Odonata,Libellulidae,Celithemis,,larval,1,0,1,,
DPN.GNL.2023.002,MO.GNL.2023.002,,Gastropoda ,Planorbidae,Planorbella,trivolvis,adult,1,0,1,,
DPN.GNL.2023.002,DI.GNL.2023.003,,Diptera,chironomidae,,,larval,13,0,1,,
DPN.GNL.2023.002,DI.GNL.2023.004,,Diptera,Tibanidae,Merycomyia,,larval,1,0,1,,
DPN.GNL.2023.002,ME.GNL.2023.005,,Megaloptera ,Sialidae ,,,larval,2,0,1,,
DPN.GNL.2023.001,DI.GNL.2023.006,,Diptera,Tibanidae,Merycomyia,,larval,1,0,1,,
DPN.GNL.2023.001,DI.GNL.2023.007,,Diptera,chironomidae,,,larval,1,0,1,,
DPN.GNL.2023.001,DI.GNL.2023.008,,Diptera,Ceratopogonidae,"Bezzia, Palpomyia",,larval ,1,0,1,,
DPN.GNL.2023.001,OD.GNL.2023.009,,Odonata,Libellulidae,Libellula,,larval ,1,0,1,,
DPN.GNL.2023.001,HE.GNL.2023.010,,Hemiptera,Corixidae ,Trichocorixia,,adult,1,0,1,,
DPN.GNL.2023.001,HE.GNL.2023.010,,Hemiptera,Gerridae,Trepobates,,adult,1,0,1,,
DPN.GNL.2023.001,MO.GNL.2023.011,,Bivalvia,Sphaeriidae,Pisidium,,adult,2,0,1,,
SHS.GNL.2023.001,OD.GNL.2023.012,,Odonata,Aeshnidae ,Boyeria,,larval,1,0,1,,
SHS.GNL.2023.001,OD.GNL.2023.013,,Odonata,Aeshnidae ,Boyeria,,larval,1,0,1,,
SHS.MSL.2023.001,OD.MSL.2023.014,,Odonata,Corduliidae,Neurocordulia,,larval,1,0,1,,
SHS.MSL.2023.001,OD.MSL.2023.015,,Odonata,Corduliidae,Neurocordulia,,larval,1,0,1,,
SHS.MSL.2023.001,OD.MSL.2023.016,,Odonata,Corduliidae,Neurocordulia,,larval,1,0,1,,
SHS.MSL.2023.001,OD.MSL.2023.017,,Odonata,Corduliidae,Neurocordulia,,larval,1,0,1,,
SHS.MSL.2023.001,EP.MSL.2023.018,,ephemeroptera,Heptageniidae,Stenacron,,larval,1,0,1,,
SHS.MSL.2023.001,EP.MSL.2023.019,,ephemeroptera,Heptageniidae,Stenacron,,larval,1,0,1,,
SHS.MSL.2023.001,EP.MSL.2023.020,,ephemeroptera,Heptageniidae,Stenacron,,larval,1,0,1,,
SHS.MSL.2023.001,EP.MSL.2023.021,,ephemeroptera,Heptageniidae,Stenacron,,larval,2,0,1,,
SHS.MSL.2023.001,EP.MSL.2023.022,,ephemeroptera,Leptophlebiidae,Habrophleboides,,larval,1,0,1,,
SHS.MSL.2023.001,EP.MSL.2023.023,,ephemeroptera,Heptageniidae,Stenacron,,larval,1,0,1,,
SHS.MSL.2023.001,EP.MSL.2023.024,,ephemeroptera,Heptageniidae,Stenacron,,larval,1,0,1,,
SHS.MSL.2023.001,EP.MSL.2023.025,,ephemeroptera,Heptageniidae,Stenacron,,larval,1,0,1,,
SHS.MSL.2023.001,EP.MSL.2023.026,,ephemeroptera,Heptageniidae,Stenacron,,larval,1,0,1,,
SHS.MSL.2023.001,EP.MSL.2023.027,,ephemeroptera,Heptageniidae,Stenacron,,larval,1,0,1,,
SHS.MSL.2023.001,EP.MSL.2023.028,,ephemeroptera,Heptageniidae,Stenacron,,larval,1,0,1,,
SHS.MSL.2023.001,EP.MSL.2023.029,,ephemeroptera,Heptageniidae,Stenacron,,larval,1,0,1,,
SHS.MSL.2023.001,EP.MSL.2023.030,,ephemeroptera,Heptageniidae,Stenonema,,larval,1,0,1,,
SHS.MSL.2023.001,EP.MSL.2023.031,,ephemeroptera,Leptophlebiidae,,,Larval,1,0,1,,
SHS.MSL.2023.001,EP.MSL.2023.032,,ephemeroptera,Heptageniidae,Stenacron,,larval,1,0,1,,
SHS.MSL.2023.001,EP.MSL.2023.033,,ephemeroptera,Heptageniidae,Stenonema,,larval,1,0,1,,
SHS.MSL.2023.001,EP.MSL.2023.034,,ephemeroptera,Heptageniidae,Stenacron,,larval,1,0,1,,
SHS.MSL.2023.001,EP.MSL.2023.035,,ephemeroptera,Leptophlebiidae,Leptophlebia,,larval,1,0,1,,
SHS.MSL.2023.001,EP.MSL.2023.036,,ephemeroptera,Leptophlebiidae,Leptophlebia,,larval,1,0,1,,
SHS.MSL.2023.001,EP.MSL.2023.037,,ephemeroptera,Leptophlebiidae,Leptophlebia,,larval,1,0,1,,
SHS.MSL.2023.001,EP.MSL.2023.038,,ephemeroptera,Heptageniidae,Stenacron,,larval,9,0,1,,
SHS.MSL.2023.001,EP.MSL.2023.039,,ephemeroptera,Heptageniidae,Stenonema,,larval,1,0,1,,
SHS.MSL.2023.001,AM.MSL.2023.040,,Amphipoda ,Talitridae,Hyalella,,adult,3,0,1,,
DPN.MSL.2023.001,AM.MSL.2023.041,,Amphipoda ,Talitridae,Hyalella,,adult,5,0,1,,
DPN.MSL.2023.001,AM.MSL.2023.042,,Amphipoda ,Talitridae,Hyalella,,adult,6,0,1,,
DPN.MSL.2023.001,NULL.DEGRADED,,Amphipoda ,Talitridae,Hyalella,,adult,1,0,0,,
DPN.MSL.2023.001,MO.MSL.2023.043,,Gastropoda ,Lymnaeidae,,,adult,1,0,1,,
DPN.MSL.2023.001,OD.MSL.2023.044,,Odonata,Gomphidae,Arigomphus,,larval,1,0,1,,
DPN.MSL.2023.001,OD.MSL.2023.045,,Odonata,Gomphidae,Arigomphus,,larval,1,0,1,,
DPN.MSL.2023.001,OD.MSL.2023.046,,Odonata,Gomphidae,Arigomphus,,larval,2,0,1,,
DPN.MSL.2023.001,OD.MSL.2023.047,,Odonata,Gomphidae,Arigomphus,,larval,1,0,1,,
DPN.MSL.2023.001,OD.MSL.2023.048,,Odonata,coenagrionidae,Enallagma,,larval,1,0,1,,
DPN.MSL.2023.001,TR.MSL.2023.049,,trichoptera,Limnephilidae,Pycnopsyche,,larval,1,0,1,,
DPN.MSL.2023.001,EP.MSL.2023.050,,ephemeroptera,Leptophlebiidae,Leptophlebia,,larval,1,0,1,,
DPN.MSL.2023.001,EP.MSL.2023.051,,ephemeroptera,Leptophlebiidae,Leptophlebia,,larval,1,0,1,,
DPN.MSL.2023.001,EP.MSL.2023.052,,ephemeroptera,Heptageniidae,Stenacron,,larval,4,0,1,,
DPN.MSL.2023.001,TR.MSL.2023.053,,trichoptera,Polycentropodidae,,,larval,1,0,1,,
DPN.MSL.2023.001,NULL.DEGRADED,,Diptera,chironomidae,,,larval,1,0,0,,
DPN.MSL.2023.001,NULL.DEGRADED,,ephemeroptera,Heptageniidae,,,metamorph,1,0,0,,
DPN.MSL.2023.001,CO.MSL.2023.054,,Coleoptera,Elmidae,Stenelmis,,larval,1,0,1,,
DPN.MSL.2023.001,NULL.DEGRADED,,Odonata,Gomphidae,Arigomphus,,larval,1,0,1,,
DPN.MSL.2023.001,CO.MSL.2023.055,,Coleoptera,Elmidae,Stenelmis,,adult,1,0,1,,
DPN.LML.2023.001,OD.LML.2023.056,,Odonata,Libellulidae,Tramea,,larval,1,0,1,,
DPN.LML.2023.001,OD.LML.2023.057,,Odonata,Gomphidae,Gomphus,,larval,1,0,1,,
DPN.LML.2023.001,OD.LML.2023.058,,Odonata,Gomphidae,Gomphus,,larval,1,0,1,,
SHS.ETL.2023.002,EP.ETL.2023.059,,ephemeroptera,Heptageniidae,Stenonema,,larval,1,0,1,,
SHS.ETL.2023.002,EP.ETL.2023.060,,ephemeroptera,Heptageniidae,Stenonema,,larval,1,0,1,,
SHS.ETL.2023.002,EP.ETL.2023.061,,ephemeroptera,Heptageniidae,Stenonema,,larval,1,0,1,,
SHS.ETL.2023.002,EP.ETL.2023.062,,ephemeroptera,Heptageniidae,Stenonema,,larval,1,0,1,,
SHS.ETL.2023.002,EP.ETL.2023.063,,ephemeroptera,Heptageniidae,Stenonema,,larval,1,0,1,,
SHS.ETL.2023.002,HI.ETL.2023.064,,Hirudinea,Glossiphoniidae,Placobdella,nuchalis,adult,1,0,1,,
SHS.ETL.2023.002,EP.ETL.2023.065,,ephemeroptera,Heptageniidae,Stenonema,,larval,1,0,1,,
DPN.LML.2023.001,EP.LML.2023.066,,ephemeroptera,Leptophlebiidae,,,larval,1,0,1,2nd vial? ,missing top diagnostic gill
DPN.LML.2023.001,AM.LML.2023.067,,Amphipoda ,Talitridae,Hyalella,,larval,10,0,1,2nd vial? ,
DPN.LML.2023.001,AM.LML.2023.068,,Amphipoda ,Talitridae,Hyalella,,larval,10,0,1,2nd vial? ,
DPN.LML.2023.001,AM.LML.2023.069,,Amphipoda ,Talitridae,Hyalella,,larval,9,0,1,2nd vial? ,
DPN.LML.2023.001,MU.LML.2023.070,,Gastropoda ,Planorbidae,Planorbella ,campanulata,adult,1,0,1,2nd vial? ,
DPN.LML.2023.001,DI.LML.2023.71,,Diptera,chironomidae,,,larval,4,0,1,2nd vial? ,
DPN.LML.2023.001,DI.LML.2023.72,,Diptera,Ceratopogonidae,"Bezzia, Palpomyia",,,1,0,1,2nd vial? ,
DPN.ETL.2023.001,TR.ETL.2023.73,,trichoptera,Limnephilidae,,,,1,0,1,Don't run - metamorph,
DPN.ETL.2023.001,OD.ETL.2023.74,,Odonata,Aeshnidae ,Boyeria,,,1,0,1,,
DPN.ETL.2023.001,OD.ETL.2023.75,,Odonata,Libellulidae,Libellula,,,1,0,1,,
DPN.ETL.2023.001,OD.ETL.2023.76,,Odonata,Aeshnidae ,Boyeria,,,1,0,1,,
DPN.ETL.2023.001,OD.ETL.2023.77,,Odonata,Corduliidae,Tetragoneuria,,,1,0,1,,
DPN.ETL.2023.001,OD.ETL.2023.78,,Odonata,Libellulidae,Sympetrum,,,1,0,1,,
DPN.ETL.2023.001,OD.ETL.2023.79,,Odonata,Libellulidae,Sympetrum,,,1,0,1,,
DPN.ETL.2023.001,OD.ETL.2023.80,,Odonata,Libellulidae,Leucorrhinia,,,1,0,1,,
DPN.ETL.2023.001,OD.ETL.2023.81,,Odonata,Libellulidae,Libellula,,,1,0,1,,
DPN.ETL.2023.001,OD.ETL.2023.82,,Odonata,Libellulidae,Libellula,,,1,0,1,,
DPN.ETL.2023.001,NULL.DEGRADED,,Odonata,unidentified,,,,1,0,1,large parisite in it - was a zygopteran,
DPN.ETL.2023.001,TR.ETL.2023.83,,trichoptera,Limnephilidae,Pycnopsyche,,,1,0,1,,
DPN.ETL.2023.001,TR.ETL.2023.84,,trichoptera,Limnephilidae,,,,1,1,,don't analyze has metamorphisized ,
DPN.ETL.2023.001,AM.ETL.2023.85,,Amphipoda ,Talitridae,Hyella,,,1,0,1,,
DPN.ETL.2023.001,NULL.DEGRADED,,Odonata,unidentified,,,,0,0,0,"emerging, unidentifiable ",start new nalgene? Is this just an extra one. It is confirmed labled ETL N.001 DPN
DPN.ETL.2023.001,IS.ETL.2023.86,,Isopoda,Asellidae,Lirceus,,adult,6,0,6,dead,
DPN.ETL.2023.001,EP.ETL.2023.87,,ephemeroptera,Heptageniidae,Stenonema,,larval,3,0,3,dead,
DPN.ETL.2023.001,IS.ETL.2023.88,,Isopoda,Asellidae,Lirceus,,adult,3,0,3,,
DPN.ETL.2023.001,IS.ETL.2023.89,,Isopoda,Asellidae,Lirceus,,adult,3,0,3,,
DPN.ETL.2023.001,IS.ETL.2023.90,,Isopoda,Asellidae,Lirceus,,adult,3,0,3,,
DPN.ETL.2023.001,IS.ETL.2023.91,,Isopoda,Asellidae,Lirceus,,adult,4,0,4,,
DPN.ETL.2023.001,EP.ETL.2023.92,,ephemeroptera,Heptageniidae,Stenonema,,larval,2,0,2,,
DPN.ETL.2023.001,EP.ETL.2023.93,,ephemeroptera,Heptageniidae,Stenonema,,larval,1,0,1,,
DPN.ETL.2023.001,EP.ETL.2023.94,,ephemeroptera,Heptageniidae,Stenonema,,larval,2,0,2,,
DPN.ETL.2023.001,EP.ETL.2023.95,,ephemeroptera,Heptageniidae,Stenonema,,larval,1,0,1,,
DPN.ETL.2023.001,TR.ETL.2023.96,,trichoptera,Polycentropodidae,,,larval,1,0,1,,
DPN.ETL.2023.001,CO.ETL.2023.97,,Coleoptera,Hydraenidae,,,larval,2,0,2,,
DPN.ETL.2023.001,DI.ETL.2023.98,,Diptera,chironomidae,,,larval,7,0,7,,
DPN.ETL.2023.001,AM.ETL.2023.99,,Amphipoda ,Talitridae,Hyalella,,adult,12,0,12,,
DPN.ETL.2023.002,OD.ETL.2023.100,,Odonata,Libellulidae,Tramea,,larval,1,0,1,,
DPN.ETL.2023.002,OD.ETL.2023.101,,Odonata,Libellulidae,Tramea,,larval,1,0,1,,
DPN.ETL.2023.002,NULL.DEGRADED,,ephemeroptera,unidentified,,,,0,0,0,degraded gills no id,
DPN.ETL.2023.002,MO.ETL.2023.102,,Gastropoda ,Planorbidae,Helisoma,anecps,adult,2,0,2,,
DPN.ETL.2023.002,MO.ETL.2023.103,,Gastropoda ,Planorbidae,Helisoma,anecps,adult,2,0,2,,
DPN.ETL.2023.002,MO.ETL.2023.104,,Gastropoda ,Planorbidae,Helisoma,anecps,adult,1,0,1,,
DPN.ETL.2023.002,NULL.DEGRADED,,ephemeroptera,unidentified,,,larval,0,0,0,"no id, gills degraded - vial labled dead",
DPN.ETL.2023.002,OD.ETL.2023.105,,Odonata,coenagrionidae,"Anomalagrion, Ischnura",,larval,1,0,1,,
DPN.ETL.2023.002,DI.ETL.2023.106,,Diptera,chironomidae,,,larval,10,0,10,,
DPN.ETL.2023.002,BI.ETL.2023.107,,Bivalvia,Sphaeriidae,,,adult,2,0,2,,
DPN.ETL.2023.002,OD.ETL.2023.108,,Odonata,Gomphidae,,,adult,1,0,1,,
DPN.ETL.2023.002,AM.ETL.2023.109,,Amphipoda ,Talitridae,Hyalella,,adult,6,0,6,,
DPN.ETL.2023.002,HE.ETL.2023.110,,Hemiptera,Corixidae ,Ramphocorixa,,adult,3,0,3,,
DPN.ETL.2023.002,HE.ETL.2023.111,,Hemiptera,Notonectidae,Notonecta,,adult,1,0,1,,
SHS.LML.2023.002,EP.LML.2023.112,,ephemeroptera,Heptageniidae,Stenonema,,larval,1,0,1,,
SHS.LML.2023.002,EP.LML.2023.113,,ephemeroptera,Heptageniidae,Stenonema,,larval,1,0,1,,
SHS.LML.2023.002,EP.LML.2023.114,,ephemeroptera,Heptageniidae,Stenonema,,larval,1,0,1,,
SHS.LML.2023.002,EP.LML.2023.115,,ephemeroptera,Heptageniidae,Stenonema,,larval,4,0,4,,
SHS.LML.2023.002,EP.LML.2023.116,,ephemeroptera,Heptageniidae,Stenonema,,larval,4,0,4,,
SHS.LML.2023.002,AM.LML.2023.117,,Amphipoda ,Talitridae,Hyalella,,adult,6,0,6,,
SHS.LML.2023.002,EP.LML.2023.118,,ephemeroptera,Leptophlebiidae,Choroterpes,,larval,1,0,1,,
SHS.LML.2023.002,EP.LML.2023.119,,ephemeroptera,Leptophlebiidae,Choroterpes,,larval,1,0,1,,
SHS.LML.2023.002,EP.LML.2023.120,,ephemeroptera,Leptophlebiidae,Choroterpes,,larval,1,0,1,,
SHS.LML.2023.002,EP.LML.2023.121,,ephemeroptera,Heptageniidae,Stenonema,,larval,3,0,3,dead,
DPN.LML.2023.002,AM.LML.2023.122,,Amphipoda ,Crangonyctidae,Stygonectes,,larval,6,,,,
DPN.LML.2023.002,AM.LML.2023.123,,Amphipoda ,Talitridae,Hyalella,,adult,9,,,,
DPN.LML.2023.002,NULL.DEGRADED,,Amphipoda ,unidentified,,,,4,0,0,no antaneae ,
DPN.LML.2023.002,BI.LML.2023.124,,Bivalvia,Sphaeriidae,Sphaerium,,adult,5,0,5,,
DPN.LML.2023.002,OD.LML.2023.125,,Odonata,Gomphidae,Arigomphus,,larval,1,0,1,,
DPN.LML.2023.002,DE.LML.2023.126,,Decapoda,Cambaridae,Faxonius,obscurus ,juvenile,1,0,1,,
DPN.LML.2023.002,IS.LML.2023.127,,Isopoda,Asellidae,Lirceus,,adult,12,0,12,,
DPN.LML.2023.002,IS.LML.2023.128,,Isopoda,Asellidae,Lirceus,,adult,13,0,12,,
SHS.LML.2023.001,EP.LML.2023.129,,ephemeroptera,Heptageniidae,Stenonema,,larval,2,0,2,,
SHS.LML.2023.001,EP.LML.2023.130,,ephemeroptera,Heptageniidae,Stenonema,,larval,1,0,1,,
SHS.LML.2023.001,EP.LML.2023.131,,ephemeroptera,Heptageniidae,Stenacron,,larval,9,0,9,,
SHS.LML.2023.001,EP.LML.2023.132,,ephemeroptera,Leptophlebiidae,Choroterpes,,larval,1,0,1,dead,
SHS.LML.2023.001,PL.LML.2023.133,,Plecoptera,Perlidae,Acroneuria,,larval,1,0,1,,
SHS.LML.2023.001,CO.LML.2023.134,,Coleoptera,Hydraenidae,,,,2,0,2,,
SHS.LML.2023.001,NULL.DEGRADED,,ephemeroptera,Heptageniidae,,,larval,3,0,0,DEGRADED JUST HEADS,
SHS.LML.2023.001,AM.LML.2023.135,,Amphipoda ,Crangonyctidae,Stygonectes,,,2,0,2,,
SHS.LML.2023.001,AM.LML.2023.136,,Amphipoda ,Talitridae,Hyalella,,,5,0,5,,
SHS.LML.2023.001,NULL.DEGRADED,,Amphipoda ,unidentified,,,,1,0,0,DEGRADED JUST BODY,
SHS.COM.2023.001,NO INVERTEBRATES,,,unidentified,,,,,,,,
SHS.COM.2023.002,DI.COM.2023.137,,Diptera,chironomidae,,,,1,0,1,DEGRADED LOOKING,
SHS.COM.2023.002,OD.COM.2023.138,,Odonata,coenagrionidae,Enallagma,,,1,0,1,,
SHS.COM.2023.002,HI.COM.2023.139,,Hirudinea,unidentified,,,,1,0,1,sucker degraded,
DPN.COM.2023.001,OD.COM.2023.140,,Odonata,unidentified,,,,1,0,1,,
DPN.COM.2023.001,HI.COM.2023.141,,Hirudinea,Glossiphoniidae,,,,1,0,1,,
DPN.COM.2023.001,HI.COM.2023.142,,Hirudinea,Glossiphoniidae,,,,1,0,1,,
DPN.COM.2023.001,TR.COM.2023.143,,trichoptera,Phryganeidae,,,,1,0,1,,
DPN.COM.2023.001,DI.COM.2023.144,,Diptera,chironomidae,,,larval,14,0,14,,
DPN.COM.2023.001,DI.COM.2023.145,,Diptera,chironomidae,,,larval,14,0,14,,
DPN.COM.2023.001,DI.COM.2023.146,,Diptera,chironomidae,,,larval,13,0,13,,
DPN.COM.2023.001,OD.COM.2023.147,,Odonata,Libellulidae,Libellula,,larval,1,0,1,,
DPN.COM.2023.001,OD.COM.2023.148,,Odonata,Libellulidae,Libellula,,larval,1,0,1,,
DPN.COM.2023.001,OD.COM.2023.149,,Odonata,Libellulidae,Libellula,,larval,1,0,1,,
DPN.COM.2023.001,OD.COM.2023.150,,Odonata,Corduliidae,Cordulia,,larval,1,0,1,,
DPN.COM.2023.001,OD.COM.2023.151,,Odonata,Corduliidae,Cordulia,,larval,1,0,1,,
DPN.COM.2023.001,OD.COM.2023.152,,Odonata,Corduliidae,Cordulia,,larval,1,0,1,,
DPN.COM.2023.001,OD.COM.2023.153,,Odonata,Libellulidae,Libellula,,larval,1,0,1,,
DPN.COM.2023.001,OD.COM.2023.154,,Odonata,Libellulidae,Libellula,,larval,1,0,1,dead,
DPN.COM.2023.002,OD.COM.2023.155,,Odonata,Corduliidae,Cordulia,,larval,1,0,1,,
DPN.COM.2023.002,OD.COM.2023.156,,Odonata,Corduliidae,Cordulia,,larval,1,0,1,,
DPN.COM.2023.002,OD.COM.2023.157,,Odonata,Libellulidae,Libellula,,larval,1,0,1,,
DPN.COM.2023.002,DI.COM.2023.158,,Diptera,chironomidae,,,larval,26,0,23,,
DPN.COM.2023.002,DI.COM.2023.159,,Diptera,chironomidae,,,larval,20,0,20,,
DPN.COM.2023.002,DI.COM.2023.160,,Diptera,chironomidae,,,larval,21,0,21,,
DPN.COM.2023.002,DI.COM.2023.161,,Diptera,Ceratopogonidae,"Bezzia, Palpomyia",,larval,1,0,1,,
DPN.COM.2023.002,NULL.DEGRADED,,,unidentified,,,,0,0,0,unidentified worm? Lacking chaeta Lumbrincina?,
DPN.COM.2023.002,ME.COM.2023.162,,Megaloptera ,Sialidae ,Sialis,,larval,1,0,1,,
DPN.COM.2023.002,HI.COM.2023.163,,Hirudinea,Glossiphoniidae,,,adult,1,0,1,,
SHS.GNL.2023.002,OD.GNL.2023.164,,Odonata,coenagrionidae,Enallagma,,larval,1,0,1,,
SHS.GNL.2023.002,GA.GNL.2023.165,,Gastropoda ,Planorbidae,Helisoma,anceps,adult,1,0,1,,
SHS.GNL.2023.002,GA.GNL.2023.166,,Gastropoda ,Planorbidae,Helisoma,anceps,adult,1,0,1,,
DPN.REL.2023.002,OD.REL.2023.167,,Odonata,Aeshnidae ,Basiaeschna,,larval,1,0,1,,
DPN.REL.2023.002,AM.REL.2023.168,,Amphipoda ,Talitridae,Hyalella,,adult,7,0,7,,
DPN.REL.2023.002,GA.REL.2023.169,,Gastropoda ,Bithyniidae,Bithynia,tentaculata,adult,1,0,1,,
DPN.REL.2023.002,BI.REL.2023.170,,Bivalvia,Unionidae,Elliptio,,adult,1,0,1,,
DPN.REL.2023.002,OD.REL.2023.171,,Odonata,coenagrionidae,Enallagma,,larval,1,0,1,,
DPN.REL.2023.002,OD.REL.2023.172,,Odonata,coenagrionidae,Enallagma,,larval,1,0,1,,
DPN.REL.2023.002,OD.REL.2023.173,,Odonata,coenagrionidae,Enallagma,,larval,1,0,1,,
DPN.REL.2023.002,OD.REL.2023.174,,Odonata,coenagrionidae,Enallagma,,larval,1,0,1,,
DPN.REL.2023.002,OD.REL.2023.175,,Odonata,coenagrionidae,Enallagma,,larval,1,0,1,,
DPN.REL.2023.002,OD.REL.2023.176,,Odonata,coenagrionidae,Enallagma,,larval,5,0,5,,
DPN.REL.2023.002,OD.REL.2023.177,,Odonata,coenagrionidae,Enallagma,,larval,5,0,5,,
DPN.REL.2023.002,OD.REL.2023.178,,Odonata,coenagrionidae,Enallagma,,larval,4,0,4,,
DPN.REL.2023.002,EP.REL.2023.179,,ephemeroptera,Baetidae,Baetis,,larval,1,0,1,,
DPN.REL.2023.002,HY.REL.2023.180,,Hydrachnidia,unidentified,,,,1,0,1,not keyed out further than that,
DPN.REL.2023.002,GA.REL.2023.181,,Gastropoda ,Planorbidae,Planorbella,trivolvis,adult,1,0,1,,
DPN.REL.2023.002,GA.REL.2023.181,,Gastropoda ,Bithyniidae,Bithynia,tentaculata,adult,1,0,1,,
DPN.REL.2023.002,OD.REL.2023.182,,Odonata,Gomphidae,Hagenius,,,1,0,1,,
DPN.REL.2023.002,OD.REL.2023.183,,Odonata,Corduliidae,Tetragoneuria ,,,1,0,1,"not sure about their distribution but has 6 palpal setae on each side, 9th lateral spines extending past paporocts, nobs on all 9 segments",
DPN.REL.2023.002,OD.REL.2023.184,,Odonata,Corduliidae,Tetragoneuria ,,,1,0,1,,
SHS.REL.2023.002,EP.REL.2023.185,,ephemeroptera,Heptageniidae,Stenonema,,,1,0,1,,
SHS.REL.2023.002,AM.REL.2023.186,,Amphipoda ,Talitridae,Hyalella,,adult,3,0,3,,
SHS.REL.2023.002,HI.REL.2023.187,,Hirudinea,Piscicolidae,,,adult,1,0,1,,
SHS.REL.2023.002,GA.REL.2023.188,,Gastropoda ,Lymnaeidae,Pseuduccinea,columella,,1,0,1,,
DPN.REL.2023.001,OD.REL.2023.189,,Odonata,coenagrionidae,Enallagma,,larval,1,0,1,,
DPN.REL.2023.001,OD.REL.2023.190,,Odonata,coenagrionidae,Enallagma,,larval,1,0,1,,
DPN.REL.2023.001,OD.REL.2023.191,,Odonata,coenagrionidae,Enallagma,,larval,1,0,1,,
DPN.REL.2023.001,OD.REL.2023.192,,Odonata,coenagrionidae,Enallagma,,larval,1,0,1,,
DPN.REL.2023.001,AM.REL.2023.193,,Amphipoda ,Talitridae,Hyalella,,adult,1,0,1,,
SHS.REL.2023.003,OD.REL.2023.194,,Odonata,coenagrionidae,Enallagma,,larval,4,0,4,,
SHS.REL.2023.003,EP.REL.2023.195,,ephemeroptera,Heptageniidae,Stenacron,,larval,1,0,1,,
SHS.REL.2023.003,CO.REL.2023.196,,Coleoptera,Gyrinidae,,,larval,1,0,1,,
SHS.REL.2023.003,GA.REL.2023.197,,Gastropoda ,Lymnaeidae,Pseuduccinea,columella,,4,0,4,,
SHS.REL.2023.003,AM.REL.2023.198,,Amphipoda ,Talitridae,Hyalella,,adult,1,0,1,,
DPN.REL.2023.002,OD.REL.2023.199,,Odonata,Lestidae,Lestes,,larval,1,0,1,,
DPN.REL.2023.002,OD.REL.2023.200,,Odonata,coenagrionidae,Enallagma,,larval,2,0,2,,
DPN.REL.2023.002,GA.REL.2023.201,,Gastropoda ,Viviparidae,Viviparus,georgianus,adult,2,0,2,,
DPN.REL.2023.002,GA.REL.2023.202,,Gastropoda ,Lymnaeidae,Pseuduccinea,columella,adult,1,0,0,,
DPN.REL.2023.002,GA.REL.2023.203,,Gastropoda ,Viviparidae,Viviparus,georgianus,adult,1,0,1,,
DPN.REL.2023.002,EP.REL.2023.204,,ephemeroptera,Heptageniidae,Stenacron,,,3,0,3,,
DPN.REL.2023.002,EP.REL.2023.205,,ephemeroptera,Heptageniidae,Stenacron,,,2,0,2,,
DPN.REL.2023.002,CO.REL.2023.206,,Coleoptera,Hydraenidae,,,,1,0,1,,
DPN.REL.2023.002,OD.REL.2023.207,,Odonata,coenagrionidae,Enallagma,,,1,0,1,,
DPN.REL.2023.002,OD.REL.2023.208,,Odonata,coenagrionidae,Enallagma,,,1,0,1,,
DPN.REL.2023.002,GA.REL.2023.209,,Gastropoda ,Viviparidae,Viviparus,georgianus,adult,1,0,1,,
DPN.REL.2023.002,OD.REL.2023.210,,Odonata,coenagrionidae,"Anomalagrion, Ischnura",,,1,0,1,,
DPN.REL.2023.002,OD.REL.2023.211,,Odonata,coenagrionidae,Enallagma,,,1,0,1,,
DPN.REL.2023.002,AM.REL.2023.212,,Amphipoda ,Talitridae,Hyalella,,,1,0,1,,
DPN.REL.2023.002,EP.REL.2023.213,,ephemeroptera,Baetidae,,,,1,0,1,,
DPN.REL.2023.002,GA.REL.2023.214,,Gastropoda ,Lymnaeidae,,,,4,0,4,,
SHS.UCL.2023.001,EP.UCL.2023.215,,ephemeroptera,Heptageniidae,Stenonema,,larval,1,0,1,,
SHS.UCL.2023.001,EP.UCL.2023.216,,ephemeroptera,Heptageniidae,Stenonema,,larval,1,0,1,,
SHS.UCL.2023.001,EP.UCL.2023.217,,ephemeroptera,Heptageniidae,Stenonema,,larval,1,0,1,,
SHS.UCL.2023.001,TR.UCL.2023.218,,trichoptera,Polycentropodidae,Polycentropus,,larval,1,0,1,,
SHS.UCL.2023.001,TR.UCL.2023.219,,trichoptera,Limnephilidae,,,larval,1,0,1,,
SHS.UCL.2023.002,TR.UCL.2023.220,,trichoptera,Limnephilidae,,,larval,1,0,0,emerging,
SHS.UCL.2023.002,EP.UCL.2023.221,,ephemeroptera,Ephemerellidae,Eurylophella,,larval,1,0,1,,
SHS.UCL.2023.003,DE.UCL.2023.222,,Decapoda,Cambaridae,Cambarus,bartoni,adult,1,0,1,,
SHS.UCL.2023.003,DE.UCL.2023.223,,Decapoda,Cambaridae,Cambarus,bartoni,adult,1,0,1,,
SHS.UCL.2023.004,EP.UCL.2023.224,,ephemeroptera,Heptageniidae,Stenonema,,larval,1,0,1,,
SHS.UCL.2023.004,EP.UCL.2023.225,,ephemeroptera,Ephemerellidae,Eurylophella,,larval,2,0,2,,
SHS.UCL.2023.005,EP.UCL.2023.226,,ephemeroptera,Heptageniidae,Stenonema,,larval,1,0,1,,
SHS.UCL.2023.005,EP.UCL.2023.227,,ephemeroptera,Heptageniidae,Stenonema,,larval,1,0,1,,
SHS.UCL.2023.005,EP.UCL.2023.228,,ephemeroptera,Ephemerellidae,Eurylophella,,larval,2,0,2,,
SHS.UCL.2023.005,EP.UCL.2023.229,,ephemeroptera,Ephemerellidae,Eurylophella,,larval,1,0,1,,
SHS.UCL.2023.006,TR.UCL.2023.230,,trichoptera,Limnephilidae,Limnephilus,,larval,1,0,1,,
SHS.UCL.2023.006,TR.UCL.2023.231,,trichoptera,Limnephilidae,Pycnopsyche,,larval,1,0,1,,
SHS.UCL.2023.006,EP.UCL.2023.232,,ephemeroptera,Ephemerellidae,Eurylophella,,larval,1,0,1,,
SHS.UCL.2023.006,EP.UCL.2023.233,,ephemeroptera,Ephemerellidae,Eurylophella,,larval,1,0,1,,
SHS.UCL.2023.006,EP.UCL.2023.234,,ephemeroptera,Ephemerellidae,Eurylophella,,larval,2,0,2,,
SHS.UCL.2023.006,EP.UCL.2023.235,,ephemeroptera,Ephemerellidae,Eurylophella,,larval,2,0,2,,
DPN.UCL.2023.001,OD.UCL.2023.236,,Odonata,Macromiidae,Didymops,,larval,1,0,1,,
DPN.UCL.2023.001,OD.UCL.2023.237,,Odonata,Macromiidae,Didymops,,larval,1,0,1,,
DPN.UCL.2023.001,EP.UCL.2023.238,,ephemeroptera,Ephemerellidae,Eurylophella,,larval,3,0,3,,
DPN.UCL.2023.001,EP.UCL.2023.239,,ephemeroptera,Ephemerellidae,Eurylophella,,larval,3,0,3,,
DPN.UCL.2023.001,EP.UCL.2023.240,,ephemeroptera,Ephemerellidae,Eurylophella,,larval,3,0,3,,
DPN.UCL.2023.001,EP.UCL.2023.241,,ephemeroptera,Ephemerellidae,Eurylophella,,larval,1,0,1,,
DPN.UCL.2023.001,MO.UCL.2023.242,,Gastropoda ,Viviparidae,,,adult,1,0,1,didn't key out because of itme,
DPN.UCL.2023.001,TR.UCL.2023.243,,trichoptera,Polycentropodidae,Polycentropus,,larval,1,0,1,,
DPN.UCL.2023.001,CO.UCL.2023.244,,Coleoptera,Haliplidae,Peltodytes,,adult,1,0,1,,
DPN.UCL.2023.002,OD.UCL.2023.245,,Odonata,Aeshnidae ,Aeshna,,larval,1,0,1,,
DPN.UCL.2023.002,OD.UCL.2023.246,,Odonata,Corduliidae,Tetragoneuria,,larval,1,0,1,,
DPN.UCL.2023.002,EP.UCL.2023.247,,ephemeroptera,Baetidae,Baetis,,larval,2,0,2,,
DPN.UCL.2023.002,EP.UCL.2023.248,,ephemeroptera,Baetidae,Baetis,,larval,1,0,1,,
DPN.UCL.2023.002,EP.UCL.2023.249,,ephemeroptera,Ephemerellidae,Eurylophella,,larval,3,0,3,,
DPN.UCL.2023.002,EP.UCL.2023.250,,ephemeroptera,Ephemerellidae,Eurylophella,,larval,3,0,3,,
DPN.UCL.2023.002,EP.UCL.2023.251,,ephemeroptera,Ephemerellidae,Eurylophella,,larval,4,0,3,,
DPN.UCL.2023.002,GA.UCL.2023.252,,Gastropoda ,Viviparidae,,,larval,1,0,1,,
DPN.UCL.2023.002,NULL.DEGRADED,,Hydrachnidia,unidentified,,,larval,0,0,0,no sample taken too small ,
SHS.HTL.2023.001,AN.HTL.2023.253,,Anura,unidentified,,,larval,2,0,2,unidentifiable ,
SHS.HTL.2023.001,EP.HTL.2023.254,,ephemeroptera,Heptageniidae,Stenacron,,larval,1,0,1,,
SHS.HTL.2023.001,EP.HTL.2023.255,,ephemeroptera,Heptageniidae,Stenacron,,larval,1,0,1,,
SHS.HTL.2023.001,EP.HTL.2023.256,,ephemeroptera,Heptageniidae,Stenacron,,larval,1,0,1,,
SHS.HTL.2023.001,EP.HTL.2023.257,,ephemeroptera,Heptageniidae,Stenacron,,larval,1,0,1,,
SHS.HTL.2023.001,EP.HTL.2023.258,,ephemeroptera,Heptageniidae,Stenacron,,larval,5,0,4,,
SHS.HTL.2023.001,GA.HTL.2023.259,,Gastropoda ,Viviparidae,Viviparus,georgianus,adult,1,0,1,,
SHS.HTL.2023.001,GA.HTL.2023.260,,Gastropoda ,Viviparidae,Viviparus,georgianus,adult,1,0,1,,
SHS.HTL.2023.001,HI.HTL.2023.261,,Hirudinea,Piscicolidae,,,adult,1,0,1,,
SHS.HTL.2023.001,OD.HTL.2023.262,,Odonata,coenagrionidae,"Anomalagrion, Ishnura",,larval,1,0,1,,
SHS.HTL.2023.002,EP.HTL.2023.263,,ephemeroptera,Heptageniidae,Stenacron,,larval,1,0,1,,
SHS.HTL.2023.002,EP.HTL.2023.264,,ephemeroptera,Heptageniidae,Stenacron,,larval,1,0,1,,
SHS.HTL.2023.002,EP.HTL.2023.265,,ephemeroptera,Heptageniidae,Stenacron,,larval,1,0,1,,
SHS.HTL.2023.002,EP.HTL.2023.266,,ephemeroptera,Heptageniidae,Stenacron,,larval,1,0,1,,
SHS.HTL.2023.002,EP.HTL.2023.267,,ephemeroptera,Heptageniidae,Stenacron,,larval,6,0,6,,
SHS.HTL.2023.002,EP.HTL.2023.268,,ephemeroptera,Heptageniidae,Stenacron,,larval,6,0,6,,
SHS.HTL.2023.002,EP.HTL.2023.269,,ephemeroptera,Heptageniidae,Stenacron,,larval,6,0,6,,
SHS.HTL.2023.002,NULL.DEGRADED,,ephemeroptera,Heptageniidae,Stenacron,,larval,7,0,0,extra individuals thrown out,
SHS.HTL.2023.002,NULL.DEGRADED,,Anura,unidentified,,,larval,2,0,2,unidentifiable and decomposing so tosse,
SHS.HTL.2023.002,HI.HTL.2023.270,,Hirudinea,Piscicolidae,,,larval,1,0,1,,
DPN.HTL.2023.003,OD.HTL.2023.271,,Odonata,Gomphidae,Hagenius,,larval,1,0,1,,
DPN.HTL.2023.003,EP.HTL.2023.272,,ephemeroptera,Ephemeridae,Ephemera,,larval,1,0,1,,
DPN.HTL.2023.003,EP.HTL.2023.273,,ephemeroptera,Heptageniidae,Stenacron,,larval,1,0,1,,
DPN.HTL.2023.003,OD.HTL.2023.274,,Odonata,coenagrionidae,Enallagma,,larval,1,0,1,,
DPN.HTL.2023.003,OD.HTL.2023.275,,Odonata,coenagrionidae,Enallagma,,larval,1,0,1,,
DPN.HTL.2023.003,DI.HTL.2023.276,,Diptera,chironomidae,,,larval,1,0,1,,
DPN.HTL.2023.003,GA.HTL.2023.277,,Gastropoda ,Viviparidae,Cipangopaludina,chinensis ,adult,1,0,1,,
DPN.HTL.2023.003,EP.HTL.2023.278,,trichoptera,Polycentropodidae,Polycentropus,,larval,1,0,1,,
DPN.HTL.2023.003X,EP.HTL.2023.279,,ephemeroptera,Heptageniidae,Stenacron,,larval,1,0,1,,
DPN.HTL.2023.003X,EP.HTL.2023.280,,ephemeroptera,Heptageniidae,Stenacron,,larval,1,0,1,,
DPN.HTL.2023.003X,EP.HTL.2023.281,,ephemeroptera,Heptageniidae,Stenacron,,larval,1,0,1,,
DPN.HTL.2023.003X,EP.HTL.2023.282,,ephemeroptera,Heptageniidae,Stenacron,,larval,1,0,1,,
DPN.HTL.2023.003X,EP.HTL.2023.283,,ephemeroptera,Heptageniidae,Stenacron,,larval,4,0,4,,
DPN.HTL.2023.003X,EP.HTL.2023.284,,ephemeroptera,Heptageniidae,Stenacron,,larval,4,0,4,,
DPN.HTL.2023.003X,EP.HTL.2023.285,,ephemeroptera,Heptageniidae,Stenacron,,larval,5,0,5,,
DPN.HTL.2023.003X,TR.HTL.2023.286,,trichoptera,Polycentropodidae,Polycentropus,,larval,1,0,1,,
DPN.HTL.2023.003X,AM.HTL.2023.287,,Amphipoda ,Talitridae,Hyella,,larval,1,0,1,,
DPN.HTL.2023.004,OD.HTL.2023.288,,Odonata,Gomphidae,Gomphus,,larval,1,0,1,,
DPN.HTL.2023.004,OD.HTL.2023.289,,Odonata,Gomphidae,Gomphus,,larval,1,0,1,,
DPN.HTL.2023.004,OD.HTL.2023.290,,Odonata,Gomphidae,Gomphus,,larval,1,0,1,,
DPN.HTL.2023.004,OD.HTL.2023.291,,Odonata,Gomphidae,Gomphus,,larval,1,0,1,,
DPN.HTL.2023.004,OD.HTL.2023.292,,Odonata,Gomphidae,Gomphus,,larval,1,0,1,,
DPN.HTL.2023.004,OD.HTL.2023.293,,Odonata,Gomphidae,Gomphus,,larval,1,0,1,,
DPN.HTL.2023.004,HI.HTL.2023.294,,Hirudinea,Piscicolidae,,,larval,1,0,1,,
DPN.HTL.2023.004,HE.HTL.2023.295,,Hemiptera,Corixidae ,Palmacorixia,,larval,1,0,1,,
DPN.HTL.2023.004,AM.HTL.2023.296,,Amphipoda ,Talitridae,Hyella,,larval,1,0,1,,
DPN.HTL.2023.004,GA.HTL.2023.297,,Gastropoda ,Viviparidae,Cipangopaludina,chinensis ,adult,1,0,1,,
DPN.HTL.2023.004,GA.HTL.2023.298,,Gastropoda ,Viviparidae,Cipangopaludina,chinensis ,adult,1,0,1,,
DPN.HTL.2023.004,GA.HTL.2023.299,,Gastropoda ,Viviparidae,Cipangopaludina,chinensis ,adult,1,0,1,,
DPN.HTL.2023.004,GA.HTL.2023.300,,Gastropoda ,Viviparidae,Cipangopaludina,chinensis ,adult,1,0,1,,
DPN.HTL.2023.004,GA.HTL.2023.301,,Gastropoda ,Viviparidae,Cipangopaludina,chinensis ,adult,1,0,1,,
DPN.HTL.2023.004,GA.HTL.2023.302,,Gastropoda ,Viviparidae,Cipangopaludina,chinensis ,adult,1,0,1,,
DPN.HTL.2023.004,GA.HTL.2023.303,,Gastropoda ,Viviparidae,Cipangopaludina,chinensis ,adult,1,0,1,,
DPN.HTL.2023.005,OD.HTL.2023.304,,Odonata,Gomphidae,Gomphus,,larval,1,0,1,,
DPN.HTL.2023.005,OD.HTL.2023.305,,Odonata,Gomphidae,Gomphus,,larval,1,0,1,,
DPN.HTL.2023.005,OD.HTL.2023.306,,Odonata,Macromiidae,Didymops,,larval,1,0,1,,
DPN.HTL.2023.005,OD.HTL.2023.307,,Odonata,Gomphidae,Gomphus,,larval,1,0,1,,
DPN.HTL.2023.005,OD.HTL.2023.308,,Odonata,coenagrionidae,Enallagma,,larval,1,0,1,,
DPN.HTL.2023.005,OD.HTL.2023.309,,Odonata,coenagrionidae,Enallagma,,larval,1,0,1,,
DPN.HTL.2023.005,OD.HTL.2023.310,,Odonata,coenagrionidae,Enallagma,,larval,1,0,1,,
DPN.HTL.2023.005,OD.HTL.2023.311,,Odonata,coenagrionidae,Enallagma,,larval,1,0,1,,
DPN.HTL.2023.005,EP.HTL.2023.312,,ephemeroptera,Ephemerellidae,Eurylophella,,larval,1,0,1,,
DPN.HTL.2023.006,OD.HTL.2023.313,,Odonata,coenagrionidae,Enallagma,,larval,1,0,1,,
DPN.HTL.2023.006,OD.HTL.2023.314,,Odonata,coenagrionidae,Enallagma,,larval,1,0,1,,
DPN.HTL.2023.006,HI.HTL.2023.315,,Hirudinea,Piscicolidae,,,larval,2,0,2,,
DPN.HTL.2023.006,EP.HTL.2023.316,,ephemeroptera,Ephemerellidae,Eurylophella,,larval,1,0,1,,
DPN.HTL.2023.006,EP.HTL.2023.317,,ephemeroptera,Ephemerellidae,Eurylophella,,larval,1,0,1,,
DPN.HTL.2023.006,EP.HTL.2023.318,,ephemeroptera,Heptageniidae,Stenacron,,larval,1,0,1,emerging,
DPN.HTL.2023.006,EP.HTL.2023.319,,ephemeroptera,Heptageniidae,Stenacron,,larval,3,0,3,,
DPN.HTL.2023.006,EP.HTL.2023.320,,ephemeroptera,Heptageniidae,Stenacron,,larval,3,0,3,,
DPN.HTL.2023.004,GA.HTL.2023.321,,Gastropoda ,Viviparidae,Cipangopaludina,chinensis ,adult,1,0,1,,
DPN.HTL.2023.004,GA.HTL.2023.322,,Gastropoda ,Viviparidae,Cipangopaludina,chinensis ,adult,1,0,1,,
DPN.HTL.2023.004,NULL.DEGRADED,,Gastropoda ,Viviparidae,Cipangopaludina,chinensis ,adult,0,2,0,,
DPN.HTL.2023.004,NULL,,Gastropoda ,Viviparidae,Cipangopaludina,chinensis ,adult,0,1,0,voucher,
DPN.SEL.2023.001,OD.SEL.2023.323,,Odonata,Corduliidae,Tetragoneuria,,nymph,1,0,1,,
DPN.SEL.2023.001,OD.SEL.2023.324,,Odonata,Corduliidae,Tetragoneuria,,nymph,1,0,1,,
DPN.SEL.2023.001,OD.SEL.2023.325,,Odonata,Corduliidae,Tetragoneuria,,nymph,1,0,1,,
DPN.SEL.2023.001,OD.SEL.2023.326,,Odonata,Aeshnidae ,Basiaeschna,janata,nymph,1,0,1,,
DPN.SEL.2023.001,OD.SEL.2023.327,,Odonata,coenagrionidae,Enallagma,,nymph,1,0,1,,
DPN.SEL.2023.001,OD.SEL.2023.328,,Odonata,coenagrionidae,Enallagma,,nymph,1,0,1,,
DPN.SEL.2023.001,OD.SEL.2023.329,,Odonata,coenagrionidae,Enallagma,,nymph,1,0,1,,
DPN.SEL.2023.001,OD.SEL.2023.330,,Odonata,coenagrionidae,Enallagma,,nymph,1,0,1,,
DPN.SEL.2023.001,EP.SEL.2023.331,,ephemeroptera,Ephemerellidae,Eurylophella,,nymph,2,0,2,,
SHS.SEL.2023.001,EP.SEL.2023.332,,ephemeroptera,Heptageniidae,Stenonema,,nymph,1,0,1,,
SHS.SEL.2023.001,EP.SEL.2023.333,,ephemeroptera,Heptageniidae,Stenonema,,nymph,1,0,1,,
SHS.SEL.2023.001,EP.SEL.2023.334,,ephemeroptera,Heptageniidae,Stenonema,,nymph,1,0,1,,
SHS.SEL.2023.001,EP.SEL.2023.335,,ephemeroptera,Heptageniidae,Stenacron,,nymph,1,0,1,,
SHS.SEL.2023.001,EP.SEL.2023.336,,ephemeroptera,Heptageniidae,Stenacron,,nymph,1,0,1,,
SHS.SEL.2023.001,EP.SEL.2023.337,,ephemeroptera,Heptageniidae,Stenacron,,nymph,1,0,1,,
SHS.SEL.2023.001,EP.SEL.2023.338,,ephemeroptera,Heptageniidae,Stenacron,,nymph,1,0,1,,
SHS.SEL.2023.001,EP.SEL.2023.339,,ephemeroptera,Heptageniidae,Stenacron,,nymph,7,0,7,,
SHS.SEL.2023.001,OD.SEL.2023.340,,Odonata,Corduliidae,Tetragoneuria,,nymph,1,0,1,,
DPN.SEL.2023.002,OD.SEL.2023.341,,Odonata,coenagrionidae,Enallagma,,nymph,1,0,1,,
DPN.SEL.2023.002,EP.SEL.2023.342,,ephemeroptera,Heptageniidae,Stenacron,,nymph,1,0,1,,
DPN.SEL.2023.002,EP.SEL.2023.343,,ephemeroptera,Ephemerellidae,Eurylophella,,nymph,3,0,3,,
DPN.SEL.2023.002,OD.SEL.2023.344,,Odonata,Corduliidae,Helocurdulia,,nymph,1,0,1,,
DPN.SEL.2023.003,OD.SEL.2023.345,,Odonata,Corduliidae,Tetragoneuria,,nymph,1,0,1,,
DPN.SEL.2023.003,OD.SEL.2023.346,,Odonata,Gomphidae,Arigomphus,,nymph,1,0,1,,
DPN.SEL.2023.003,OD.SEL.2023.347,,Odonata,Gomphidae,Arigomphus,,nymph,1,0,1,,
SHS.SEL.2023.002,EP.SEL.2023.348,,ephemeroptera,Heptageniidae,Stenacron,,nymph,1,0,1,,
SHS.SEL.2023.002,EP.SEL.2023.349,,ephemeroptera,Heptageniidae,Stenacron,,nymph,1,0,1,,
SHS.SEL.2023.002,EP.SEL.2023.350,,ephemeroptera,Heptageniidae,Stenacron,,nymph,1,0,1,,
SHS.SEL.2023.002,EP.SEL.2023.351,,ephemeroptera,Heptageniidae,Stenacron,,nymph,3,0,3,,
SHS.SEL.2023.002,EP.SEL.2023.352,,ephemeroptera,Heptageniidae,Stenacron,,nymph,3,0,3,,
SHS.SEL.2023.002,CO.SEL.2023.353,,Coleoptera,Elmidae,,,adult,1,0,1,,
SHS.SEL.2023.003,EP.SEL.2023.354,,ephemeroptera,Heptageniidae,Stenacron,,nymph,3,0,3,,
SHS.SEL.2023.003,EP.SEL.2023.355,,ephemeroptera,Heptageniidae,Stenacron,,nymph,3,0,3,,
SHS.SEL.2023.003,EP.SEL.2023.356,,ephemeroptera,Heptageniidae,Stenacron,,nymph,3,0,3,,
SHS.SEL.2023.003,EP.SEL.2023.357,,ephemeroptera,Heptageniidae,Stenacron,,nymph,3,0,3,,
SHS.SEL.2023.003,EP.SEL.2023.358,,ephemeroptera,Heptageniidae,Stenacron,,nymph,6,0,3,,
SHS.SEL.2023.003,CO.SEL.2023.353,,Coleoptera,Elmidae,,,adult,1,0,1,combined with vial above to increase weight,
SHS.SEL.2023.003,TR.SEL.2023.359,,trichoptera,Polycentropodidae,,,nymph,1,0,1,,
SHS.SEL.2023.003,BI.SEL.2023.360,,Bivalvia,Unionidae,Eliptio,complanata,adult,1,0,1,,
SHS.ECL.2023.002,DI.ECL.2023.361,,Diptera,chironomidae,,,,5,0,5,,
SHS.ECL.2023.002,OD.ECL.2023.362,,Odonata,Aeshnidae ,Basiaeschna,janata,nymph,1,0,1,,
SHS.ECL.2023.002,OD.ECL.2023.363,,Odonata,Aeshnidae ,Aeshna,,nymph,1,0,1,,
SHS.ECL.2023.002,OD.ECL.2023.364,,Odonata,Aeshnidae ,Aeshna,,nymph,1,0,1,,
SHS.ECL.2023.002,OD.ECL.2023.365,,Odonata,Aeshnidae ,Aeshna,,nymph,1,0,1,,
SHS.ECL.2023.001,DI.ECL.2023.366,,Diptera,chironomidae,,,juvenile,6,0,6,,
SHS.ECL.2023.001,OD.ECL.2023.367,,Coleoptera,Gyrinidae,Gyrinus,,nymph,2,0,2,,
SHS.ECL.2023.001,OD.ECL.2023.368,,Odonata,Aeshnidae ,Aeshna,,nymph,1,0,1,,
SHS.ECL.2023.001,OD.ECL.2023.369,,Odonata,Libellulidae,Leucorrhinia,,nymph,1,0,1,,
SHS.ECL.2023.003,DI.ECL.2023.370,,Diptera,chironomidae,,,juvenile,2,0,2,removed gut,
SHS.ECL.2023.004,DI.ECL.2023.370,,Diptera,chironomidae,,,juvenile,3,0,2,"1 decayed, 2 added into the other isotope vial ",
DPN.ECL.2023.001,OD.ECL.2023.371,,Odonata,Libellulidae,Libellula,,nymph,1,0,1,,
DPN.ECL.2023.001,OD.ECL.2023.372,,Odonata,Libellulidae,Libellula,,nymph,1,0,1,dif species than libellula above - looks kinda decomposed,
DPN.ECL.2023.001,CO.ECL.2023.373,,Coleoptera,Dytiscidae,,,adult,1,0,1,,
DPN.ECL.2023.001,HE.ECL.2023.374,,Hemiptera,Notonectidae,Buenoa,,adult,5,0,4,1 looked decomposed ,
DPN.ECL.2023.001,NULL.DEGRADED,,UNIDENTIFIED,UNIDENTIFIED,,,juvenile,1,0,0,decomposed,
DPN.ECL.2023.002,DI.ECL.2023.370,,Diptera,chironomidae,,,juvenile,3,0,3,included in that other sample,
DPN.ECL.2023.002,OD.ECL.2023.375,,Odonata,Libellulidae,Leucorrhinia,,nymph,1,0,1,,
DPN.ECL.2023.002,HE.ECL.2023.376,,Hemiptera,Corixidae ,,,adult,1,0,1,,
DPN.ECL.2023.002,HE.ECL.2023.377,,Hemiptera,Notonectidae,Buenoa,,adult,6,0,6,,
DPN.ECL.2023.003,NULL.DEGRADED,,Odonata,Libellulidae,Libellula,,nymph,1,0,0,"totally degraded, same one as above that looks decayed",
DPN.ECL.2023.003,HE.ECL.2023.378,,Hemiptera,Notonectidae,Buenoa,,adult,1,0,1,,
DPN.ECL.2023.003,DI.ECL.2023.379,,Diptera,chironomidae,,,juvenile,3,0,3,,
DPN.ECL.2023.003,OD.ECL.2023.380,,Odonata,Libellulidae,Leucorrhinia,,nymph,2,0,2,,
DPN.ECL.2023.004,OD.ECL.2023.381,,Odonata,Aeshnidae ,Aeshna,,nymph,1,0,1,,
DPN.ECL.2023.004,OD.ECL.2023.382,,Odonata,Aeshnidae ,Aeshna,,nymph,1,0,1,,
DPN.ECL.2023.004,OD.ECL.2023.383,,Odonata,Libellulidae,Leucorrhinia,,nymph,1,0,1,,
DPN.ECL.2023.004,OD.ECL.2023.384,,Odonata,Libellulidae,Leucorrhinia,,nymph,1,0,1,,
SHS.MSL.2023.002,EP.MSL.2023.385,,ephemeroptera,Baetiscidae,Baetisca,,nymph,1,0,1,,
SHS.MSL.2023.002,EP.MSL.2023.386,,ephemeroptera,Baetiscidae,Baetisca,,nymph,1,0,1,,
SHS.MSL.2023.002,EP.MSL.2023.387,,ephemeroptera,Heptageniidae,Stenacron,,nymph,4,0,3,,
SHS.MSL.2023.002,EP.MSL.2023.388,,ephemeroptera,Heptageniidae,Stenacron,,nymph,3,0,3,,
SHS.MSL.2023.002,EP.MSL.2023.389,,ephemeroptera,Heptageniidae,Stenonema,,,1,0,1,,
SHS.MSL.2023.002,EP.MSL.2023.390,,ephemeroptera,Heptageniidae,Stenonema,,,1,0,1,,
SHS.MSL.2023.002,EP.MSL.2023.391,,ephemeroptera,Heptageniidae,Stenonema,,,1,0,1,,
SHS.MSL.2023.002,EP.MSL.2023.392,,ephemeroptera,Heptageniidae,Stenonema,,,1,0,1,,
SHS.MSL.2023.002,EP.MSL.2023.393,,ephemeroptera,Heptageniidae,Stenonema,,,1,0,1,,
SHS.MSL.2023.002,EP.MSL.2023.394,,ephemeroptera,Heptageniidae,Stenonema,,,3,0,3,,
SHS.MSL.2023.002,EP.MSL.2023.395,,ephemeroptera,Heptageniidae,Stenonema,,,4,0,4,,
SHS.MSL.2023.002,OD.MSL.2023.396,,Odonata,Aeshnidae ,Boyeria,,,1,0,1,,
SHS.MSL.2023.002,OD.MSL.2023.397,,Odonata,coenagrionidae,"Anomalagriron, Ischnura",,,1,0,1,,
SHS.MSL.2023.002,OD.MSL.2023.398,,Odonata,coenagrionidae,"Anomalagriron, Ischnura",,,1,0,1,,
SHS.MSL.2023.002,OD.MSL.2023.399,,Odonata,Corduliidae,Tetragoneuria,,,1,0,1,,
SHS.MSL.2023.002,AM.MSL.2023.400,,Amphipoda ,Talitridae,Hyella,,,1,0,1,,
SHS.MSL.2023.002,CO.MSL.2023.401,,Coleoptera,Elmidae,,,,1,0,1,,
SHS.MSL.2023.002,GA.MSL.2023.402,,Gastropoda ,Lymnaeidae,,,,1,0,1,,
DPN.MSL.2023.002,AM.MSL.2023.403,,Amphipoda ,Talitridae,Hyella,,,18,0,18,,
DPN.MSL.2023.002,OD.MSL.2023.404,,Odonata,coenagrionidae,"Anomalagriron, Ischnura",,,1,0,1,,
DPN.MSL.2023.002,OD.MSL.2023.405,,Odonata,Gomphidae,Gomphus,,,1,,,,
DPN.MSL.2023.002,OD.MSL.2023.406,,Odonata,Gomphidae,Gomphus,,,1,,,,
DPN.MSL.2023.002,OD.MSL.2023.407,,Odonata,Gomphidae,Gomphus,,,2,,,,
DPN.MSL.2023.002,TR.MSL.2023.408,,trichoptera,Leptoceridae,,,,1,0,1,,
SHS.LCL.2023.001,HE.LCL.2023.409,,Hemiptera,Nepidae,Nepa,,,1,0,1,,
SHS.LCL.2023.001,NULL.DEGRADED,,ephemeroptera,Caenidae,Caenis,,,1,0,0,Degraded and yucky,
DPN.LCL.2023.001,OD.LCL.2023.410,,Odonata,coenagrionidae,Enallgama,,,1,0,1,,
DPN.LCL.2023.001,OD.LCL.2023.411,,Odonata,coenagrionidae,Enallgama,,,1,0,1,,
DPN.LCL.2023.001,OD.LCL.2023.412,,Odonata,coenagrionidae,Enallgama,,,1,0,1,,
DPN.LCL.2023.001,OD.LCL.2023.413,,Odonata,coenagrionidae,Enallgama,,,1,0,1,,
DPN.LCL.2023.001,OD.LCL.2023.414,,Odonata,coenagrionidae,Enallgama,,,1,0,1,,
DPN.LCL.2023.001,OD.LCL.2023.415,,Odonata,coenagrionidae,Enallgama,,,6,0,6,,
DPN.LCL.2023.001,OD.LCL.2023.416,,Odonata,coenagrionidae,Enallgama,,,5,0,5,,
DPN.LCL.2023.001,OD.LCL.2023.417,,Odonata,coenagrionidae,Enallgama,,,5,0,5,,
DPN.LCL.2023.001,OD.LCL.2023.418,,Odonata,coenagrionidae,Enallgama,,,1,0,1,differet species ,
DPN.LCL.2023.001,NULL.DEGRADED,,ephemeroptera,Caenidae,Caenis,,,2,0,2,Degraded and yucky,
DPN.LCL.2023.001,HE.LCL.2023.419,,Hemiptera,Notonectidae,Buenoa,,adult,4,0,4,,
DPN.LCL.2023.003,OD.LCL.2023.420,,Odonata,coenagrionidae,Enallgama,,,1,0,1,,
DPN.LCL.2023.003,OD.LCL.2023.421,,Odonata,coenagrionidae,Enallgama,,,1,0,1,,
DPN.LCL.2023.003,OD.LCL.2023.422,,Odonata,coenagrionidae,Enallgama,,,1,0,1,,
DPN.LCL.2023.003,OD.LCL.2023.423,,Odonata,coenagrionidae,"Anomalagrion, Ischnura",,,1,0,1,,
DPN.LCL.2023.003,OD.LCL.2023.424,,Odonata,Aeshnidae ,Aeshna,,,1,0,1,,
DPN.LCL.2023.003,OD.LCL.2023.425,,Odonata,Libellulidae,Leucorrhinia,,,1,0,1,,
DPN.LCL.2023.003,OD.LCL.2023.426,,Odonata,Libellulidae,Leucorrhinia,,,1,0,1,,
DPN.LCL.2023.003,EP.LCL.2023.427,,ephemeroptera,Caenidae,Caenis,,,1,0,1,,
DPN.LCL.2023.003,HE.LCL.2023.428,,Hemiptera,Notonectidae,Notonecta,,,1,0,1,,
DPN.LCL.2023.002,HE.LCL.2023.429,,Hemiptera,Notonectidae,Buenoa,,,7,0,7,,
DPN.LCL.2023.002,HE.LCL.2023.430,,Hemiptera,Notonectidae,Buenoa,,,6,0,7,,
DPN.LCL.2023.002,EP.LCL.2023.427,,ephemeroptera,Caenidae,Caenis,,,1,0,1,mixed in with the other saple,
DPN.LCL.2023.002,HE.LCL.2023.431,,Hemiptera,Corixidae ,,,,3,0,3,,
DPN.LCL.2023.002,HE.LCL.2023.432,,Hemiptera,Corixidae ,,,,2,0,2,,
DPN.LCL.2023.002,OD.LCL.2023.433,,Odonata,coenagrionidae,Enallgama,,,1,0,1,,
DPN.LCL.2023.002,OD.LCL.2023.434,,Odonata,coenagrionidae,Enallgama,,,1,0,1,,
DPN.LCL.2023.002,OD.LCL.2023.435,,Odonata,coenagrionidae,Enallgama,,,1,0,1,,
DPN.LCL.2023.002,OD.LCL.2023.436,,Odonata,coenagrionidae,Enallgama,,,5,0,5,,
SHS.DTL.2023.002,EP.DTL.2023.437,,ephemeroptera,Heptageniidae,Stenonema,,,1,0,1,,
SHS.DTL.2023.002,EP.DTL.2023.438,,ephemeroptera,Heptageniidae,Stenonema,,,1,0,1,,
SHS.DTL.2023.002,EP.DTL.2023.439,,ephemeroptera,Heptageniidae,Stenonema,,,1,0,1,,
SHS.DTL.2023.002,EP.DTL.2023.440,,ephemeroptera,Heptageniidae,Stenonema,,,1,0,1,,
SHS.DTL.2023.002,EP.DTL.2023.441,,ephemeroptera,Heptageniidae,Stenonema,,,1,0,1,,
SHS.DTL.2023.002,EP.DTL.2023.442,,ephemeroptera,Heptageniidae,Stenonema,,,2,0,2,,
SHS.DTL.2023.002,EP.DTL.2023.443,,ephemeroptera,Heptageniidae,Stenonema,,,2,0,2,,
SHS.DTL.2023.002,EP.DTL.2023.444,,ephemeroptera,Heptageniidae,Stenonema,,,2,0,2,,
SHS.DTL.2023.002,EP.DTL.2023.445,,ephemeroptera,Heptageniidae,Stenonema,,,2,0,2,,
SHS.DTL.2023.002,CO.DTL.2023.446,,Coleoptera,Elmidae,Stenelmis,,,2,0,2,,
DPN.DTL.2023.002,TR.DTL.2023.447,,trichoptera,Limnephilidae,Platycentropus,,,1,0,1,,
DPN.DTL.2023.002,TR.DTL.2023.448,,trichoptera,Limnephilidae,Platycentropus,,  ,1,0,1,,
DPN.DTL.2023.002,CO.DTL.2023.449,,Coleoptera,Elmidae,Stenelmis,,,1,0,1,,
DPN.DTL.2023.002,AM.DTL.2023.450,,Amphipoda ,Talitridae,Hyella,,,1,0,1,,
DPN.DTL.2023.002,EP.DTL.2023.451,,ephemeroptera,Leptophlebiidae,Leptophlebia,,,1,0,1,,
DPN.DTL.2023.002,EP.DTL.2023.452,,ephemeroptera,Leptophlebiidae,Leptophlebia,,,2,0,2,,
DPN.DTL.2023.002,OD.DTL.2023.453,,Odonata,coenagrionidae,Enallgama,,,1,0,1,,
DPN.DTL.2023.002,OD.DTL.2023.454,,Odonata,coenagrionidae,Enallgama,,,1,0,1,,
DPN.DTL.2023.002,OD.DTL.2023.455,,Odonata,coenagrionidae,Enallgama,,,1,0,1,,
DPN.DTL.2023.002,OD.DTL.2023.456,,Odonata,coenagrionidae,Enallgama,,,1,0,1,,
DPN.DTL.2023.002,EP.DTL.2023.457,,ephemeroptera,Ephemerellidae,Eurylophella,,,1,0,1,,
DPN.DTL.2023.002,OD.DTL.2023.458,,Odonata,Gomphidae,Gomphus,,,1,0,1,,
DPN.DTL.2023.002,OD.DTL.2023.459,,Odonata,Gomphidae,Gomphus,,,1,0,1,,
DPN.DTL.2023.002,OD.DTL.2023.460,,Odonata,Macromiidae,Macromia,,,1,0,1,,
DPN.DTL.2023.002,OD.DTL.2023.461,,Odonata,Corduliidae,Tetragoneuria,,,1,0,1,,
DPN.DTL.2023.002,GA.DTL.2023.462,,Bivalvia,Sphaeriidae,,,,1,0,1,,
DPN.DTL.2023.004,EP.DTL.2023.463,,ephemeroptera,Heptageniidae,Stenonema,,,2,0,1,,
DPN.DTL.2023.004,TR.DTL.2023.464,,trichoptera,hydropsychidae,parapsyche,,,1,,1,,
DPN.DTL.2023.004,TR.DTL.2023.465,,trichoptera,hydropsychidae,parapsyche,,,1,,1,,
DPN.DTL.2023.004,TR.DTL.2023.466,,trichoptera,hydropsychidae,parapsyche,,,3,,3,,
DPN.DTL.2023.004,GA.DTL.2023.467,,Bivalvia,Sphaeriidae,,,,2,0,2,,
DPN.DTL.2023.004,DI.DTL.2023.468,,Diptera,chironomidae,,,,2,0,2,,
SHS.DTL.2023.004,EP.DTL.2023.469,,ephemeroptera,Heptageniidae,Stenonema,,,1,0,1,,
SHS.DTL.2023.004,TR.DTL.2023.470,,trichoptera,hydropsychidae,macrostemum,,,1,,1,,
SHS.DTL.2023.004,TR.DTL.2023.471,,trichoptera,hydropsychidae,macrostemum,,,1,,1,,
SHS.DTL.2023.004,TR.DTL.2023.472,,trichoptera,hydropsychidae,macrostemum,,,1,,1,,
SHS.DTL.2023.004,TR.DTL.2023.473,,trichoptera,hydropsychidae,macrostemum,,,1,,1,,
SHS.DTL.2023.004,TR.DTL.2023.474,,trichoptera,hydropsychidae,macrostemum,,,5,,5,,
SHS.DTL.2023.004,TR.DTL.2023.475,,trichoptera,hydropsychidae,parapsyche,,,1,,1,,
SHS.DTL.2023.004,NULL.DEGRADED,,plecoptera,unidentified,,,,1,0,1,broken down and very very tiny,
SHS.DTL.2023.001,OD.DTL.2023.476,,Odonata,aeshnidae,boyeria,,,1,0,1,,
SHS.DTL.2023.001,OD.DTL.2023.477,,Odonata,coenagrionidae,Enallgama,,,1,0,1,,
SHS.DTL.2023.001,GA.DTL.2023.478,,Gastropoda ,Lymnaeidae,,,,2,0,2,,
SHS.DTL.2023.001,TR.DTL.2023.479,,trichoptera,limnephilidae,pycnopsyche,,,1,0,1,,
DPN.DTL.2023.001,OD.DTL.2023.480,,Odonata,coenagrionidae,Enallgama,,,1,0,1,,
DPN.DTL.2023.001,OD.DTL.2023.481,,Odonata,coenagrionidae,Enallgama,,,1,0,1,,
DPN.DTL.2023.001,OD.DTL.2023.482,,Odonata,coenagrionidae,Enallgama,,,1,0,1,,
DPN.DTL.2023.001,OD.DTL.2023.483,,Odonata,coenagrionidae,Enallgama,,,1,0,1,,
DPN.DTL.2023.001,OD.DTL.2023.484,,Odonata,coenagrionidae,Enallgama,,,1,0,1,,
DPN.DTL.2023.001,OD.DTL.2023.485,,Odonata,aeshnidae,boyeria,,,1,0,1,,
DPN.DTL.2023.001,OD.DTL.2023.486,,Odonata,Libellulidae,libellula,,,1,0,1,,
DPN.DTL.2023.001,OD.DTL.2023.487,,Odonata,Libellulidae,libellula,,,1,,1,,
DPN.DTL.2023.001,OD.DTL.2023.488,,Odonata,Gomphidae,agrgomphus,,,1,0,1,,
DPN.DTL.2023.001,AM.DTL.2023.489,,Amphipoda ,Talitridae,hyella,,,5,,5,,
DPN.DTL.2023.001,DI.DTL.2023.490,,Diptera,chironomidae,,,,2,,2,degraded but still tubed,
DPN.DTL.2023.001,EP.DTL.2023.491,,ephemeroptera,leptophlebiidae,choroterpes,,,1,0,1,,
DPN.DTL.2023.001,EP.DTL.2023.492,,ephemeroptera,degraded,,,,2,0,2,degraded but tubed I think baetidae but the filaments are all messed up,
DPN.DTL.2023.001,NULL,,coleoptera,haliplidae,,,,0,0,0,accidentally put down drain,
DPN.DTL.2023.003,EP.DTL.2023.493,,ephemeroptera,Heptageniidae,Stenonema,,,2,0,2,,
DPN.DTL.2023.003,OD.DTL.2023.494,,Odonata,aeshnidae,aeshna,,,1,0,1,,
DPN.DTL.2023.003,OD.DTL.2023.495,,Odonata,macromiidae,macromia,,,1,0,1,,
DPN.DTL.2023.003,OD.DTL.2023.496,,Odonata,macromiidae,macromia,,,1,0,1,,
DPN.DTL.2023.003,OD.DTL.2023.497,,Odonata,corduliidae,tetragoneuria,,,1,0,1,,
DPN.DTL.2023.003,HE.DTL.2023.498,,hemiptera,terrestrial,,,,1,0,1,,
SHS.DTL.2023.005,EP.DTL.2023.499,,ephemeroptera,Heptageniidae,Stenonema,,,1,0,1,,
SHS.DTL.2023.005,EP.DTL.2023.500,,ephemeroptera,Heptageniidae,Stenonema,,,1,0,1,,
SHS.DTL.2023.005,EP.DTL.2023.501,,ephemeroptera,Heptageniidae,Stenonema,,,1,0,1,,
SHS.MSL.2023.003,EP.MSL.2023.502,,ephemeroptera,Heptageniidae,Stenonema,,,1,0,1,,
SHS.MSL.2023.003,EP.MSL.2023.503,,ephemeroptera,Ephemerellidae,Eurylophella,,larval,1,0,1,,
SHS.MSL.2023.003,GA.MSL.2023.504,,Gastropoda ,Lymnaeidae,,,,6,0,6,,
SHS.MSL.2023.003,GA.MSL.2023.505,,Gastropoda ,planorbidae,,,,1,0,1,,
SHS.MSL.2023.003,AM.MSL.2023.506,,Amphipoda ,Talitridae,hyella,,,2,0,2,,
DPN.MSL.2023.003,EP.MSL.2023.507,,ephemeroptera,Baetiscidae,Baetisca,,,1,0,1,,
DPN.MSL.2023.003,CO.MSL.2023.508,,coleoptera,haliplidae,peltodytes,,,1,0,1,,
DPN.MSL.2023.003,EP.MSL.2023.509,,ephemeroptera,leptophlebiidae,leptophlebia,,,2,0,2,,
DPN.MSL.2023.003,AM.MSL.2023.510,,Amphipoda ,Talitridae,hyella,,,6,,6,,
DPN.MSL.2023.003,GA.MSL.2023.511,,Gastropoda ,planorbidae,,,,1,0,1,,
DPN.MSL.2023.003,GA.MSL.2023.512,,Gastropoda ,planorbidae,,,,1,0,1,,
DPN.MSL.2023.003,GA.MSL.2023.513,,Gastropoda ,Viviparidae,Cipangopaludina,chinensis,,1,0,1,,
DPN.MSL.2023.003,MO.MSL.2023.514,,Bivalvia,Sphaeriidae,,,,2,0,2,,
DPN.MSL.2023.003,OD.MSL.2023.515,,Odonata,coenagrionidae,Enallgama,,,1,0,1,,
DPN.MSL.2023.003,OD.MSL.2023.516,,Odonata,coenagrionidae,Enallgama,,,2,0,2,,
DPN.MSL.2023.003,OD.MSL.2023.517,,Odonata,Gomphidae,gomphus,,,1,0,1,,
DPN.MSL.2023.003,OD.MSL.2023.518,,Odonata,Gomphidae,gomphus,,,1,0,1,,
DPN.MSL.2023.003,OD.MSL.2023.519,,Odonata,Gomphidae,gomphus,,,1,0,1,,
DPN.MSL.2023.003,OD.MSL.2023.520,,Odonata,Gomphidae,gomphus,,,1,0,1,,
SHS.MSL.2023.005,,,Gastropoda ,Lymnaeidae,,,,2,0,0,combined into othe sample,
SHS.MSL.2023.004,OD.MSL.2023.521,,Odonata,aeshnidae,aeshna,,,1,,1,,
SHS.MSL.2023.004,EP.MSL.2023.522,,ephemeroptera,Heptageniidae,Stenacron,,,1,0,1,,
SHS.MSL.2023.004,EP.MSL.2023.523,,ephemeroptera,leptophlebiidae,unidentified,,,1,0,1,gills degraded,
SHS.MSL.2023.004,AM.MSL.2023.524,,Amphipoda ,Talitridae,hyella,,,1,0,1,,
SHS.MSL.2023.004,GA.MSL.2023.525,,Gastropoda ,Viviparidae,Cipangopaludina,chinensis,,7,,7,,
DPN.MSL.2023.004,GA.MSL.2023.526,,Gastropoda ,Viviparidae,Cipangopaludina,chinensis,,1,,,,
DPN.MSL.2023.004,GA.MSL.2023.527,,Gastropoda ,Viviparidae,Cipangopaludina,chinensis,,1,,,,
DPN.MSL.2023.004,GA.MSL.2023.528,,Gastropoda ,Viviparidae,Cipangopaludina,chinensis,,1,,,,
DPN.MSL.2023.004,GA.MSL.2023.529,,Gastropoda ,Viviparidae,Cipangopaludina,chinensis,,1,,,,
DPN.MSL.2023.004,GA.MSL.2023.530,,Gastropoda ,Viviparidae,Cipangopaludina,chinensis,,1,,,,
DPN.MSL.2023.004,OD.MSL.2023.531,,Odonata,Gomphidae,gomphus,,,2,0,1,one degraded,
DPN.MSL.2023.004,OD.MSL.2023.532,,Odonata,Gomphidae,gomphus,,,1,,1,,
DPN.MSL.2023.004,OD.MSL.2023.533,,Odonata,Gomphidae,gomphus,,,1,,1,,
DPN.MSL.2023.004,EP.MSL.2023.534,,ephemeroptera,caenidae,caenis,,,9,,9,,
DPN.MSL.2023.004,EP.MSL.2023.535,,ephemeroptera,caenidae,caenis,,,9,,9,,
DPN.MSL.2023.004,EP.MSL.2023.536,,ephemeroptera,caenidae,caenis,,,13,,9,,
DPN.MSL.2023.004,AM.MSL.2023.537,,Amphipoda ,Talitridae,hyella,,,5,,5,,
DPN.MSL.2023.004,OD.MSL.2023.538,,Odonata,Gomphidae,hagenius,,,1,0,1,,
DPN.MSL.2023.004,OD.MSL.2023.539,,Odonata,coenagrionidae,Enallgama,,,1,0,1,,
DPN.MSL.2023.004,OD.MSL.2023.540,,Odonata,coenagrionidae,Enallgama,,,1,0,1,,
DPN.MSL.2023.004,OD.MSL.2023.541,,Odonata,coenagrionidae,Enallgama,,,1,0,1,,
DPN.MSL.2023.004,OD.MSL.2023.542,,Odonata,Gomphidae,arigomphus,,,1,0,1,,
DPN.MSL.2023.004,NULL.DEGRADED,,ephemeroptera,leptophlebiidae,leptophlebia,,,1,0,0,degraded,
DPN.MSL.2023.004,MO.MSL.2023.543,,Bivalvia,Sphaeriidae,unidentified,,,7,,6,,
DPN.MSL.2023.004,MO.MSL.2023.544,,Bivalvia,Sphaeriidae,unidentified,,,1,,1,,
DPN.MSL.2023.004,GA.MSL.2023.545,,Gastropoda ,Viviparidae,Cipangopaludina,,,13,,13,,
DPN.MSL.2023.004,OD.MSL.2023.546,,Odonata,Libellulidae,Celithemis,,,1,0,1,,
DPN.MSL.2023.004,OD.MSL.2023.547,,Odonata,Corduliidae,Tetragoneuria,,,1,0,1,,
DPN.MSL.2023.004,OD.MSL.2023.548,,Odonata,Libellulidae,Libellula,,,1,0,1,,
SHS.MSL.2023.006,OD.MSL.2023.549,,Odonata,coenagrionidae,Argia,,,1,0,1,,
SHS.MSL.2023.006,GA.MSL.2023.550,,Gastropoda ,Viviparidae,Cipangopaludina,Chinenensis,,1,0,1,,
SHS.MSL.2023.006,GA.MSL.2023.551,,Gastropoda ,Viviparidae,Cipangopaludina,Chinenensis,,1,0,1,,
SHS.MSL.2023.006,GA.MSL.2023.552,,Gastropoda ,Viviparidae,Cipangopaludina,Chinenensis,,2,0,2,,
DPN.MSL.2023.005,AM.MSL.2023.553,,Amphipoda ,Talitridae,hyella,,,1,0,1,,
DPN.MSL.2023.005,NULL.DEGRADED,,Diptera,chironomidae,,,,1,0,0,falling apart,
DPN.MSL.2023.005,NULL.DEGRADED,,ephemeroptera,caenidae,caenis,,,1,0,0,degraded and small,
DPN.MSL.2023.005,EP.MSL.2023..554,,Amphipoda ,Talitridae,hyella,,,2,0,1,one not in good shape,
DPN.MSL.2023.005,OD.MSL.2023.555,,Odonata,coenagrionidae,Argia,,,1,0,1,,
DPN.MSL.2023.005,OD.MSL.2023.556,,Odonata,Libellulidae,Libellula,,,1,0,1,,
DPN.MSL.2023.005,OD.MSL.2023.557,,Odonata,coenagrionidae,Enallgama,,,1,0,1,,
DPN.MSL.2023.006,OD.MSL.2023.558,,Odonata,coenagrionidae,Enallgama,,,1,0,1,,
DPN.MSL.2023.007,OD.MSL.2023.559,,Odonata,Gomphidae,hagenius,,,1,,1,,
DPN.MSL.2023.007,OD.MSL.2023.560,,Odonata,Gomphidae,Arigomphus,,,1,0,1,,
DPN.MSL.2023.007,OD.MSL.2023.561,,Odonata,Gomphidae,Arigomphus,,,1,0,1,,
DPN.MSL.2023.007,OD.MSL.2023.562,,Odonata,Gomphidae,Arigomphus,,,1,0,1,,
DPN.MSL.2023.007,OD.MSL.2023.563,,Odonata,Gomphidae,Arigomphus,,,1,0,1,,
DPN.MSL.2023.007,OD.MSL.2023.564,,Odonata,Gomphidae,Arigomphus,,,1,0,1,,
DPN.MSL.2023.007,OD.MSL.2023.565,,Odonata,Aeshnidae,Boyeria,,,1,0,1,,
SHS.MSL.2023.007,EP.MSL.2023.566,,Ephemeroptera,Heptageniidae,Stenonema,,,1,0,1,,
DPN.MSL.2023.008,EP.MSL.2023.567,,Ephemeroptera,Heptageniidae,Stenonema,,,4,0,4,sort of degraded,
DPN.MSL.2023.008,OD.MSL.2023.568,,Amphipoda ,Talitridae,hyella,,,2,0,2,,
DPN.MSL.2023.008,OD.MSL.2023.569,,Odonata,coenagrionidae,Enallgama,,,2,0,2,,
DPN.MSL.2023.008,OD.MSL.2023.570,,Odonata,coenagrionidae,Enallgama,,,2,0,2,,
DPN.MSL.2023.008,OD.MSL.2023.571,,Odonata,coenagrionidae,Enallgama,,,2,0,2,,
DPN.MSL.2023.008,OD.MSL.2023.572,,Odonata,coenagrionidae,Enallgama,,,2,0,2,,
DPN.MSL.2023.008,OD.MSL.2023.573,,Odonata,coenagrionidae,Enallgama,,,2,0,2,,
DPN.MSL.2023.008,OD.MSL.2023.574,,Odonata,Corduliidae,Tetragoneuria,,,1,0,1,,
DPN.MSL.2023.008,OD.MSL.2023.575,,Odonata,Libellulidae,Libellula,,,1,0,1,,
DPN.MSL.2023.008,OD.MSL.2023.576,,Odonata,Corduliidae,Tetragoneuria,,,1,0,1,,
DPN.MSL.2023.008,NULL.DEGRADED,,Odonata,unidentified,unidentified,,,1,0,1,half and disinigrated,
DPN.MSL.2023.008,OD.MSL.2023.577,,Odonata,Libellulidae,Leucorrhinia,,,1,0,1,,
DPN.MSL.2023.008,OD.MSL.2023.578,,Odonata,Libellulidae,Tetragoneuria,,,1,0,1,,
DPN.MSL.2023.008,OD.MSL.2023.579,,Trichoptera,Polycentropodidae,,,,1,0,1,degraded,
SHS.MSL.2023.008,EP.MSL.2023.580,,Ephemeroptera,Heptageniidae,Stenonema,,,1,0,1,,
SHS.MSL.2023.008,EP.MSL.2023.581,,Ephemeroptera,Heptageniidae,Stenonema,,,1,0,1,,
SHS.MSL.2023.008,EP.MSL.2023.582,,Ephemeroptera,Heptageniidae,Stenonema,,,1,0,1,,
SHS.MSL.2023.008,EP.MSL.2023.583,,Ephemeroptera,Heptageniidae,Stenonema,,,1,0,1,,
SHS.MSL.2023.008,EP.MSL.2023.584,,Ephemeroptera,Heptageniidae,Stenonema,,,1,0,1,,
SHS.MSL.2023.008,EP.MSL.2023.585,,Ephemeroptera,Heptageniidae,Stenonema,,,5,0,5,,
SHS.MSL.2023.008,EP.MSL.2023.586,,Ephemeroptera,Heptageniidae,Stenonema,,,8,0,8,,
SHS.MSL.2023.009,EP.MSL.2023.587,,Ephemeroptera,Heptageniidae,Stenonema,,,1,0,1,,
SHS.MSL.2023.009,EP.MSL.2023.588,,Ephemeroptera,Heptageniidae,Stenonema,,,1,0,1,,
SHS.MSL.2023.009,EP.MSL.2023.589,,Ephemeroptera,Heptageniidae,Stenonema,,,15,0,15,,
DPN.MSL.2023.009,OD.MSL.2023.590,,Odonata,Gomphidae,Hagenius,,,1,0,1,,
DPN.MSL.2023.009,OD.MSL.2023.591,,Odonata,Aeshnidae,Basiaeschna,,,1,0,1,,
DPN.MSL.2023.009,OD.MSL.2023.592,,Odonata,Aeshnidae,unidentified,,,1,0,1,missing head,
DPN.MSL.2023.009,NULL.DEGRADED,,Odonata,Gomphidae,unidentified,,,1,0,1,messed up,
DPN.MSL.2023.009,GA.MSL.2023.593,,Gastropoda ,Viviparidae,Cipangopaludina,Chinenensis,,1,0,1,,
DPN.MSL.2023.009,EP.MSL.2023.594,,Ephemeroptera,Baetiscidae,Baetisca,,,1,0,1,,
DPN.MSL.2023.009,NULL.DEGRADED,,Ephemeroptera,Heptageniidae,Stenonema,,,2,0,0,discarded,
DPN.MSL.2023.009,OD.MSL.2023.595,,Odonata,coenagrionidae,Enallgama,,,1,0,1,,
DPN.MSL.2023.009,OD.MSL.2023.596,,Odonata,coenagrionidae,Enallgama,,,1,0,1,,
DPN.MSL.2023.009,OD.MSL.2023.597,,Odonata,coenagrionidae,Enallgama,,,2,0,2,,
DPN.DTL.2023.005,OD.DTL.2023.598,,Odonata,coenagrionidae,Enallgama,,,2,0,2,,
DPN.DTL.2023.005,OD.DTL.2023.599,,Odonata,coenagrionidae,Enallgama,,,1,0,1,,
DPN.DTL.2023.005,OD.DTL.2023.600,,Odonata,coenagrionidae,Argia,,,1,0,1,,
DPN.DTL.2023.005,AM.DTL.2023.601,,Amphipoda ,Talitridae,Hyella,,,1,0,1,,
DPN.DTL.2023.005,NULL,,Odonata,Gomphidae,Arigomphus,,,1,0,0,lost,
DPN.DTL.2023.005,OD.DTL.2023.602,,Odonata,Libellulidae,Libellula,,,1,0,1,,
SHS.DTL.2023.007,OD.DTL.2023.603,,Odonata,Gomphidae,Arigomphus,,,1,0,1,,
SHS.DTL.2023.007,CO.DTL.2023.604,,Coleoptera,Elmidae,unidentified,,adult,1,0,1,,
SHS.DTL.2023.007,AM.DTL.2023.605,,Amphipoda ,Talitridae,Hyella,,,1,0,1,,
SHS.DTL.2023.007,EP.DTL.2023.606,,Ephemeroptera,Heptageniidae,Stenonema,,,1,0,1,,
SHS.DTL.2023.007,EP.DTL.2023.607,,Ephemeroptera,Heptageniidae,Stenonema,,,1,0,1,,
SHS.DTL.2023.007,EP.DTL.2023.608,,Ephemeroptera,Heptageniidae,Stenonema,,,1,0,1,,
SHS.DTL.2023.007,EP.DTL.2023.609,,Ephemeroptera,Heptageniidae,Stenonema,,,1,0,1,,
SHS.DTL.2023.007,EP.DTL.2023.610,,Ephemeroptera,Heptageniidae,Stenonema,,,5,0,5,,
DPN.DTL.2023.006,OD.DTL.2023.611,,Odonata,Libellulidae,Libellula,,,1,0,1,,
DPN.DTL.2023.006,OD.DTL.2023.612,,Odonata,Libellulidae,Libellula,,,1,0,1,,
SHS.DTL.2023.006,CO.DTL.2023.613,,Coleoptera,Elmidae,,,larvae,2,0,2,,
SHS.DTL.2023.006,EP.DTL.2023.614,,Ephemeroptera,Heptageniidae,Stenonema,,,1,0,1,,
SHS.DTL.2023.006,EP.DTL.2023.615,,Ephemeroptera,Heptageniidae,Stenonema,,,3,0,1,,
DPN.DTL.2023.007,OD.DTL.2023.616,,Odonata,coenagrionidae,Enallgama,,,1,0,1,,
DPN.DTL.2023.007,OD.DTL.2023.617,,Odonata,coenagrionidae,Enallgama,,,1,0,1,,
DPN.DTL.2023.007,OD.DTL.2023.618,,Odonata,coenagrionidae,Enallgama,,,1,0,1,,
DPN.DTL.2023.007,OD.DTL.2023.619,,Odonata,coenagrionidae,Enallgama,,,1,0,1,,
DPN.DTL.2023.007,OD.DTL.2023.620,,Odonata,coenagrionidae,Enallgama,,,2,0,2,,
DPN.DTL.2023.007,OD.DTL.2023.621,,Odonata,Gomphidae,Arigomphus,,,1,0,1,,
DPN.DTL.2023.007,OD.DTL.2023.622,,Odonata,Gomphidae,Arigomphus,,,1,0,1,,
DPN.DTL.2023.007,OD.DTL.2023.623,,Odonata,Gomphidae,Arigomphus,,,1,0,1,,
DPN.DTL.2023.007,OD.DTL.2023.624,,Odonata,Gomphidae,Arigomphus,,,1,0,1,,
DPN.DTL.2023.007,OD.DTL.2023.625,,Odonata,Gomphidae,Arigomphus,,,1,0,1,,
DPN.DTL.2023.007,OD.DTL.2023.626,,Odonata,Gomphidae,Arigomphus,,,1,0,1,,
DPN.DTL.2023.007,EP.DTL.2023.627,,Ephemeroptera,Leptophlebiidae,Choroterpes,,,1,0,1,,
DPN.DTL.2023.007,OD.DTL.2023.628,,Odonata,Corduliidae,Tetragoneuria,,,1,0,1,,
DPN.DTL.2023.007,NULL.DEGRADED,,Diptera,chironomidae,,,,1,0,0,faded and small,
DPN.DTL.2023.008,OD.DTL.2023.629,,Odonata,Gomphidae,Arigomphus,,,1,0,1,,
DPN.DTL.2023.008,OD.DTL.2023.630,,Odonata,Corduliidae,Tetragoneuria,,,1,0,1,,
DPN.DTL.2023.008,OD.DTL.2023.631,,Odonata,Corduliidae,Tetragoneuria,,,1,0,1,,
DPN.DTL.2023.008,OD.DTL.2023.632,,Odonata,Corduliidae,Tetragoneuria,,,1,0,1,,
DPN.DTL.2023.008,OD.DTL.2023.633,,Odonata,coenagrionidae,Enallgama,,,2,0,2,,
DPN.DTL.2023.008,OD.DTL.2023.634,,Odonata,coenagrionidae,Enallgama,,,2,0,2,,
DPN.DTL.2023.008,OD.DTL.2023.635,,Odonata,coenagrionidae,Enallgama,,,1,0,1,,
DPN.DTL.2023.008,AM.DTL.2023.636,,Amphipoda ,Crangonyctidae,unidentified,,,1,0,1,,
SHS.DTL.2023.008,OD.DTL.2023.637,,Odonata,Corduliidae,Tetragoneuria,,,1,0,1,,
SHS.DTL.2023.008,ME.DTL.2023.638,,Megaloptera ,Sialidae,Sialis,,,1,0,1,,
SHS.DTL.2023.008,OD.DTL.2023.639,,Odonata,coenagrionidae,Enallgama,,,1,0,1,kinda yucky,
SHS.DTL.2023.008,EP.DTL.2023.640,,Ephemeroptera,Heptageniidae,Stenonema,,,4,0,4,kinda yucky,
SHS.DTL.2023.008,TR.DTL.2023.641,,trichoptera,Polycentropodidae,unidentified,,,2,0,2,kinda yucky,
SHS.DTL.2023.008,DI.DTL.2023.642,,Diptera,chironomidae,unidentified,,,1,0,1,,
DPN.HTL.2023.007,OD.HTL.2023.643,,Odonata,Gomphidae,Gomphus,,,1,0,1,slightly degraded,
DPN.HTL.2023.007,OD.HTL.2023.644,,Odonata,Aeshnidae,Basiaeschna,,,1,0,1,still never convinced if this is this or eremita,
DPN.HTL.2023.007,OD.HTL.2023.645,,Odonata,Gomphidae,Arigomphus,,,1,0,1,slightly degraded,
DPN.HTL.2023.007,AM.HTL.2023.646,,Amphipoda ,Talitridae,Hyella,,,1,0,2,added in one from sweep 2,
DPN.HTL.2023.007,NULL.DEGRADED,,Ephemeroptera,Leptophlebiidae,Chloroterpes,,,1,0,0,,
DPN.HTL.2023.007,EP.HTL.2023.647,,Ephemeroptera,Ephemeridae,Ephemera,,,1,0,1,,
DPN.HTL.2023.007,OD.HTL.2023.648,,Odonata,coenagrionidae,Enallgama,,,1,0,1,,
DPN.HTL.2023.007,OD.HTL.2023.649,,Odonata,coenagrionidae,Enallgama,,,1,0,1,,
DPN.HTL.2023.007,OD.HTL.2023.650,,Odonata,coenagrionidae,Enallgama,,,1,0,1,,
DPN.HTL.2023.007,TR.HTL.2023.651,,Trichoptera,Molanidae,Molanna,,,1,0,1,,
DPN.HTL.2023.007,NULL.DEGRADED,,Diptera,chironomidae,NA,,,1,0,0,yuck,
DPN.HTL.2023.008,OD.HTL.2023.652,,Odonata,coenagrionidae,Enallgama,,,2,0,2,,
DPN.HTL.2023.008,EP.HTL.2023.653,,Ephemeroptera,Leptophlebiidae,Leptophlebia,,,2,0,2,,
DPN.HTL.2023.008,AM.HTL.2023.654,,Amphipoda ,Talitridae,Hyella,,,4,0,3,moved one to sweep 1's vial to even out mass,
DPN.HTL.2023.008,OD.HTL.2023.655,,Odonata,Gomphidae,Gomphus,,,1,0,1,,
DPN.HTL.2023.008,OD.HTL.2023.656,,Odonata,Gomphidae,Gomphus,,,1,0,1,,
DPN.HTL.2023.008,OD.HTL.2023.657,,Odonata,Gomphidae,Arigomphus,,,1,0,1,,
DPN.HTL.2023.008,OD.HTL.2023.658,,Odonata,Libellulidae,Libellula,,,1,,1,,
DPN.HTL.2023.009,OD.HTL.2023.659,,Odonata,Aeshnidae,Basiaeschna,,,1,0,1,,
DPN.HTL.2023.009,OD.HTL.2023.660,,Odonata,Gomphidae,Gomphus,,,1,0,1,,
DPN.HTL.2023.009,EP.HTL.2023.661,,Ephemeroptera,Heptageniidae,Stenonema,,,2,0,2,,
DPN.HTL.2023.009,EP.HTL.2023.662,,Ephemeroptera,Heptageniidae,Stenonema,,,3,0,3,,
DPN.HTL.2023.010,EP.HTL.2023.663,,Ephemeroptera,Heptageniidae,Stenonema,,,2,0,2,,
DPN.HTL.2023.010,EP.HTL.2023.664,,Ephemeroptera,Heptageniidae,Stenonema,,,2,0,2,,
DPN.HTL.2023.010,EP.HTL.2023.665,,Ephemeroptera,Heptageniidae,Stenonema,,,3,0,3,,
SHS.HTL.2023.011,MA.HTL.2023.666,,Megaloptera ,Sialidae,Sialis,,,1,0,1,,
SHS.HTL.2023.011,OD.HTL.2023.667,,Odonata,coenagrionidae,Enallgama,,,1,0,1,,
SHS.HTL.2023.011,OD.HTL.2023.668,,Odonata,Aeshnidae,Boyeria,,,1,0,1,,
SHS.HTL.2023.011,OD.HTL.2023.669,,Odonata,coenagrionidae,Argia,,,1,0,1,,
SHS.HTL.2023.011,EP.HTL.2023.670,,Ephemeroptera,Heptageniidae,Stenonema,,,1,0,1,,
SHS.HTL.2023.011,EP.HTL.2023.671,,Ephemeroptera,Heptageniidae,Stenonema,,,3,0,3,degraded,
SHS.HTL.2023.011,EP.HTL.2023.672,,Ephemeroptera,Heptageniidae,Stenonema,,,3,0,3,degraded,
SHS.HTL.2023.011,TR.HTL.2023.673,,Trichoptera,Polycentropodidae,Nyctiophylax,,,1,0,1,,
SHS.HTL.2023.012,OD.HTL.2023.674,,Odonata,coenagrionidae,Argia,,,1,0,1,,
SHS.HTL.2023.012,DI.HTL.2023.675,,Diptera,chironomidae,NA,,,1,0,1,Degraded and small,
SHS.HTL.2023.012,AM.HTL.2023.676,,Amphipoda ,Talitridae,Hyella,,,1,0,1,,
SHS.HTL.2023.012,EP.HTL.2023.677,,Ephemeroptera,Heptageniidae,Stenonema,,,1,0,1,,
SHS.HTL.2023.012,EP.HTL.2023.678,,Ephemeroptera,Heptageniidae,Stenonema,,,1,0,1,,
SHS.HTL.2023.012,EP.HTL.2023.679,,Ephemeroptera,Heptageniidae,Stenonema,,,3,0,3,,
DPN.HTL.2023.014,OD.HTL.2023.680,,Odonata,Macromiidae,Macromia,,,1,0,1,,
DPN.HTL.2023.014,OD.HTL.2023.681,,Odonata,Aeshnidae,Boyeria,,,1,0,1,,
DPN.HTL.2023.014,OD.HTL.2023.682,,Odonata,Gomphidae,Gomphus,,,1,0,1,,
DPN.HTL.2023.014,OD.HTL.2023.683,,Odonata,Gomphidae,Gomphus,,,1,0,1,,
DPN.HTL.2023.014,OD.HTL.2023.684,,Odonata,Gomphidae,Gomphus,,,1,0,1,,
DPN.HTL.2023.014,OD.HTL.2023.685,,Odonata,Gomphidae,Gomphus,,,1,0,1,,
DPN.HTL.2023.014,OD.HTL.2023.686,,Odonata,Gomphidae,Gomphus,,,1,0,1,,
DPN.HTL.2023.014,OD.HTL.2023.687,,Odonata,coenagrionidae,Enallgama,,,1,0,1,,
DPN.HTL.2023.013,OD.HTL.2023.688,,Odonata,Gomphidae,Arigomphus,,,1,0,1,,
DPN.HTL.2023.013,OD.HTL.2023.689,,Odonata,Gomphidae,Arigomphus,,,1,0,1,,
DPN.HTL.2023.013,OD.HTL.2023.690,,Odonata,Gomphidae,Arigomphus,,,1,0,1,,
DPN.HTL.2023.013,OD.HTL.2023.691,,Odonata,Gomphidae,Ariogomphus,,,1,0,1,,
DPN.HTL.2023.013,OD.HTL.2023.692,,Odonata,Gomphidae,NA,,,1,,1,mixed up and can't get genus,
DPN.HTL.2023.013,OD.HTL.2023.693,,Odonata,Gomphidae,NA,,,1,,1,mixed up and can't get genus,
DPN.HTL.2023.013,OD.HTL.2023.694,,Odonata,Gomphidae,NA,,,1,0,1,mixed up and can't get genus,
DPN.HTL.2023.013,AM.HTL.2023.695,,Amphipoda ,Talitridae,Hyella,,,1,0,1,,
DPN.HTL.2023.013,CO.HTL.2023.696,,Coleoptera,Elmidae,NA,,,1,0,1,,
DPN.HTL.2023.013,OD.HTL.2023.697,,Odonata,coenagrionidae,Argia,,,1,0,1,,
DPN.HTL.2023.013,OD.HTL.2023.698,,Odonata,Libellulidae,Libellula,,,1,0,1,,
SHS.UCL.2023.007,OD.UCL.2023.699,,Odonata,Aeshnidae,Aeshna,,,1,0,1,,
SHS.UCL.2023.007,EP.UCL.2023.700,,Ephemeroptera,Heptageniidae,Stenonema,,,2,0,1,,
SHS.UCL.2023.007,EP.UCL.2023.701,,Ephemeroptera,Heptageniidae,Stenonema,,,2,0,1,,
SHS.UCL.2023.007,EP.UCL.2023.702,,Ephemeroptera,Heptageniidae,Stenonema,,,2,0,1,,
DPN.UCL.2023.003,OD.UCL.2023.703,,Odonata,Aeshnidae,Basiaeschna,,,1,0,1,,
DPN.UCL.2023.003,OD.UCL.2023.704,,Odonata,Aeshnidae,Aeshna,,,1,0,1,,
DPN.UCL.2023.003,DI.UCL.2023.705,,Diptera,chironomidae,NA,,,2,0,2,,
DPN.UCL.2023.004,OD.UCL.2023.706,,Odonata,Aeshnidae,Basiaeschna,,,1,0,1,,
DPN.UCL.2023.004,OD.UCL.2023.707,,Odonata,Macromiidae,Didymops,,,1,0,1,,
SHS.UCL.2023.008,OD.UCL.2023.708,,Odonata,Aeshnidae,Boyeria,,,1,0,1,,
SHS.UCL.2023.008,EP.UCL.2023.709,,Ephemeroptera,Heptageniidae,Stenonema,,,1,0,1,,
SHS.UCL.2023.008,EP.UCL.2023.710,,Ephemeroptera,Heptageniidae,Stenonema,,,2,0,2,,
SHS.UCL.2023.008,EP.UCL.2023.711,,Ephemeroptera,Heptageniidae,Stenonema,,,1,0,1,,
SHS.UCL.2023.008,EP.UCL.2023.712,,Ephemeroptera,Heptageniidae,Stenonema,,,1,0,1,,
SHS.UCL.2023.008,EP.UCL.2023.713,,Ephemeroptera,Heptageniidae,Stenonema,,,1,0,1,,
SHS.UCL.2023.009,NULL.DEGRADED,,Ephemeroptera,Heptageniidae,Stenonema,,,5,0,0,,
SHS.UCL.2023.009,EP.UCL.2023.714,,Ephemeroptera,Heptageniidae,Stenonema,,,1,0,1,,
SHS.UCL.2023.009,EP.UCL.2023.715,,Ephemeroptera,Heptageniidae,Stenonema,,,1,0,1,,
SHS.UCL.2023.009,EP.UCL.2023.716,,Ephemeroptera,Heptageniidae,Stenonema,,,1,0,1,,
SHS.UCL.2023.009,EP.UCL.2023.717,,Ephemeroptera,Heptageniidae,Stenonema,,,1,0,1,,
SHS.UCL.2023.009,EP.UCL.2023.718,,Ephemeroptera,Heptageniidae,Stenonema,,,1,0,1,,
SHS.UCL.2023.009,EP.UCL.2023.719,,Ephemeroptera,Heptageniidae,Stenonema,,,5,0,5,,
SHS.UCL.2023.009,EP.UCL.2023.720,,Ephemeroptera,Heptageniidae,Steracron,,,1,0,1,,
SHS.LCL.2023.002,DI.LCL.2023.721,,Diptera,chironomidae,NA,,,2,0,2,,
DPN.LCL.2023.004,OD.LCL.2023.722,,Odonata,Libellulidae,Leucorrhinia,,,1,0,1,,
DPN.LCL.2023.004,OD.LCL.2023.723,,Odonata,Aeshnidae,Boyeria,,,1,0,1,,
DPN.LCL.2023.004,OD.LCL.2023.724,,Odonata,Lestidae,Lestes,,,1,0,1,,
DPN.LCL.2023.004,OD.LCL.2023.725,,Odonata,coenagrionidae,Enallagma,,,1,0,1,,
DPN.LCL.2023.004,OD.LCL.2023.726,,Odonata,coenagrionidae,Enallagma,,,1,0,1,,
DPN.LCL.2023.004,OD.LCL.2023.727,,Odonata,coenagrionidae,Enallagma,,,1,0,1,,
DPN.LCL.2023.004,OD.LCL.2023.728,,Odonata,coenagrionidae,Enallagma,,,1,0,1,,
DPN.LCL.2023.004,OD.LCL.2023.729,,Odonata,coenagrionidae,Enallagma,,,1,0,1,,
DPN.LCL.2023.004,OD.LCL.2023.730,,Odonata,coenagrionidae,Enallagma,,,5,0,5,,
DPN.LCL.2023.004,OD.LCL.2023.731,,Odonata,coenagrionidae,Enallagma,,,4,0,4,,
DPN.LCL.2023.004,OD.LCL.2023.732,,Odonata,coenagrionidae,Enallagma,,,4,0,4,,
DPN.LCL.2023.004,OD.LCL.2023.733,,Odonata,coenagrionidae,Enallagma,,,4,0,4,,
DPN.LCL.2023.004,NULL.DEGRADED,,Ephemeroptera,Caenidae,Caenis,,,1,0,0,degraded,
DPN.LCL.2023.005,OD.LCL.2023.734,,Odonata,coenagrionidae,Enallagma,,,1,0,1,,
DPN.LCL.2023.005,OD.LCL.2023.735,,Odonata,coenagrionidae,Enallagma,,,1,0,1,,
DPN.LCL.2023.005,OD.LCL.2023.736,,Odonata,coenagrionidae,Enallagma,,,1,0,1,,
DPN.LCL.2023.005,OD.LCL.2023.737,,Odonata,coenagrionidae,Enallagma,,,1,0,1,,
DPN.LCL.2023.005,OD.LCL.2023.738,,Odonata,coenagrionidae,Enallagma,,,1,0,1,,
DPN.LCL.2023.005,OD.LCL.2023.739,,Odonata,coenagrionidae,Enallagma,,,4,0,4,,
DPN.LCL.2023.005,OD.LCL.2023.740,,Odonata,coenagrionidae,Enallagma,,,4,0,4,,
DPN.LCL.2023.005,OD.LCL.2023.741,,Odonata,coenagrionidae,Enallagma,,,4,0,4,,
DPN.LCL.2023.005,OD.LCL.2023.742,,Odonata,coenagrionidae,Enallagma,,,4,0,4,,
DPN.LCL.2023.005,OD.LCL.2023.743,,Odonata,coenagrionidae,Enallagma,,,4,0,3,,
DPN.LCL.2023.005,OD.LCL.2023.744,,Odonata,Aeshnidae,Basiaeschna,,,1,0,1,,
DPN.LCL.2023.005,OD.LCL.2023.745,,Odonata,Libellulidae,Libellula,,,1,0,1,,
DPN.LCL.2023.005,NULL.DEGRADED,,Ephemeroptera,Caenidae,Caenis,,,1,0,0,degraded,
DPN.ECL.2023.005,OD.ECL.2023.746,,Odonata,Libellulidae,Leucorrhinia,,,1,0,1,,
DPN.ECL.2023.005,OD.ECL.2023.747,,Odonata,Libellulidae,Leucorrhinia,,,1,0,1,,
DPN.ECL.2023.005,OD.ECL.2023.748,,Odonata,Libellulidae,Libellula,,,1,0,1,,
DPN.ECL.2023.005,OD.ECL.2023.749,,Odonata,Libellulidae,Libellula,,,1,0,1,,
DPN.ECL.2023.005,OD.ECL.2023.750,,Odonata,Libellulidae,Libellula,,,1,0,1,different species than above 2,
DPN.ECL.2023.005,HE.ECL.2023.751,,Hemiptera,Notonectidae,Buenoa,,,1,0,1,,
DPN.ECL.2023.005,HE.ECL.2023.752,,Hemiptera,Notonectidae,Notonecta,,,1,0,1,,
DPN.ECL.2023.005,HE.ECL.2023.753,,Hemiptera,Notonectidae,Buenoa,,,1,0,1,,
DPN.ECL.2023.005,HE.ECL.2023.754,,Hemiptera,Notonectidae,Buenoa,,,1,0,1,,
DPN.ECL.2023.005,HE.ECL.2023.755,,Hemiptera,Notonectidae,Buenoa,,,1,0,1,,
DPN.ECL.2023.005,HE.ECL.2023.756,,Hemiptera,Notonectidae,Buenoa,,,1,0,1,,
DPN.ECL.2023.005,HE.ECL.2023.757,,Hemiptera,Notonectidae,Buenoa,,,1,0,1,,
DPN.ECL.2023.005,HE.ECL.2023.758,,Hemiptera,Notonectidae,Buenoa,,,9,0,1,,
DPN.ECL.2023.006,OD.ECL.2023.759,,Odonata,Libellulidae,Leucorrhinia,,,1,0,1,,
DPN.ECL.2023.006,OD.ECL.2023.760,,Odonata,Libellulidae,Sympetrum,,,1,0,1,,
DPN.ECL.2023.006,OD.ECL.2023.761,,Odonata,Libellulidae,Libellula,,,1,0,1,,
DPN.ECL.2023.006,OD.ECL.2023.762,,Odonata,Libellulidae,Libellula,,,1,0,1,,
DPN.ECL.2023.007,TR.ECL.2023.763,,Trichoptera,Phryganeidae,Banksiola,,,1,0,1,,
DPN.ECL.2023.007,TR.ECL.2023.764,,Trichoptera,Phryganeidae,Banksiola,,,1,0,1,,
DPN.ECL.2023.007,TR.ECL.2023.765,,Trichoptera,Phryganeidae,Banksiola,,,2,1,1,,
DPN.ECL.2023.007,OD.ECL.2023.766,,Odonata,Libellulidae,Leucorrhinia,,,1,0,1,,
DPN.ECL.2023.007,OD.ECL.2023.767,,Odonata,Libellulidae,Libellula,,,1,0,1,,
DPN.ECL.2023.007,OD.ECL.2023.768,,Odonata,Corduliidae,Cordulia,,,1,0,1,,
DPN.ECL.2023.008,OD.ECL.2023.769,,Odonata,Libellulidae,Leucorrhinia,,,1,0,1,,
DPN.ECL.2023.008,OD.ECL.2023.770,,Odonata,Libellulidae,Leucorrhinia,,,1,0,1,,
DPN.ECL.2023.008,OD.ECL.2023.771,,Odonata,Aeshnidae,Aeshna,,,1,0,1,,
DPN.ECL.2023.008,OD.ECL.2023.772,,Odonata,Libellulidae,Libellula,,,1,0,1,,
DPN.ECL.2023.008,TR.ECL.2023.773,,Trichoptera,Phryganeidae,Banksiola,,,1,0,1,,
DPN.ECL.2023.008,TR.ECL.2023.774,,Trichoptera,Phryganeidae,Banksiola,,,1,0,1,,
DPN.ECL.2023.008,OD.ECL.2023.775,,Odonata,Libellulidae,Libellula,,,1,0,1,,
DPN.ECL.2023.008,OD.ECL.2023.776,,Odonata,Libellulidae,Libellula,,,1,0,1,,
DPN.ECL.2023.008,OD.ECL.2023.777,,Odonata,Libellulidae,Libellula,,,1,0,1,,
DPN.ECL.2023.008,OD.ECL.2023.778,,Odonata,Libellulidae,Libellula,,,1,0,1,,
DPN.ECL.2023.008,OD.ECL.2023.779,,Odonata,Libellulidae,Libellula,,,1,0,1,,
DPN.ECL.2023.008,OD.ECL.2023.780,,Odonata,Libellulidae,Libellula,,,1,0,1,,
SHS.ECL.2023.005,DI.ECL.2023.781,,Diptera,chironomidae,NA,,,1,0,1,,
SHS.ECL.2023.005,OD.ECL.2023.782,,Odonata,Aeshnidae,Aeshna,,,1,0,1,,
DPN.ECL.2023.005,DI.ECLC.2023.783,,Diptera,chironomidae,NA,,,1,0,1,,
SHS.SEL.2023.004,EP.SEL.2023.784,,Ephemeroptera,Heptageniidae,Stenonema,,,1,0,1,,
SHS.SEL.2023.004,EP.SEL.2023.785,,Ephemeroptera,Heptageniidae,Stenonema,,,1,0,1,,
SHS.SEL.2023.004,EP.SEL.2023.786,,Ephemeroptera,Heptageniidae,Stenonema,,,1,0,1,,
SHS.SEL.2023.004,EP.SEL.2023.787,,Ephemeroptera,Heptageniidae,Stenonema,,,1,0,1,,
SHS.SEL.2023.004,EP.SEL.2023.788,,Ephemeroptera,Heptageniidae,Stenonema,,,1,0,1,,
SHS.SEL.2023.004,EP.SEL.2023.789,,Ephemeroptera,Heptageniidae,Stenonema,,,1,0,1,,
SHS.SEL.2023.004,NULL DEGRADED,,Ephemeroptera,Heptageniidae,Steracron,,,1,0,0,degraded,
SHS.SEL.2023.004,OD.SEL.2023.791,,Odonata,coenagrionidae,Argia,,,1,0,1,,
DPN.SEL.2023.004,OD.SEL.2023.792,,Odonata,Macromiidae,Didymops,,,1,0,1,,
DPN.SEL.2023.004,OD.SEL.2023.793,,Odonata,Macromiidae,Macromia,,,1,0,1,,
DPN.SEL.2023.004,OD.SEL.2023.794,,Odonata,Macromiidae,Didymops,,,1,0,1,,
DPN.SEL.2023.004,OD.SEL.2023.795,,Odonata,Corduliidae,Tetragoneuria,,,1,0,1,,
DPN.SEL.2023.004,OD.SEL.2023.796,,Odonata,Gomphidae,Arigomphus,,,1,0,1,,
DPN.SEL.2023.004,OD.SEL.2023.797,,Odonata,Gomphidae,Arigomphus,,,1,0,1,,
DPN.SEL.2023.004,OD.SEL.2023.798,,Odonata,Gomphidae,Arigomphus,,,1,0,1,,
DPN.SEL.2023.004,OD.SEL.2023.799,,Odonata,Gomphidae,Arigomphus,,,1,0,1,,
DPN.SEL.2023.004,OD.SEL.2023.790,,Odonata,Gomphidae,Arigomphus,,,1,0,1,out of order,
SHS.SEL.2023.005,EP.SEL.2023.800,,Ephemeroptera,Heptageniidae,Stenonema,,,2,0,1,one degraded not run,
SHS.SEL.2023.005,EP.SEL.2023.801,,Ephemeroptera,Heptageniidae,Stenonema,,,1,0,1,,
SHS.SEL.2023.005,EP.SEL.2023.802,,Ephemeroptera,Heptageniidae,Stenonema,,,1,0,1,,
SHS.SEL.2023.005,EP.SEL.2023.803,,Ephemeroptera,Heptageniidae,Stenonema,,,1,0,1,,
SHS.SEL.2023.005,EP.SEL.2023.804,,Ephemeroptera,Heptageniidae,Stenonema,,,1,0,1,,
SHS.SEL.2023.005,NULL.DEGRADED,,Ephemeroptera,Heptageniidae,Stenacron,,,1,0,0,degraded and small not run,
DPN.SEL.2023.005,ME.SEL.2023.805,,Megaloptera ,Sialidae,Sialis,,,1,0,1,,
DPN.SEL.2023.005,TR.SEL.2023.807,,trichoptera,Polycentropodidae,Polycentropus,,larval,1,0,1,,
DPN.SEL.2023.006,OD.SEL.2023.808,,Odonata,Gomphidae,Hagenius,,,1,0,1,,
DPN.SEL.2023.006,OD.SEL.2023.809,,Odonata,Gomphidae,Arigomphus,,,1,0,1,,
DPN.SEL.2023.006,OD.SEL.2023.810,,Odonata,Corduliidae,Tetragoneuria,,,1,0,1,,
DPN.SEL.2023.006,OD.SEL.2023.811,,Odonata,Libellulidae,Libellula,,,1,0,1,,
DPN.SEL.2023.007,OD.SEL.2023.812,,Odonata,Gomphidae,Arigomphus,,,1,0,1,,
DPN.SEL.2023.008,OD.SEL.2023.813,,Odonata,Aeshnidae,Aeshna,,,1,0,1,,
DPN.SEL.2023.008,OD.SEL.2023.814,,Odonata,Libellulidae,Libellula,,,1,0,1,,
SHS.SEL.2023.006,EP.SEL.2023.815,,Ephemeroptera,Heptageniidae,Stenonema,,,1,0,1,,
SHS.SEL.2023.006,NULL.DEGRADED,,Ephemeroptera,Heptageniidae,NA,,,4,0,0,too degraded,
SHS.SEL.2023.006,EP.SEL.2023.817,,Ephemeroptera,Heptageniidae,Stenacron,,,1,0,1,,
SHS.SEL.2023.006,EP.SEL.2023.818,,Ephemeroptera,Heptageniidae,Stenacron,,,1,0,1,,
SHS.SEL.2023.006,EP.SEL.2023.819,,Ephemeroptera,Heptageniidae,Stenacron,,,1,0,1,,
SHS.SEL.2023.006,EP.SEL.2023.820,,Ephemeroptera,Heptageniidae,Stenacron,,,2,0,2,,
SHS.SEL.2023.007,NULL.DEGRADED,,Ephemeroptera,Heptageniidae,Stenacron,,,2,0,0,degraded,
SHS.SEL.2023.007,AM.SEL.2023.821,,Amphipoda ,Talitridae,Hyella,,,1,0,1,,
SHS.SEL.2023.007,EP.SEL.2023.822,,Ephemeroptera,Heptageniidae,Stenonema,,,1,0,1,,
SHS.SEL.2023.007,EP.SEL.2023.823,,Ephemeroptera,Heptageniidae,Stenonema,,,1,0,1,,
DPN.REL.2023.004,GA.REL.2023.824,,Gastropoda ,Planorbidae,Planorbella trivolvis,,,1,0,1,,
DPN.REL.2023.004,OD.REL.2023.825,,Odonata,coenagrionidae,Argia,,,1,0,1,,
DPN.REL.2023.004,OD.REL.2023.826,,Odonata,coenagrionidae,Enallagama,,,1,0,1,,
DPN.REL.2023.004,OD.REL.2023.827,,Odonata,coenagrionidae,Enallagama,,,1,0,1,,
DPN.REL.2023.004,AM.REL.2023.828,,Amphipoda ,Talitridae,Hyella,,,1,0,1,,
DPN.REL.2023.004,AM.REL.2023.829,,Amphipoda ,Talitridae,Hyella,,,1,0,1,,
DPN.REL.2023.004,AM.REL.2023.830,,Amphipoda ,Talitridae,Hyella,,,1,0,1,,
DPN.REL.2023.004,EP.REL.2023.831,,Ephemeroptera,Heptageniidae,,,,2,0,2,mixed up and can't et genus,
DPN.REL.2023.004,TR.REL.2023.832,,trichoptera,Polycentropodidae,Polycentropus,,larval,1,0,1,,
DPN.REL.2023.005,OD.REL.2023.833,,Odonata,Corduliidae,Tetragoneuria,,,1,0,1,,
DPN.REL.2023.005,GA.REL.2023.834,,Gastropoda ,Planorbidae,Planorbella,Campanulata,,1,0,1,,
DPN.REL.2023.005,EP.REL.2023.835,,Ephemeroptera,Heptageniidae,Stenonema,,,1,0,1,,
DPN.REL.2023.005,OD.REL.2023.836,,Odonata,coenagrionidae,Argia,,,1,0,1,,
DPN.REL.2023.005,OD.REL.2023.837,,Odonata,Aeshnidae,Basiaeshna,,,1,0,1,,
DPN.REL.2023.005,OD.REL.2023.838,,Odonata,Aeshnidae,NA,,,1,,1,,
DPN.REL.2023.005,OD.REL.2023.839,,Odonata,Gomphidae,NA,,,1,,1,,
SHS.REL.2023.005,GA.REL.2023.840,,Gastropoda ,Planorbidae,Planorbella trivolvis,,,1,0,,1,
SHS.REL.2023.005,GA.REL.2023.841,,Gastropoda ,Lymnaeidae,,,,2,0,2,,
SHS.REL.2023.005,AM.REL.2023.842,,Amphipoda ,Talitridae,Hyella,,,1,0,1,,
SHS.REL.2023.005,NULL.DEGRADED,,Ephemeroptera,Heptageniidae,Stenonema,,,1,0,0,degraded,
SHS.REL.2023.005,BI.REL.2023.843,,Bivalvia,Sphaeriidae,,,,1,0,1,,
SHS.REL.2023.005,BI.REL.2023.844,,Bivalvia,Sphaeriidae,,,,4,0,4,,
SHS.REL.2023.006,OD.REL.2023.845,,Odonata,coenagrionidae,Argia,,,1,0,1,,
SHS.REL.2023.006,GA.REL.2023.846,,Gastropoda ,Viviparidae,Cipangopaludina,chinensis ,adult,1,0,1,,
SHS.REL.2023.006,GA.REL.2023.847,,Gastropoda ,Lymnaeidae,,,,1,0,1,,
SHS.REL.2023.006,AM.REL.2023.848,,Amphipoda ,Talitridae,Hyella,,,2,0,2,,
SHS.REL.2023.006,EP.REL.2023.849,,Ephemeroptera,Heptageniidae,Stenonema,,,1,,1,,
SHS.REL.2023.006,EP.REL.2023.850,,Ephemeroptera,Heptageniidae,Stenonema,,,2,,2,degraded ish,
SHS.REL.2023.006,EP.REL.2023.851,,Ephemeroptera,Heptageniidae,Stenonema,,,1,,1,,
SHS.REL.2023.006,EP.REL.2023.852,,Ephemeroptera,Heptageniidae,Stenonema,,,1,,1,,
SHS.REL.2023.006,EP.REL.2023.853,,Ephemeroptera,Heptageniidae,Stenonema,,,1,,1,,
SHS.REL.2023.006,EP.REL.2023.854,,Ephemeroptera,Heptageniidae,Stenonema,,,4,,4,,
SHS.REL.2023.006,NULL.DEGRADED,,Ephemeroptera,Heptageniidae,Stenacron,,,2,0,0,yuck,
SHS.REL.2023.006,BI.REL.2023.855,,Bivalvia,Sphaeriidae,NA,,,3,0,3,,
DPN.REL.2023.007,OD.REL.2023.856,,Odonata,Libellulidae,Libellula,,,1,0,1,start new box,
DPN.REL.2023.007,OD.REL.2023.857,,Odonata,coenagrionidae,Enallagama,,,1,0,1,,
DPN.REL.2023.007,OD.REL.2023.858,,Odonata,coenagrionidae,Enallagama,,,1,0,1,,
DPN.REL.2023.007,OD.REL.2023.859,,Odonata,coenagrionidae,Enallagama,,,1,0,1,,
DPN.REL.2023.007,OD.REL.2023.860,,Odonata,coenagrionidae,Enallagama,,,1,0,1,,
DPN.REL.2023.007,OD.REL.2023.861,,Odonata,coenagrionidae,Enallagama,,,1,0,1,,
DPN.REL.2023.007,AM.REL.2023.862,,Amphipoda ,Talitridae,Hyella,,,3,0,3,,
DPN.REL.2023.008,OD.REL.2023.863,,Odonata,Libellulidae,Libellula,,,1,0,1,,
DPN.REL.2023.008,OD.REL.2023.864,,Odonata,Gomphidae,Arigomphus,,,1,0,1,,
DPN.REL.2023.008,OD.REL.2023.865,,Odonata,Gomphidae,Arigomphus,,,1,0,1,,
DPN.REL.2023.008,OD.REL.2023.866,,Odonata,Gomphidae,Arigomphus,,,1,0,1,,
SHS.REL.2023.007,OD.REL.2023.867,,Odonata,Aeshnidae,Aeshna,,,1,0,1,,
SHS.REL.2023.007,WORM.REL.2023.868,,Nematomorpha,unidentified,,,,1,0,1,large parasite in dragonfly,
SHS.REL.2023.007,OD.REL.2023.869,,Odonata,Aeshnidae,Basiaeshna,,,1,0,1,,
SHS.REL.2023.007,EP.REL.2023.870,,Ephemeroptera,Heptageniidae,Stenacron,,,7,0,5,2 degraded,
SHS.REL.2023.008,OD.REL.2023.871,,Odonata,coenagrionidae,Argia,,,1,0,1,,
SHS.REL.2023.008,OD.REL.2023.872,,Odonata,coenagrionidae,Argia,,,1,0,1,,
SHS.REL.2023.008,OD.REL.2023.873,,Odonata,coenagrionidae,Argia,,,1,0,1,,
SHS.REL.2023.008,AM.REL.2023.874,,Amphipoda ,Talitridae,Hyella,,,1,0,1,,
SHS.REL.2023.008,EP.REL.2023.875,,Ephemeroptera,Heptageniidae,Stenonema,,,1,0,1,,
SHS.REL.2023.008,EP.REL.2023.876,,Ephemeroptera,Heptageniidae,Stenonema,,,1,0,1,,
SHS.REL.2023.008,EP.REL.2023.877,,Ephemeroptera,Heptageniidae,Stenonema,,,1,0,1,,
SHS.REL.2023.008,EP.REL.2023.878,,Ephemeroptera,Heptageniidae,Stenonema,,,1,0,1,,
SHS.REL.2023.008,EP.REL.2023.879,,Ephemeroptera,Heptageniidae,Stenonema,,,2,0,2,,
SHS.REL.2023.008,EP.REL.2023.880,,Ephemeroptera,Heptageniidae,Stenonema,,,1,0,1,,
SHS.REL.2023.008,EP.REL.2023.881,,Ephemeroptera,Heptageniidae,Stenonema,,,7,0,5,,
SHS.REL.2023.008,NULL.DEGRADED,,Ephemeroptera,Heptageniidae,Stenacron,,,1,0,0,,
SHS.REL.2023.008,BI.REL.2023.882,,Bivalvia,Sphaeriidae,NA,,,1,0,1,?,
